,"Reviews with the words courier, delivery etc",Reviews with the word fast,Reviews with the word slow
13,kegunaannyaman dan hangat bahanmaterialhalus desaincukup menarik ya walaupun pengiriman agak telat tetapi sampai dengan aman tidak ada cacatrobek aku kasih bintang karena emang bagus barang nya,,
14,kegunaanselimut tidur bahanmateriallembut banget desainunik dan keren pengiriman cepat dan packingan nya bagus banget bahan nya lembut banget dan gak tipis juga gak tebal pokoknya enak di gunakan untuk tidur,"kegunaanselimut tidur
bahanmateriallembut banget
desainunik dan keren
pengiriman cepat dan packingan nya bagus banget
bahan nya lembut banget dan gak tipis juga gak tebal
pokoknya enak di gunakan untuk tidur",
17,bahanmaterialkain desaingood kegunaanselimut barang telah diterima kondisi barang mulus tanpa cacat dan sesuai diskripsi pengiriiman lebih cepat dari estimasi yg telah ditentukan packing rapi kurir ramah semoga sukses selalu,"bahanmaterialkain
desaingood
kegunaanselimut
barang telah diterima kondisi barang mulus tanpa cacat dan sesuai diskripsi pengiriiman lebih cepat dari estimasi yg telah ditentukan packing rapi kurir ramah semoga sukses selalu",
18,bahanmaterialsesuai harga desainbagus kegunaanuntuk menghangatkan dimalam hari dan disaat dingin bagus sesuai harga pesanan cepat diantarkan tq penjual dan kurir,"bahanmaterialsesuai harga
desainbagus
kegunaanuntuk menghangatkan dimalam hari dan disaat dingin
bagus sesuai harga pesanan cepat diantarkan tq penjual dan kurir",
19,bahanmateriallembut desainbagus kegunaanuntuk anak paketan sudah sampai sesuai dgn harganya untk anak kcil,,
20,bahanmateriallembut desainlumayan kegunaanselimut paketnya udh nyampepengiriman standar agak tipis dan kecil yah aku kira gede tp yah lumayan sesuai harga lah,,
23,bahanmaterialkain lembut desainbagus kegunaanuntuk selimut barang sudah sampai dengan selamat dan pengiriman nya pun sangat cepat barang sesuai orderan dan real pict terima kasih seller,"bahanmaterialkain lembut
desainbagus
kegunaanuntuk selimut
barang sudah sampai dengan selamat dan pengiriman nya pun sangat cepat barang sesuai orderan dan real pict
terima kasih seller",
29,terimakasih pesanan sudah saya terima pengirimannya cepatbarangnya lumayan walaupun tipis terimakasih seller,terimakasih pesanan sudah saya terima pengirimannya cepatbarangnya lumayan walaupun tipis terimakasih seller,
33,bahanmateriallumayan desainbaguss kegunaanselimut olshopnya amanah barangnya juga bagus sesuai dengan harga pengiriman juga cpt bisa buat langganan toplahhh,,
34,desainoke kegunaanuntuk tidur bahanmaterialhalus tpi agak tipis brangnya udh nympe sesuai sma gambar bgus sh dgn harga segitu mh bng kurir ny jga baik respon ny jga baik toko ny ok amanah,,
39,bahanmateriallembut desainoke kegunaanselimutan paket sudah diterima tp minta yg mouse dikirim yg rabbit tp gpp yg penting udah ada worth it dgn harga segtumakasih ya semuanya,,
40,bahanmaterialok desainlucu kegunaanok pengiriman okpacking rapikurir nya baikselimut nya ok untuk harga segitujahitan nya kurang rapiso far ok anak nya suka,,
51,bahanmaterialpolister desainwortel kegunaanselimut selimutnya halus banget harga terjangkau walaupun agak tipis ukuran pas sesuai gambar dan ternyata cepat juga sampainya walaupun dibilangnya kemungkinan agak telat karena banyaknya pesanan karena shopee terima kasih seller kurir nya,"bahanmaterialpolister
desainwortel
kegunaanselimut
selimutnya halus banget harga terjangkau walaupun agak tipis ukuran pas sesuai gambar dan ternyata cepat juga sampainya walaupun dibilangnya kemungkinan agak telat karena banyaknya pesanan karena shopee terima kasih seller kurir nya",
52,bahanmaterialtidak tau desainlembut kegunaanbuat selimutan mantaaap pengiriman cepat kemarin order td sudah d antr sma bang kurir respon seller juga ramah barang sesuai yg d pict selimut nya lembut pisaaan,"bahanmaterialtidak tau
desainlembut
kegunaanbuat selimutan
mantaaap pengiriman cepat kemarin order td sudah d antr sma bang kurir respon seller juga ramah barang sesuai yg d pict
selimut nya lembut pisaaan",
57,desainbagus kegunaanselimut bahanmateriallembut terimakasih paketnya sdh sampai packing aman dan tdk ada yg rusak seller amanah sesuai pesanan cepat respon dan suksesharganya murah,"desainbagus
kegunaanselimut
bahanmateriallembut
terimakasih paketnya sdh sampai packing aman dan tdk ada yg rusak seller amanah sesuai pesanan cepat respon dan suksesharganya murah",
58,bahanmateriallembut desainbaguss kegunaanserba bisa alhamdulillah udh sampe paketny lumayan cpt bgt si pengirimannya udh gitu bahannya juga lembut bgt dgn harga segitu gila sih bnr2 bagus,,
60,pengiriman cepat barang sesuai pesanan harga ok mutu ok terima kasih,"pengiriman cepat
barang sesuai pesanan
harga ok
mutu ok
terima kasih",
69,bahanmateriallembut desainstandar kegunaanbuat tidur enak kurir top kemasan sederhana bahan lembut barang sesuai pesanan tidak mengecewakan barang sesuai harga,,
73,desainbagus kegunaanlumayan bahanmateriallembut tipis tipis pengiriman cepat lumayan lahh,"desainbagus
kegunaanlumayan
bahanmateriallembut tipis
tipis pengiriman cepat lumayan lahh",
74,bahanmateriallembut ringan desaincute sesuai kegunaanmenghangatkan tubuh saat tidur paket sampai dengan selamat sudah ditunggutunggu dari kemarin dan sesuai ekspektasi lucu lembut ringan lumayan tipis semoga awet ya makasiih seller,,
75,bahanmaterialbulu halus desainbagus kegunaanuntuk menutup badan paketan sudah sampai bahan halus dan lembut motif sesuai pesanan terimakasih,,
77,udah sampe dong pengiriman cpt bgt suka pkonya,,
80,barang paket sudah di terima di tempat dengan kondisi baik pengiriman paket cepat semoga sukses selalu buat toko penjual semoga lancar usaha nya makasih ya,barang paket sudah di terima di tempat dengan kondisi baik pengiriman paket cepat semoga sukses selalu buat toko penjual semoga lancar usaha nya makasih ya,
81,bahanmaterialtipis desaingood kegunaanselimut tidur barang sesuai harga tapi lumayan dipake buat selimut pengiriman so good thankyou,,
84,bahanmateriallembut desainelegan kegunaanuntuk menyelimuti badan rekomended bahannya halus lembut nyaman di pake nggak nyesel pokoknya nggak cepet lepek juga mantep pol alhamdulillah tepat waktu kurirnya juga tanggep,,
90,bahanmaterialpolyester desainbagus kegunaanselimut baru pertama beli disini krn murah tipish sesuai harga ga besar sedang ukurany tp segini lumayan sih bahannya alus suka dan suka sma adminnya yg gercep pas barang gada lngsung chat diganti pengiriman jg cpt,,
93,bahanmateriallumayan desainbagus kegunaanbuat anget anget lumayan bagus dgn harga murah meriah cuma agak lama dipengiriman,,
97,produk bagus sesuai harga pengiriman cepat respon penjual baik,produk bagus sesuai harga pengiriman cepat respon penjual baik,
106,bahan nya agak tipis kirain tebal but oke lah ya thanks seller and kurir,,
113,barang sudah sampe pengiriman cepatbahan halus motif sesuai cuma tipis ja bahannya tp ok,barang sudah sampe pengiriman cepatbahan halus motif sesuai cuma tipis ja bahannya tp ok,
115,bahanmaterialbagus desainoky kegunaanbuat tidur terima kasih saler ini k dua kalinya laris terus buat tokonya trima kasih buat kurirnya baik pengiriman cepat hari itu pesan hari itu jg d kirim dn terima kasih sopee maju terus dn menghadirkar yg amanah dn terpercaya,"bahanmaterialbagus
desainoky
kegunaanbuat tidur
terima kasih saler ini k dua kalinya laris terus buat tokonya trima kasih buat kurirnya baik pengiriman cepat hari itu pesan hari itu jg d kirim dn terima kasih sopee maju terus dn menghadirkar yg amanah dn terpercaya",
117,cepat banget sampe nya walaupun cod pas banget d butuhkan cepat thx seller dan kurir,cepat banget sampe nya walaupun cod pas banget d butuhkan cepat thx seller dan kurir,
127,desainbagus kegunaankemulan bahanmateriallembut ku akui bahan lembut pengiriman cepat saya pesen muouse datengnya wortel ini real pas buka paket kaget niatnya mau berselimut mouse ehhhh,"desainbagus
kegunaankemulan
bahanmateriallembut
ku akui bahan lembut pengiriman cepat saya pesen muouse datengnya wortel ini real pas buka paket kaget niatnya mau berselimut mouse ehhhh",
134,bahanmaterialselimutnya tipis halus sih bahannya semoga pas cuci ga rontok ya paket sudah sampai dan sesuai dengan pesanan terima kasih,,
136,bahanmaterialtipis desainbagus kegunaansangat barang sesuai dengan harganya motif bagus pengiriman cepat pengepakan rapi ngak ada yg cacat,"bahanmaterialtipis
desainbagus
kegunaansangat
barang sesuai dengan harganya motif bagus pengiriman cepat pengepakan rapi ngak ada yg cacat",
139,kegunaanberguna bahanmateriallembut desainlumayan dengan harga segitu udah dapet selimut yang bagus sih bahannya lembut dan enak dipake pengemasan dan pengiriman juga oke aku ekspekt nyansih bakalan lebih lebar selimutnya tapi ternyata gak begitu lebar tapi overall suka thanks seller,,
140,bahanmateriallembut desainbagus kegunaanselimut pengiriman dan pengemasan cepat kualitas bagus seller ramah semoga awet aamiiin,"bahanmateriallembut
desainbagus
kegunaanselimut
pengiriman dan pengemasan cepat kualitas bagus seller ramah semoga awet aamiiin",
142,paket udah sampe alhamdulillah warna okee pengemasan juga rapi saya suka bakal jdi langganan nih terimakasih bnyak yaa seller,,
144,kualitas barang sesuai harga pengiriman cepat harga murah jgn berharap minta lebih produk lumayanlah walau tipis slimutnya its ok sukses utk sellernya,"kualitas barang sesuai harga
pengiriman cepat
harga murah jgn berharap minta lebih
produk lumayanlah
walau tipis slimutnya
its ok
sukses utk sellernya",
151,bahanmaterialtipis dan kecil desainlucu kegunaanselimut packing rapi pengiriman cepat namun tak sesuai dengan ekspektasi selimut tipis kecik persis selimut bayi bukan untuk dewasa,"bahanmaterialtipis dan kecil
desainlucu
kegunaanselimut
packing rapi pengiriman cepat namun tak sesuai dengan ekspektasi
selimut tipis kecik persis selimut bayi bukan untuk dewasa",
163,bahanmaterialhalus desainbagus kegunaanselimut makasih ya kaa kualitas baik pengiriman cepat,"bahanmaterialhalus
desainbagus
kegunaanselimut
makasih ya kaa
kualitas baik
pengiriman cepat",
182,bahanmaterialbaik desainbaik kegunaanbaik alhamdulillah pengiriman cepat sampai dengan aman pertama kali order di toko ini semoga bisa langganan,"bahanmaterialbaik
desainbaik
kegunaanbaik
alhamdulillah pengiriman cepat sampai dengan aman pertama kali order di toko ini semoga bisa langganan",
184,bahanmateriallembut ga panas pengiriman bcepat baik sukses terus aamiin,"bahanmateriallembut ga panas
pengiriman bcepat baik sukses terus aamiin",
187,bahanmateriallembut desaincantik kegunaanselimut paketnya udh nyampe maaf ga smpat d foto dan d video soalnya mamah langsung ngambil selimutnya,,
193,paket udh sampaipengemasan n pengiriman cptbgusq suka,,
202,paketan sudah di terima dan packingan nya sangat rapi dan mohon maaf tdk bs foto dlm nya karena pesanan saudara jd bsk baru ksh ke org nya tq ych seller atas pelayanan yang baik,,
209,kegunaanutk selimut bahanmateriallembut halus desainlucu pengiriman cepat kemasan rapih harga murah dan respon penjual bagus,"kegunaanutk selimut
bahanmateriallembut halus
desainlucu
pengiriman cepat kemasan rapih harga murah dan respon penjual bagus",
211,bahanmaterialbiasa desainlumayan kegunaanlumayan dengan hrg sgt ya lumayan aja lahtp tipis bgt klo menurut ku sih yapengiriman nya cepetlumayan buat di bawa pegi2 biar ga terlalu berat sih bawa selimut nya,,
213,kegunaannyaman bahanmateriallembut desainoke paketnya sudah saya trima selimutnya bahannya lembut n lumayan sayangny saya pesan pelangi kok malah bahannya juga tipis tpi lumayan lah dgn harga yg segitu,,
215,bahanmaterialsesuai harga desainlumayan kegunaanselimut agak kecewa sih karena motifnya tidak sesuai dgn yg dipesan dan ukurannya tidak terlalu besar tp pengirimannya lumayan cepat next order semoga dikbri dulu klo memang stok yg dipesan kosong dan lebih amanah lagi,"bahanmaterialsesuai harga
desainlumayan
kegunaanselimut
agak kecewa sih karena motifnya tidak sesuai dgn yg dipesan dan ukurannya tidak terlalu besar tp pengirimannya lumayan cepat next order semoga dikbri dulu klo memang stok yg dipesan kosong dan lebih amanah lagi",
216,kegunaanlumayan bahanmateriallumayan desaintipis tapi lembut paket sudah diterima paket tidak sesuai pesen variasi mouse yg datang putih bunga bunga untuk pengiriman cepat,"kegunaanlumayan
bahanmateriallumayan
desaintipis tapi lembut
paket sudah diterima paket tidak sesuai pesen variasi mouse yg datang putih bunga bunga untuk pengiriman cepat",
217,desainok kegunaanok bahanmaterialok terima kasih kk aku syuka warna nya kurir nya juga ramahsemoga bisa berlangganan kembali ya kkmakasih,,
220,tdk sesuai pesananpsan fish di kirim nya itupengiriman oktrima kasih mas kurir,,
223,barang nyampe dengan selamat pengiriman cepat semoga awet terima kasih gan,"barang nyampe dengan selamat pengiriman cepat semoga awet
terima kasih gan",
226,terima kasih paketnya datang sesuai estimasi harga produk baik,,
230,bahanmaterialbulu yg lembut gitu desainlucuu gemes suka bgt kak kegunaanas selimut lucu gemoy jd pengen ngoleksi warna lain nya hehe thank you ya seller kurir,,
234,bahanmaterialsesuai harga desainsesuai harga kegunaanwoke barangnya sesuai hargakain lembut buat kurir makasih,,
237,kegunaanbagus bahanmaterialbagus desainkeren rekomendet produk nya pengiriman cepat dan respon cepat,"kegunaanbagus
bahanmaterialbagus
desainkeren
rekomendet produk nya pengiriman cepat dan respon cepat",
240,produk sesuai dengan pemesanan dan pengiriman juga cepat mantap lah,produk sesuai dengan pemesanan dan pengiriman juga cepat mantap lah,
241,bahanmaterialbiasa barang keterima dengan baik kemasan rapih pengiriman barang cepat kurir ramah,"bahanmaterialbiasa
barang keterima dengan baik kemasan rapih pengiriman barang cepat kurir ramah",
250,bahanmateriallumayan desainstandar kegunaanuntuk selimut alhamdulillah barangnya sudah sampai pengiriman lumayan cepat dsarnya tidak begitu lembut standar banget kurir ramah,"bahanmateriallumayan
desainstandar
kegunaanuntuk selimut
alhamdulillah barangnya sudah sampai pengiriman lumayan cepat dsarnya tidak begitu lembut standar banget kurir ramah",
255,bahanmaterialbagus desainbagus kegunaanuntuk menyelimuti anggota tubuh alhamdulillah paket selimut q sudah datang bagus bgd mksh sellershopee sukses selalu,,
256,bahanmaterialbiasa desainbiasa kegunaanselimut respon penjual bagus bahannya agak tipis dan pengirimannya sangat lama,,
259,bahanmaterialbulu halus desainsimple kegunaanmenghangatkan warna yg dipesan gak ada tpi seller komfirm kok sayangnya ank gk suka warnanya tpi okelah ntar klo restok beli lagi yg sesuai proses pengiriman super expres,,
283,bahanmaterialhalus allhmdllh barang sdh sampaipengiriman sangat cepat maaf ya kasih bintang soalnya ada yang sobek tolong di teliti lagi ya,"bahanmaterialhalus
allhmdllh barang sdh sampaipengiriman sangat cepat maaf ya kasih bintang soalnya ada yang sobek tolong di teliti lagi ya",
284,bahanmaterialsesuai harga desainbagus kegunaanselimut tidur pengiriman cepat,"bahanmaterialsesuai harga
desainbagus
kegunaanselimut tidur
pengiriman cepat",
297,desainbagus realpict kegunaancukup untuk satu orang bahanmaterialtipis dan bulunya kurang tebal agak sedih ternyata selimut nya setipis ini tapi untuk harga segini bahan motif dan ukuran sudah sesuai pengiriman dan juga aman,,
299,bahanmaterialbahan lembut desainmenarik kegunaanmemberikan kehangatan suka alhamdulillah bagus l umaayan untuk harga segitu kurir ramah mksh byk ya seller,,
300,bahanmaterialbagus bangat desainok kegunaanlembut sekali terima kasih paketnya sudah sampai bahannya bagus dan lembut pokonya oke bngat,,
304,bahanmateriallumayan sesuai harga desainok kegunaanmenghangatkn terimakasih paket sudah di terima sesuai pesanan,,
305,bahanmateriallumayan desainbagus kegunaanlumayan barang sudah diterima sesuai pesanan pengemasan dan pengiriman standart motif bagus sesuai gambar size cukup untuk org saja bahan lembut tidak tebal jg tdk terlalu tipis ya sesuai dengan harganya,,
306,alhamdulillahbagus lembut warna ny jg cantikmaaf video ny gk sesuai krn udh d bungkus buat kadomksh shopee seller dan kurir yg ramah,,
311,kualitas barangnya bagus pengiriman barang lumayan cepatproduk original,kualitas barangnya bagus pengiriman barang lumayan cepatproduk original,
314,bahanmaterialbahannya bagus bangett dan halus juga nyaman di pakai pokoknya pengirimannya cepat banget,"bahanmaterialbahannya bagus bangett dan halus juga nyaman di pakai pokoknya
pengirimannya cepat banget",
315,bahanmaterialtipis desainbagus kegunaanselimut alhamdulillah terimakasih banyak paket sudah sampai di beli yah semua nya bagus pengemasan pengiriman lumayan,,
362,bahanmateriallembut tipis desainok kegunaanselimut paketnya udah sampai tapi sayang kecil bukan untuk dewasa lebarnya cuma,,
364,bahanmaterialsuper lembut dan halus desainsangat menarik kegunaanberguna sekali dan nyaman makasih barangnya sudah sampai dgn selamat respon seler tanggap pengemasan ok pengiriman super cepat makasih dan tunggu pesanan berikutnya,"bahanmaterialsuper lembut dan halus
desainsangat menarik
kegunaanberguna sekali dan nyaman
makasih barangnya sudah sampai dgn selamat
respon seler tanggap
pengemasan ok
pengiriman super cepat
makasih dan tunggu pesanan berikutnya",
365,bahanmaterialadem lembut desainbagus keren walaupun pengirimannya lama tp kualitas ok banget,,
368,bahanmateriallumayan tipis desainbagus kegunaanmenghangatkan badan pengiriman sangat cepat respon penjual sangat baik dan ramah,"bahanmateriallumayan tipis
desainbagus
kegunaanmenghangatkan badan
pengiriman sangat cepat respon penjual sangat baik dan ramah",
369,bahanmateriallembut bener desainbagusrapih kegunaanmolor lah bahan baguspacking rapihpengiriman cepatgambar dan warna sesuai,"bahanmateriallembut bener
desainbagusrapih
kegunaanmolor lah
bahan baguspacking rapihpengiriman cepatgambar dan warna sesuai",
370,kegunaanuntuk selimut di waktu dingin alhamdulillahselimutnya sudah tiba walau agak tipis tapi bahannya halus dan lembutsgt suka,,
379,produk ori pengiriman cepat harga terjangkau kualitas produk ok pengemasan ok,produk ori pengiriman cepat harga terjangkau kualitas produk ok pengemasan ok,
381,bahanmaterialoke desainok kegunaanok udah kesekian kalinya belanja disini selalu puas pengiriman nyaa cepat banget kualitas oke harganya sangat murah pokoknyaa sangat memuaskan tingkatkan terus kualiatasnyaa semogaa makin bagus makin okee,"bahanmaterialoke
desainok
kegunaanok
udah kesekian kalinya belanja disini selalu puas pengiriman nyaa cepat banget kualitas oke harganya sangat murah pokoknyaa sangat memuaskan tingkatkan terus kualiatasnyaa semogaa makin bagus makin okee",
382,bahanmaterialbelum tahu desainsimpel kegunaanselimut setelah sekian lama nyampe juga ni barang asli masih kecewa pengiriman lama jangan sampe kecewa juga karna barangnya btw terima kasih,,
383,bahanmaterialhalusbagus desainlucu pengiriman cepat bahannya halus lumayan gede wort it banget buat harga segitu,"bahanmaterialhalusbagus
desainlucu
pengiriman cepat bahannya halus lumayan gede wort it banget buat harga segitu",
386,bahanmateriallembuttipis desainbagus kegunaanbagus paketnya udah nyampewalau rada tipistapi lembut sekaliterimakasih,,
388,untuk hadiah kado pernikahan temenjadi ngga tau barangnya kek gimanatapi pengirimannya cepet dan harga terjangkausipp seller,,
393,bahanmaterialhalus desaincantik kegunaanselimut alhamdulilah paket sudah sampai,,
394,bahanmaterialsesuai desainbagus kegunaanbisa bahan sesuai harga design bagus bisa digunakan pengiriman bagus,,
395,bahanmaterialhalus desainbagus kegunaankehangatan respon penjual baik kurirnya baik mau bertanya pengirimannya lumayan cepat good,"bahanmaterialhalus
desainbagus
kegunaankehangatan
respon penjual baik
kurirnya baik mau bertanya
pengirimannya lumayan cepat
good",
396,bahanmaterialadem banget desainsang at indah kegunaansangat bermanfaat masya allah cantix banget meskipun gambar ga sesuai yg di pesan tp wanra sesuai harapanharga murmer tp kualitas ok seler nya jga baik dan ramah begins jga kurir krna udah langganan jdi udah ga right lagi maksih buat semua,,
407,bahanmaterialok desainlucu kegunaanselimut kualitas sesuai hargabahanya lumayan lembutpengiriman lumayan cepat,"bahanmaterialok
desainlucu
kegunaanselimut
kualitas sesuai hargabahanya lumayan lembutpengiriman lumayan cepat",
411,packing rapi pengiriman cepet banget sellernya cepet sayang tipis banget selimutnya saya pikir lebih tebal dan bulunya di sisi tnyata cuma sisi atas aja tp oklah sesuai harga,,
412,pengiriman cepet bgttttttttttttttktktktktktktkktktktktkk,,
431,kegunaandi pakai tidur bahanmaterialtipis desainlumayan lumayan tipis hanya sedikit kecewa motif tdk sesuai tapi oke lah sesuai harga pengiriman cepat kurir baik ok lah,"kegunaandi pakai tidur
bahanmaterialtipis
desainlumayan
lumayan tipis hanya sedikit kecewa motif tdk sesuai tapi oke lah sesuai harga pengiriman cepat kurir baik ok lah",
438,bahanmaterialbagus desainbagus kegunaanbuat kalau kedinginan barang bagus cuma pengirimannya lama sampai hari,,
442,kegunaanbagus bahanmateriallembut desaingood sesuai dg request warnanyamurmer hrgnyakualitas sesuailah dg hrgnya yg penting kegunaannya yaitu selimut dan pengemasan serta pengiriman super duper kilatterima kasiiiihh semuaya,,
450,bahanmateriallembut desainbagus kegunaanbuat selimut bagus sesuai dong sama harga pengiriman juga cepet,,
464,barang sudah sampai pengiriman nya cepet banget kemaren pesen skrng udh sampe barangnya juga baguss lembut adem,,
465,bahanmaterialtebal lumayan desainbagus kegunaanpenghangat badan ada konfirmasi ketika barang tidak ada cepat respon dari penjual pengiriman cepat maaf tidak ada vidio unboxing krna gagal,"bahanmaterialtebal lumayan
desainbagus
kegunaanpenghangat badan
ada konfirmasi ketika barang tidak ada cepat respon dari penjual pengiriman cepat maaf tidak ada vidio unboxing krna gagal",
466,bahanmaterialtipis tp lembut desainbagus kegunaanutk selimut badan packing rapi kurir komunikasi baik produk harga sesuai barang,,
478,bahanmateriallembut desainlucuu kegunaanuntuk kehangatan pengiriman nya cepet over all sukaa,,
480,bahanmaterialtipis paket nya sudah sampai bahan nya tipis tapi sesuai lah dengan harga segitu tanks,,
488,kualitas bagus lembut sesuai dengan deskripsi barang pengiriman cepat respon penjual sangat baik,kualitas bagus lembut sesuai dengan deskripsi barang pengiriman cepat respon penjual sangat baik,
490,barang sudah datang sesuai dengan pesanan puassss terimakasih shope dan kurir nya,,
492,kegunaanpenghangat badan bahanmaterialbahan lembut tp tipis kd sesuai ekpestasi desainbagus packing standar pengiriman cepat ternyata bahanx tipis bngt,"kegunaanpenghangat badan
bahanmaterialbahan lembut tp tipis kd sesuai ekpestasi
desainbagus
packing standar pengiriman cepat ternyata bahanx tipis bngt",
499,bahanmaterialhalus desainbagus kegunaanselimut barangnya sudah dtg thx riseller shoppe kurirnya baik pengiriman cepat,"bahanmaterialhalus
desainbagus
kegunaanselimut
barangnya sudah dtg thx riseller shoppe kurirnya baik pengiriman cepat",
509,bahanmaterialok desainok kegunaanok pengiriman ok respon penjual ok kualitas produk ok,,
512,bahanmaterialtrimakasih pengiriman cepat bahan bagus lembut saya suka,"bahanmaterialtrimakasih pengiriman cepat
bahan bagus lembut saya suka",
519,bahanmaterialtipis desainbagus kegunaanlumayan lah harga segitu dapet selimut kaya gini selimutnya agak tipis tapi bagus kok pengiriman agak lama,,
522,bahanmateriallembut desainbagus kegunaansangat membantu kualitas produk baik produk bagus harga produk mumer sesuai barang kecepatan pengiriman baik,"bahanmateriallembut
desainbagus
kegunaansangat membantu
kualitas produk baik
produk bagus
harga produk mumer sesuai barang
kecepatan pengiriman baik",
523,pengiriman cepat packing aman barang sesuai pesanan motif bagusbagus suka sekali terima kasih,"pengiriman cepat
packing aman
barang sesuai pesanan
motif bagusbagus
suka sekali
terima kasih",
533,desainbagus alhamdulilah paket nya udh sampe lumayan dengan harga segituh makasih seller,,
538,bahanmateriallembut paket dah nyampe sempurna sampai tujuanaku suka banget bhan nya halus dan lembut,,
539,makasih brang seseuai pesanan cuman ukuran ny cuma buat saja pengiriman cepat juga,makasih brang seseuai pesanan cuman ukuran ny cuma buat saja pengiriman cepat juga,
540,bahanmateriallembut desainbagus kegunaanuntuk menghangatkan tubuh selimutnya oksesuai dengan pesanan pengiriman juga cepat,"bahanmateriallembut
desainbagus
kegunaanuntuk menghangatkan tubuh
selimutnya oksesuai dengan pesanan
pengiriman juga cepat",
543,bahannya bagus lembut pengiriman cepat dan real pict suka sma warnanya best,bahannya bagus lembut pengiriman cepat dan real pict suka sma warnanya best,
544,bahanmaterialbulu desaincantik kegunaanuntuk menghangatkan badan pengiriman cepat bahan nya juga lembut cuma agak tipis ya wajar lah harga segitu tapi bagus kx warna dan gambary cantik thanks seller,"bahanmaterialbulu
desaincantik
kegunaanuntuk menghangatkan badan
pengiriman cepat bahan nya juga lembut cuma agak tipis ya wajar lah harga segitu tapi bagus kx warna dan gambary cantik thanks seller",
552,bahanmaterialtipis tapi lembut desainkotak kegunaanselimut bahanya lembut pengiriman cepat kurir ramah tapi sayang ada sobek kan di tengah selimut tapi gpp lah,"bahanmaterialtipis tapi lembut
desainkotak
kegunaanselimut
bahanya lembut pengiriman cepat kurir ramah tapi sayang ada sobek kan di tengah selimut tapi gpp lah",
556,paket telah datangtapi barangnya ga sesyai ini penndek pokonya kecil dikira sy besar sesuai di poto nyatanya enga sesuai tapi ga apa terimakasih kulirnya,,
557,bahanmaterialbulu desainok kegunaantidur barang sudah diterima dengan selamat pengiriman sangat cepat,"bahanmaterialbulu
desainok
kegunaantidur
barang sudah diterima dengan selamat pengiriman sangat cepat",
558,bahanmateriallembutt adem tidak sesuai dengan yang dipesan tapi gapapa pengiriman super cepet bangett,,
561,bahanmateriallembut desainbagus bagus sekali pengiriman cepat dan barang sesuai,"bahanmateriallembut
desainbagus
bagus sekali pengiriman cepat dan barang sesuai",
563,bahanmateriallembutt desainmenarik kegunaanbuat tidur terima kasih kak paketan selimutnya sudh datang suka bangeeet next order lagi iya kak,,
571,kegunaanselimut bahanmaterialbahan lembut sekali desainok pengiriman cepat sekali dan kata untuk kurir nya jangan perna nitip di tetangga kalo tidak sesuai dgn tujuan nggak usah di antar keruma kalo nggak sanggup untuk mengantar biar saya sendiri yg ngambil di tempat dan kondisi paket sudah terbuka pokoknya nggak karu2an,"kegunaanselimut
bahanmaterialbahan lembut sekali
desainok
pengiriman cepat sekali dan kata untuk kurir nya jangan perna nitip di tetangga kalo tidak sesuai dgn tujuan nggak usah di antar keruma kalo nggak sanggup untuk mengantar biar saya sendiri yg ngambil di tempat dan kondisi paket sudah terbuka pokoknya nggak karu2an",
580,baru sempat nilai produk cukup baik harga murah pengiriman cepat tapi kainnya agak tipis tidak sesuai gambarthank,baru sempat nilai produk cukup baik harga murah pengiriman cepat tapi kainnya agak tipis tidak sesuai gambarthank,
592,bahanmateriallembut desainbagus kegunaanbuat selimut di saat tidur bahan nya oke lembut pengiriman cepat kurir nya jga rama oke deh makasih saya puas,"bahanmateriallembut
desainbagus
kegunaanbuat selimut di saat tidur
bahan nya oke lembut pengiriman cepat kurir nya jga rama oke deh makasih saya puas",
593,bahanmaterialwol halus desaincantik dan lembut kegunaanbuat tidur alhamdulillah cepat banget sampenya selimutnya tipis tapi di paketnya enak dan nyaman walopun harganya murah tapi berkualitas,"bahanmaterialwol halus
desaincantik dan lembut
kegunaanbuat tidur
alhamdulillah cepat banget sampenya selimutnya tipis tapi di paketnya enak dan nyaman walopun harganya murah tapi berkualitas",
595,kegunaanuntuk menghangatkan bahanmateriallembut desainbagus alhamdulillah paket selimutnya udah nyampe motifnya bagus makasih kak,,
596,produknya cukup bagus pengirimannya jga cepat dan pelayanannya bagus dan barangnnya sama seperti di foto masih tersegel dengan baik,produknya cukup bagus pengirimannya jga cepat dan pelayanannya bagus dan barangnnya sama seperti di foto masih tersegel dengan baik,
600,bahanmateriallembut desainbagus kegunaanmulti pungsi terima kasih paket sudah sampai dengan baik dan cepat,"bahanmateriallembut
desainbagus
kegunaanmulti pungsi
terima kasih paket sudah sampai dengan baik dan cepat",
602,bahanmateriallembuuuut desainlucuuu lucuuu lembuuut pengiriman cepaaat makasih seller,,
603,bahanmaterialkain desainlucu kegunaanbuat selimutan biar gak dingin hehehe makasih kak paketan sudah diterima alhamdulillah suka,,
604,selimut sdh saya terima dgn baik sesuai pesanan dan sesuai deskripsi paket dibungkus rapih dan kemasan tdk rusak selimutnya bagus suka sekali sukses selalu terima kasih shopee sukses selalu gbu,,
607,bahannya alus bgt pengiriman juga cepet harganya murah,,
611,makasih paket ny udah sampe lumayanlah ya dengan harga segini,,
612,alhamdulillah paket udah sampai ka lembut banget makasih ya,,
616,pengiriman cukup cepat termyata tipis mirip handuk tp sesuai harga thanks,pengiriman cukup cepat termyata tipis mirip handuk tp sesuai harga thanks,
622,bahanmateriallembut desainbintang kegunaanselimut pengiriman cepet banget packing rapi ini pesenan kedua aku datang nya udah lama sih maaf ya baru kasih nilai,,
623,bahanmaterialhalus lembut desainsesuai gambar kegunaanbuat teman mimpiin ayang bagus banget sukaaaa pengiriman juga cepat sayang banget kurirnya korupsi,"bahanmaterialhalus lembut
desainsesuai gambar
kegunaanbuat teman mimpiin ayang
bagus banget sukaaaa pengiriman juga cepat sayang banget kurirnya korupsi",
625,bahanmaterialbahan adem dan lembut desainmantul kegunaanbuat selimutan enak banget barang nya bagus sesuai hargacuma pengiriman nya mengandung bawang,,
626,bagus bangedddd worth it tu buy banget bahannya lembut pengiriman sesuai waktu terimakasih,,
632,bagus banget sih bahannya tpi pengiriman lama banget sesuai harga lah yah motif nya lucu bulunya lembutt best thankyou seller,,
635,bahanmaterialhalus bulu desainok mantap ssuai harga kurir jnt aja yg lambat,,"bahanmaterialhalus bulu
desainok
mantap ssuai harga
kurir jnt aja yg lambat"
636,bahanmaterialhalus bangat desainbagus kegunaanselimut terimakasih kak paketnya udh sampe walau kemarin baru pesan sekarang udh sampe aja selimutnya halus adem banget,,
641,bahanmateriallembut desainbagus kegunaanslimut tidur peking rapihkurir ramahharga terjangkau,,
648,bahanmaterialbahan nya lembut sesuai pesanantidak kecewasaler nya amanah dan mas kurir yg udah antar paket sampe tujuantrimakasih,,
654,bahanmaterialbangussss bangat aku sangat suka belanja disiselain dari amanah kurirnya sangat baik dan ramah,,
656,bahanmaterialalhamdulillah barang sampaibahan nya lembutlumayan lebarpengiriman agak lamatrmis seller shope,,
662,karna barangnya sangat bagus dan lembut pengiriman nya cepat kurir nya ramahh,karna barangnya sangat bagus dan lembut pengiriman nya cepat kurir nya ramahh,
671,bahanmaterialoke brangy pengiriman cepat kurir ramah trima ksih shoopee menghangat kn badan,"bahanmaterialoke brangy pengiriman cepat kurir ramah trima ksih shoopee
menghangat kn badan",
683,desainlumayan kegunaanuntuk selimut musim hujan kurang tebal dikit bahanmaterialtipishalus so far lumayan lahharga segitu murmerorder biru yg datang pink sakuratapi pembeli konfirm sblm kirim untungnya saya suka warna pink paket aman p alamat,,
684,pengiriman cepat barang bagus dan sesuai deskripsi thanks ya,pengiriman cepat barang bagus dan sesuai deskripsi thanks ya,
689,bahanmaterialok desainok kegunaanok terima kasih kapaket udah sampai dgn sangat baik cepat next insyaalloh order lagi,"bahanmaterialok
desainok
kegunaanok
terima kasih kapaket udah sampai dgn sangat baik cepat next insyaalloh order lagi",
695,bahanmaterialproduk oke pengiriman cepat packing rapi dan aman over all guuuuuuiiiiii,bahanmaterialproduk oke pengiriman cepat packing rapi dan aman over all guuuuuuiiiiii,
702,pengiriman barang cepat packingan rapikualitas barang baguswarnanya saya sukaterima kasih seller,pengiriman barang cepat packingan rapikualitas barang baguswarnanya saya sukaterima kasih seller,
722,lumayan lah dengan harga segitu se terimakasih shopi dan kang kurir nya,,
728,bahanmaterialbagsu desainlucu kegunaanhalus pengiriman sangat cepat bahannyh halus warnanyh cantik,"bahanmaterialbagsu
desainlucu
kegunaanhalus
pengiriman sangat cepat bahannyh halus warnanyh cantik",
734,desainbaik kegunaanbaik bahanmateriallunayan alhamdulilah pakety telah sampai respon penjual sangat baik dan pengiriman cepat kemarin pesan hari ini dah sampai thanks shopee dan tokoy semoga slalu amanah dan sukses selalu untuk tokoy,"desainbaik
kegunaanbaik
bahanmateriallunayan
alhamdulilah pakety telah sampai respon penjual sangat baik dan pengiriman cepat kemarin pesan hari ini dah sampai thanks shopee dan tokoy semoga slalu amanah dan sukses selalu untuk tokoy",
737,seperti nya sudah sampai maaf ga ada poto nya karena diberikan untuk hadiah dan pesanan langsung menuju alamat si penerima hadiah makasih untuk semua nya penjual shopee dan juga kurir,,
738,bahanmateriallmyan desainbaik kegunaanslimut alhamdulillah kurir ramah pngiriman standar lh bhan untuk harga sgitu worth it lh terimakasih sukses slalu,,
742,desainbagus terima kasih barang sesuai pesanan rekomendasi buat konsumen lainkurir memuaskan,,
743,bahanmaterialbahan halus desainlucu kurirnya baik makasih kak,,
752,desainmenarik kegunaansangat berguna selimutnya tipis tapi bagus harga cukup murah pengiriman cepat,"desainmenarik
kegunaansangat berguna
selimutnya tipis tapi bagus harga cukup murah pengiriman cepat",
754,desainlucu kegunaanhangat bahanmaterialagak tipis sesuai harga lembut tapi bulu tidak panjang selimutnya sangat cocok untuk cuaca halodo kurir dari pos ramah,,
758,kualitas barang bagus bahan halus harga murah n pengiriman cepat terima kasih sophee n seller,kualitas barang bagus bahan halus harga murah n pengiriman cepat terima kasih sophee n seller,
764,bahanmaterialbahan tipis gak sesuai pesanan warna kurang amanah pengiriman kurang jls warna tidak sesuai,,
771,bahanmaterialbahan bagus tapi salah dalam pengiriman pesen yg biru yg datang kok warna pink,,
776,desainbaik kegunaanselimut bahanmaterialbulu halus pesanan sudah sampai pengiriman cepat packing standar barang uk kecil tp its ok dengan harga segitu,"desainbaik
kegunaanselimut
bahanmaterialbulu halus
pesanan sudah sampai
pengiriman cepat packing standar barang uk kecil tp its ok dengan harga segitu",
777,bahanmateriallembut desainbagus kegunaancocok u semua cuaca pengiriman cptpengemasan rapicuma syang nya bkin kcwa psen mouse dtang nya rabbit wrna kuning tnpa konfirm dlu,,
784,selimutnya bagus untuk harga segitu sesuailah ok bangetpengiriman pun cepat packing rapihthx kak,selimutnya bagus untuk harga segitu sesuailah ok bangetpengiriman pun cepat packing rapihthx kak,
795,tipis sekalipengiriman cepat stok yg dioder tidak ready dikirim motif lain tak masalah,tipis sekalipengiriman cepat stok yg dioder tidak ready dikirim motif lain tak masalah,
796,bahanmaterialtipis tidk seperti yg di gambar tebal kecil tidak sesuai dgn ukuran yg di pajang desainkurir juga ga gk sopan paket cuman di lempar aja,,
800,bagus lembutt sukaa walaupun psen nya yang motif mouse tapii udah kehabisan dan gak kebagian tp gpp tetapp sukaa makasih buat abang kurir,,
805,bahanmateriallumayan lah desainnya bgus kegunaanya mudah nudha anget di pke nya terutamanya bang kurir nya mntap baik bangetterimakasih abang kurir,,
808,bahanmaterialdoog desaingood kegunaangood suka dngn selimutnyacuma kurir nya jutek,,
810,bahanmateriallumayan desainok kegunaanmantap harga sesuai sama barang pengiriman cepat respon penjual sangat baik terima kasih banyak semoga awet,"bahanmateriallumayan
desainok
kegunaanmantap
harga sesuai sama barang pengiriman cepat respon penjual sangat baik terima kasih banyak semoga awet",
820,kegunaannyaman bahanmaterialbagus desainlembut selain bagus pengiriman cepet,,
821,desainmenarik kegunaanselimut bahanmaterialhalus harga terjangkau kualitas baik respon penjual cepat pengiriman cepat,"desainmenarik
kegunaanselimut
bahanmaterialhalus
harga terjangkau kualitas baik respon penjual cepat pengiriman cepat",
824,bahanmaterialbahannya lembut desainlucu pengiriman cepat sekali bahan juga lembut tidak terlalu panas,"bahanmaterialbahannya lembut
desainlucu
pengiriman cepat sekali bahan juga lembut tidak terlalu panas",
841,bahanmaterialberbulu desainmenarik kegunaanselimut mantull bossque harga kaki lima qualitas bintang rapih barang aman sesuai pesananbaik size maupun warna seller ramah pengiriman cepat pokoknya puas belanja di sinibintang buat seller nya terima kasih semoga berkah usahanya aamiin,"bahanmaterialberbulu
desainmenarik
kegunaanselimut
mantull bossque harga kaki lima qualitas bintang rapih barang aman sesuai pesananbaik size maupun warna seller ramah pengiriman cepat pokoknya puas belanja di sinibintang buat seller nya terima kasih semoga berkah usahanya aamiin",
854,pesan motif lain datang yang lain kurir tidak sopan,,
860,bahanmaterialtipis desainoke kegunaanoke pengiriman cepat gambar sesuai pesanan tapi bahannya tipis banget pernah beli dilain toko rasanya ga setipis ini overall oke sih mantap,"bahanmaterialtipis
desainoke
kegunaanoke
pengiriman cepat gambar sesuai pesanan tapi bahannya tipis banget pernah beli dilain toko rasanya ga setipis ini overall oke sih mantap",
861,paket sudah diterima dengan baik dan sesuai pesanan selimutnya lembut enak dipakai thanks,,
863,bahanmaterialyang di pesen kek gmna yg dateng kek gmna tipis tidak sesuai deskripsi desaindesain beda jauh langit dan bumi udh curiga sih ini tu ada unsur penipuan yg tidak sesuai dengan pesanan pokoknya beda langit dan bumi mana tidak ada konfirmasi pemberitahuan di riwayat pengiriman juga mencurigakan bukan masalah murah atau tidaknya tp kasian ke shopeenya akan tidak di percaya lagi jika terus kayak gini,,
865,bahanmaterialpolyester desainmicky kegunaanselimut terimakasih seller jasa pengiriman n juga shopeemantap,,
878,bahanmaterialtipis dan lembut desainbagus kegunaanselimut untuk harga segitu mah semuanya pas bngt lah yahangat di pakaipengiriman nya juga cepat,"bahanmaterialtipis dan lembut
desainbagus
kegunaanselimut
untuk harga segitu mah semuanya pas bngt lah yahangat di pakaipengiriman nya juga cepat",
894,bahanmaterialhalus lembut desainbagus kegunaanselimut tidur barang cepat sampainya kurirnya bagus barangnya lumayan bagus dgn harga segitucuma sayang saya agak kecewa pesen motif apa yg dikirimnya lainpadahal selimut buat anak saya yg cowo sengaja pesen yg motif mouse warna biru dongker malahan dikirimnya motif bunga warna pink,"bahanmaterialhalus lembut
desainbagus
kegunaanselimut tidur
barang cepat sampainya kurirnya bagus barangnya lumayan bagus dgn harga segitucuma sayang saya agak kecewa pesen motif apa yg dikirimnya lainpadahal selimut buat anak saya yg cowo sengaja pesen yg motif mouse warna biru dongker malahan dikirimnya motif bunga warna pink",
895,desainbunga bunga kegunaanuntuk selimut tidur bahanmaterialbahan kain bulunya lembut banged paket sdh sampebahannya lembutdesainnya bagus menariksaya suka produknya trmkasih sellertrmakasih shopeetrmkasih bang kurirnya,,
896,desaincantik motifnya kegunaanselimut bahanmateriallembut makasih miiin paketnya dah datangbaguslembuuuut warnanya juga cerahmaaf lupa gak sempet foto dah diambil sama custamerkunext mau order lagi,,
898,pengiriman ckp cepat packing ok lah barang dtng kondisi baik cm agak tipis yaasesuai harga lahtrima ksh sellermaaf selimut keburu di cuci gak sempet foto,pengiriman ckp cepat packing ok lah barang dtng kondisi baik cm agak tipis yaasesuai harga lahtrima ksh sellermaaf selimut keburu di cuci gak sempet foto,
912,bahanmateriallembut desainbagus kegunaanselimut bahannya adem dan lembut bangetkurirnya jg sopan,,
914,bahanmateriallembut dan adem pesenan tidak sesuai yg dikirimordernya mouse yg dikirim kotak2 pengirimannya jg lama meskipun agak kecewa tp gpplahbarangnya okee dgn harga segitu,,
924,bahanmaterialbagus desainbagus paket sudah di terima,,
949,bahanmaterialpolyestertipis desainbiasa harga segitu gk usahlah berharap lebihbahan sesuai hargajahitan gk terlalu rapi pengiriman lumayan lama,,
959,bahanmaterialstandar kegunaanstandar kurir yang sopan penjual kurang aktif dalam konfirmasi,,
992,bahanmaterialbiasa saja desainok kegunaanok paket sdh dtrima ktnya dkirim wrna rabit tp kok msh slh ya dkrimnya wrna blouwer cm g utng aja brgnya msh bguz,,
1004,desainbagus kegunaannyaman di pakai barang bagus halus nyaman di pakai pengiriman cepat tidak mengecewakan kurir ramah terimakasih,"desainbagus
kegunaannyaman di pakai
barang bagus halus nyaman di pakai pengiriman cepat tidak mengecewakan kurir ramah terimakasih",
1020,paket sudah di terimabagus sesuai dengan pesanantrimakasih shopie,,
1028,bahanmateriallembut desainbagus kegunaanhangat bagus lembut hangatttuuu nex bakalorder lagi makasih sellerpengiriman gak terlalu lama gk terlalu cepat juga sedanf,"bahanmateriallembut
desainbagus
kegunaanhangat
bagus lembut hangatttuuu nex bakalorder lagi makasih sellerpengiriman gak terlalu lama gk terlalu cepat juga sedanf",
1030,sesuai pesanan packing rapi pengiriman cepat variasi sesuai keinginan,sesuai pesanan packing rapi pengiriman cepat variasi sesuai keinginan,
1038,bahanmateriallembut desainbagus kegunaanuntuk bobo bagus lembut banget penjualnya ramah pengiriman nya juga cepet syukaaaa terus amanah dan selalu membahagiakan pelanggan ya,,
1044,desainbagus kegunaanutk selimutan bahanmateriallembut selimutnya halus lembut tdk terlalu tebal agak tipis packing amanseller fast respon kurirpun ramah,,
1080,pengiriman cepat material haluscuman sayang bahannya tipis tapi masih enak untuk dipakai sich,pengiriman cepat material haluscuman sayang bahannya tipis tapi masih enak untuk dipakai sich,
1083,pengiriman oke barang oke,,
1109,bahanmaterialpaket sudah sampai terimakasih,,
1157,desainlucu kegunaanbermanfaat bahanmaterialkain bagus selimutnya pengemasan dan pengiriman cepat...,"desainlucu
kegunaanbermanfaat
bahanmaterialkain
bagus selimutnya pengemasan dan pengiriman cepat...",
1222,kualitas lumayan pengiriman cepatpaket rapi,kualitas lumayan pengiriman cepatpaket rapi,
1229,tidak amanah banget tokonya harusnya tanya dulu dong kalo barang pesanan lagi kosong bukan tiba seenaknya kirim barang yg tidak sesuai begini sudah g sesuai penilaian g blh bintang parah banget uang masuk duluan lah ga bs diretur pdhal bkn sesuai pesanan merugikan banget untuk saya,,
1234,bahanmaterialbagus desainbagus kegunaanbagus lembut jadi nyaman tidur barang nya bagus meski tidak sesuai tapi bagus sesuai yang di inginkan bahan nya lembut adem dam nyaman tentunya sedikit masukan to long lebih teliti aja dalam pengiriman dan bila barang kosong dengan yang di pesan mohon konfirmasi terlebih dahulu dngan customer biar tidak kaget dengan pesanannya,,
1244,bahanmaterialok desainbagus kegunaanmantap pengiriman cepat bahan lumayan dengan harga segitu,"bahanmaterialok
desainbagus
kegunaanmantap
pengiriman cepat bahan lumayan dengan harga segitu",
1245,kegunaanselimut bahanmaterialbrudrul tipis desainbgs alhamdulillah udh sampe paket selimutnya bgs bgt tp tipis so far ok sih dengan hrg segitu cakeppp terimakasih,,
1328,paketan sudah sampai pengiriman cepat,paketan sudah sampai pengiriman cepat,
1334,bahanmateriallembut desainbagus kegunaanbuat selimut bahan lembut dan sesuai harga syukaaa pengiriman juga cpt,,
1338,pengiriman cepat agak tipis ya sesuai harga real pict besar,pengiriman cepat agak tipis ya sesuai harga real pict besar,
1339,bahanmaterialbagus desainkeren kegunaannyaman alhamdulillah paketnya udh sampai terimakasih kak barangnya bagus bangett bahanya jga top top bangett terimakasih kak sukses terus buat tokonya,,
1340,kualitas produk baik kecepatan pengiriman baik dan pengemasan baik dan bagus rapih,kualitas produk baik kecepatan pengiriman baik dan pengemasan baik dan bagus rapih,
1344,bahanmaterialtipis dan lembut desainbaguss kegunaanya selimut bagus tapi pengiriman agak macet dijalan tapi gpp maksehh,,
1353,barang sesuai murah lagi gx nyesel beli di sini nex order lagi kurir nya juga ramah,,
1356,paket sudah sampemohon maaf ga bisa menilai lebih banyaksoalnya posisi saya sedang di perjalanan luar kotatapi kata pa kurirnya sudah di sampein ke rmhtrimakasih ya,,
1381,g tau belum di buka soal ny temen yang nerima paket ny,,
1390,bahanmaterialsesuai harga desainlucu hehe kegunaanfungsi selimut pada umumnya pengiriman sangat cepat,"bahanmaterialsesuai harga
desainlucu hehe
kegunaanfungsi selimut pada umumnya
pengiriman sangat cepat",
1398,bahanmaterialpesanan saya sudah sampai tp mf baru ngasih ulasan selimutx bagus banget lembut cocok dengan warna desainkurirnya ramah pokokx amanah dah semoga tambah sukses ya buat tokox,,
1434,bahannya lembut bgt dan pengirimannya super cepat,bahannya lembut bgt dan pengirimannya super cepat,
1446,pengiriman nya cepet bangett sampe lupa kalo ada paket,,
1470,bahanmaterialselimut nya bagus tebal adem juga dipake pengiriman cepat juga,bahanmaterialselimut nya bagus tebal adem juga dipake pengiriman cepat juga,
1475,selimutnya bagus lmbut trimksih shopye trimksih jg buat bang kurirnya,,
1487,bahanmaterialbagus sesuai pesanan kurirny jg ramah,,
1514,bahanmateriallembut kece desainlucukj kegunaanokee terimakadih sellerpengiriman okebarangnya juga okeuntuk harga segini worth it bangettt hihi semoga amanah terus yabiar bisa langganan dsini,,
1515,bahanmateriallumayan pengiriman cepan dan kurir ramah banget,,
1544,bahanmaterialbagus desainbagus kegunaanlumayan bagus sih murah jg pengiriman cepat tp di kirim warna nya tdk sesuai pesanan,"bahanmaterialbagus
desainbagus
kegunaanlumayan
bagus sih murah jg pengiriman cepat tp di kirim warna nya tdk sesuai pesanan",
1548,desaing sesuai kegunaang banget bahanmaterialtipis pengiriman g sesuai hrsny konfirm klo blm dijawab ngga usah dikirim blm dijawab slang sehari barang sampe kan bikin nyesek,,
1551,sumpah suka bangt sama selimutnya next time aku beli lagi ya mana pengiriman nya cepet bangt,,
1555,terimakasih banyak paket sudah sampai foto nya nyusul yaa,,
1566,desainoke kegunaanberguna sekali bahanmaterialoke fix tidak mengecewakan terima kasih untuk bg kurir dan toko smoga berlangganan,,
1572,bahanmateriallembut desainbagus kegunaanmemberi kenyamanan di saat tidur sesuai orderpengiriman cepatthanks seller,"bahanmateriallembut
desainbagus
kegunaanmemberi kenyamanan di saat tidur
sesuai orderpengiriman cepatthanks seller",
1579,lumayan lah lembut tp tipis sesuai harga pengiriman sehari dah sampe,,
1591,bahanmateriallembut kegunaanselimut anak seller nya gercep pengiriman nya cpt,,
1599,alhamdulillah paket cepat adminnya juga ramah pokoknya gk nyesel beli disini deh,alhamdulillah paket cepat adminnya juga ramah pokoknya gk nyesel beli disini deh,
1604,bagan y bagus setandar dg harga y pengiriman y cepat cuma salah warna minta y yg,"bagan y bagus setandar dg harga y
pengiriman y cepat cuma salah warna minta y yg",
1608,paket udh saya trima bahan lmbur bnget enk d pakai maksih buat shopee buat toko nya amanah bnget makasih juga buat abng kulir na,,
1614,selimutnya lembut bgt bgus deh sesuai ekspektasi kurir nya pun ramah,,
1617,barang ga sesuai deskripsi selimut kecil jahitan pesan motif apa yang datang motif apa cukup skali ajja padahal dengan harga segitu di pusat grosir can udh bisa dpt selimut yg kualitasnya okee klo kurir nya okee bintang,,
1656,kurirnya kurang sopan paketnya cuma di lemparin terus gk dikabarin untung gk kebuang,,
1663,bahanmaterialselimutnya lembut bnget bahannya baguskurirnya ramahcepet lgi makasih shopee tokonya amanah,,
1668,bagus halus sesuai harga cuma kurirnya tdk bsa brtanggung jwab sma pketnya bkanya diantar ke lokasi malah saya yg suruh ngambil mana siang bolong,,
1724,respon toko cepet pengiriman cepat tetapi barang kurang sesuai dg yg di infokan tetapi kualitas lumayan sesuai harga,respon toko cepet pengiriman cepat tetapi barang kurang sesuai dg yg di infokan tetapi kualitas lumayan sesuai harga,
1733,paket dah sampetapi yang di pesan warna apa yang dateng warna apabaru kali ini belanja ga sesuaimohon lain kali konfirmasi dulu kalau ga ada barang yg di pesan,,
1757,bahanmateriallembut banget desainbagus kegunaanbuat selimut dimobil aja seneng banget barangnya datang suka warnanya lembut dan nyaman makasih seller mksh kurir,,
1762,bahanmaterialbagus lembut desainunik kegunaanhangat dan nyaman buat slimutan pengiriman super cepat dan sesuai gambar,"bahanmaterialbagus lembut
desainunik
kegunaanhangat dan nyaman buat slimutan
pengiriman super cepat dan sesuai gambar",
1771,yang di pesan kotak abu kok yang datang malah warna kuning pengiriman juga lama hampir minggu,,
1780,paket sudah saya terima saya kurang puas karena pesanan saya tidak sesuai dengan picturemakasih,,
1813,bahanmaterialsangat tipis kegunaantak ada guna sangat kecewa dgn toko ini warna biru kita pesan yg datang warna putih pengiriman sangat lambat,,"bahanmaterialsangat tipis
kegunaantak ada guna
sangat kecewa dgn toko ini warna biru kita pesan yg datang warna putih pengiriman sangat lambat"
1815,bahanmaterialbahan lembut desainlumayan dengan harga segitu pengiriman yg lambat bangetttt,,"bahanmaterialbahan lembut
desainlumayan dengan harga segitu
pengiriman yg lambat bangetttt"
1849,bahanmaterialbelum saya terima desainbelum saya terima kegunaanbelum saya terima tapi ada pemberitahuan sudah di terimaa belum saya terima tpi ada pemberitahuan paket sudah di terima,,
1857,bahanmaterialbahan nya tipis tapi bagus lembut sayaka desainwrn nya juga bagus sesuai dengan motiff nyabagus kegunaanmanfaat bangett skrng musim ujan terimakasih paket sudah tiba ga nyangka aja bisa cepet banget sampenya alhamdulillah kurir nya juga ramahterimakasih,,
1859,bahanmateriallumayan desainok kegunaannyaman alhamdulillah paket sudah mendaratmoga laris tokonya bosqu,,
1876,desainunik kegunaanpas tdk tebal dan tdk tipis bahanmateriallembut barang bagus pengiriman cepat,"desainunik
kegunaanpas tdk tebal dan tdk tipis
bahanmateriallembut
barang bagus pengiriman cepat",
1877,yg dipesan mouse yg datang rose lebih teliti lagi dalam pengiriman,,
1912,bahanmaterialpaket yg di minta beda sama yg d terima mw ngabisin stok infokan dlu bos,,
1952,selimutnya sangat tipis tapi gk apa2 lumayan murah dan pengiriman lambat,,selimutnya sangat tipis tapi gk apa2 lumayan murah dan pengiriman lambat
1963,kualitas ok bagus tapi pengirimannya cod tolong dibenahi saya kecewa dipengiriman aja,,
1967,bahanmaterialsesuai harga pengiriman mantap jiwa,,
1972,bahanmaterialbaik desainbaik kegunaanbaik alhamdulillah udah nyampe pengiriman dan pengemasan ya cepat ok makasih,"bahanmaterialbaik
desainbaik
kegunaanbaik
alhamdulillah udah nyampe pengiriman dan pengemasan ya cepat ok makasih",
1979,desainsaya pesan mouse yang datang rabbit tapi pengiriman cepat produk oke terima kasih,"desainsaya pesan mouse yang datang rabbit
tapi pengiriman cepat produk oke terima kasih",
2021,bahanmaterialtipis respon penjualan oke pengiriman cepatkurir nya yg gx ramah,"bahanmaterialtipis
respon penjualan oke pengiriman cepatkurir nya yg gx ramah",
2033,kegunaanselimut bahanmaterialbagus halus makasih seler barang bagus cepat sampenya buat abang kurir yang ramah jempol pokonya,"kegunaanselimut
bahanmaterialbagus halus
makasih seler barang bagus cepat sampenya buat abang kurir yang ramah jempol pokonya",
2035,selimutnya trlalu tipis dikiranya mulus taunya tipis maaf q kasi bintang kurirnya mantepoo,,
2043,bahanmaterialbagus desainlembut kegunaanbagus terimakasih paket nya dah datang maaf ya gk q foto ke buru d ambil ama yg punya,,
2049,bahanmaterialbahan halus tapi tipis pengiriman cepat tapi tidak sesuai pesanan pesanan warna blue motif mouse malah yang dikirim warna pink dan motif bunga,"bahanmaterialbahan halus tapi tipis
pengiriman cepat tapi tidak sesuai pesanan pesanan warna blue motif mouse malah yang dikirim warna pink dan motif bunga",
2116,pesanan sesuai pengiriman cepat thanks seller,pesanan sesuai pengiriman cepat thanks seller,
2212,terima kasih lazada barang sesuai pesanan kurirnya juga mantap tanpa basa basi langsung antar keruma,,
2265,pengiriman cepat mantap,pengiriman cepat mantap,
2333,pengiriman cepat,pengiriman cepat,
2334,bagusssssssss pengiriman dan pengemasan cepet bgt,,
2405,bahanmaterialtipis desainok kegunaanok gpp si barang nya tipistp pengiriman lama banget pdhl udah order pagi jam ya sudahlah,,
2421,bahan bagus pengiriman cepat,bahan bagus pengiriman cepat,
2577,pengiriman cepat sekali,pengiriman cepat sekali,
