,"Reviews with the words courier, delivery etc",Reviews with the word fast,Reviews with the word slow
3,kualitas nya bagus warna nya pun sesuai dengan d foto terima kasih seller dan kurir,,
4,pengemasan dan pengiriman kilattop lah buat sellerutk produk tampilan keren dan eleganhanya selangnya msh lepasjadi klu penutup selang sudah kebuka air bisa tumpah walaupun kondisi botol masih tertutupjadi msh ada kurangnyaselebihnya ok,,
8,kualitas bagus dan tidak ada yang cacat saat diterima untuk pengiriman lumayan cepat untuk standar free ongkir yang ingin tahu ulasan botol minum dan kotak bekal koleksi kami silahkan kunjungi youtube channel kami nikea family,kualitas bagus dan tidak ada yang cacat saat diterima untuk pengiriman lumayan cepat untuk standar free ongkir yang ingin tahu ulasan botol minum dan kotak bekal koleksi kami silahkan kunjungi youtube channel kami nikea family,
11,kualitas bagus sesuai expektasihanya ada bagian riject sedikit harga sangat terjangkau apalagi dengan kualitas bahan plastik yg lumayan pengiriman sedikit lama tidak lebih dari seminggu mungkin karna mau memaksimalkan pengiriman sesuai pesanan pembeliagar pembeli puas dengan pesanan,,
25,masyaallah cantik sekali packing bubble wrap nya jg tebel udh di coba di isi bolak balik air nya gda tumpah2rembes tapi sayang di tulisan nya ada sedikit lecet tpi gpp pengiriman jg cepet kerennn pdhl order nya pas,,
28,pengiriman cepat pengemasan sangat baik bhn nya tebal bagus kuat dan besar mantul lah semoga jd langganan,"pengiriman cepat pengemasan sangat baik
bhn nya tebal bagus kuat dan besar
mantul lah semoga jd langganan",
31,sebenerenya bagus botolnya hanya saja sampe sini bagian gagang nya kegores karena pas diterima keadaan paket sobek bagian gagang nya agak sedikit keluar sebenernya buble wrap nya udh lumayan tebel hanya saja next time tambahin kardus kali ya biar aman beneran,,
40,alhamdulillah paketnya udah sampai bagus sesuai gambartapi saya salah ambil ukuran ini kegedean buat saya tapi ngk apa apa deh udah di belli syg kalau ngak di pakek trm ksh shope dan seler,,
44,baguuusssss botol nyaaaaaaa cm sepertinya gampang pecah harus hati hatiiii guysss pengemasan nya cepat pengiriman jga ramahhh,"baguuusssss botol nyaaaaaaa cm sepertinya gampang pecah harus hati hatiiii guysss
pengemasan nya cepat pengiriman jga ramahhh",
46,bagus bgtttt pengiriman super cepattttttttt pesan kemarin pagi terus tadi sore udah sampe,bagus bgtttt pengiriman super cepattttttttt pesan kemarin pagi terus tadi sore udah sampe,
47,penjualnya gercep dan pengirimannya jg cpt dan packing ok,,
51,botol minumnya sesuai pengiriman cpt pengemasan jg cpt baru order hari itu jg lgsg dikirim,,
53,wow mantul sukaaaa sekali gk mengecewakan pokoknya pengiriman jg cepat pdhl sy order waktu sale terimakasih,wow mantul sukaaaa sekali gk mengecewakan pokoknya pengiriman jg cepat pdhl sy order waktu sale terimakasih,
54,bagus barangnya sesuai gmbr hrga murah gada yg rusak cmn pengirimannya lama banget order feb bru smpe tgl maret,,
56,wow mantul sukaaaa sekali gk mengecewakan pokoknya pengiriman jg cepat pdhl sy order waktu sale terimakasih,wow mantul sukaaaa sekali gk mengecewakan pokoknya pengiriman jg cepat pdhl sy order waktu sale terimakasih,
57,real pict tapi ada baret dikit di botolnya tapi pengirimannya super cepaaaaaat thanks seller shoppe,,
58,baguss pengirimannya juga cepet dua hari setelah pemesanan,,
60,pengirimannya cepat oke banget produknya terimakasih seller semoga makin berkah dan sukses selalu untuk jualan nya,"pengirimannya cepat oke banget produknya
terimakasih seller semoga makin berkah dan sukses selalu untuk jualan nya",
61,paket sudah diterima dengan baik lengkapdengan stikernya trimakasih seller trimakasih shopee dan abang kurir,,
62,terimakasih suka banget harga nya murah pengiriman nya cepat,terimakasih suka banget harga nya murah pengiriman nya cepat,
70,pesanan udah sampai terimakasih seller pengiriman cepat,pesanan udah sampai terimakasih seller pengiriman cepat,
76,waaaooo tabungnya besar banget bagus dan kuat maksih gan anak saya suka sekali terimakasih juga abng kurir mantap seller,,
78,bagus bgt botolnya sesuai dgn ekspetasi pengiriman jg cepet thankyou,,
80,bagus sampai dengan aman pengiriman cepat banget thank you seller,"bagus sampai dengan aman
pengiriman cepat banget thank you seller",
85,bagus pengiriman kilat pengemasan jga rapih oke deh pokoy tooopppp bangetttt,,
87,makasih ya ini realpict bagus bgt bahan juga tebel warna kiyut pengiriman sama pengemasan cepet bgt harga juga murah meriah semoga lancar terus rejekinya yah,,
90,bagus sesuai gambar pengiriman cepat packing aman terimakasih,"bagus sesuai gambar pengiriman cepat
packing aman
terimakasih",
92,bahan baguskualitas okemantulpengiriman cepat,bahan baguskualitas okemantulpengiriman cepat,
94,real pict bagus banget gak sihh ini mah pengiriman cepet juga tengkiu saller,,
98,produknya cukup oke ekonomis juga alhamdulilah tidak ada yang kurang mantaplah thanks utk seller dan bapak kurirnya yang ramah,,
101,botolnya cantik cantik warna favorit juga pengiriman cepat packing bagus dan rapi bisa semangat disiplin selalu banyak minum air putih terimakasih,botolnya cantik cantik warna favorit juga pengiriman cepat packing bagus dan rapi bisa semangat disiplin selalu banyak minum air putih terimakasih,
104,produknya baguuuuuuuuus alhamdulillah cepwt pengirimannya pengemasannya juga rapih ga next insyaalloh order lagi,,
105,sesuai pesanan pingin nya sih yg hijau eh habis jd purple aja dehini lumayan besar ya mentemen hbs anaku boros bgt beli btl minum yg coklat pst pecah terus ndot nya entah gmn minum nyamoga ini ema nya botol aku beliin awet deh ya mksh seller n abang kurir,,
107,baguuusss bangeeettttttt makaaasssiiighgh seller pengiriman cepet,,
108,kualitas barangnya oke waktu pengiriman barang juga cepat,kualitas barangnya oke waktu pengiriman barang juga cepat,
109,kualitas barang oke waktu pengiriman juga cepat puas,kualitas barang oke waktu pengiriman juga cepat puas,
110,bagus bgtpengirimannjg awet g cepet pecah,,
114,produknya baguuuuuuuuuus warnanya lucu kemasannya rapi pengirimannnya cepet bangettttttttttttt,,
116,barang sampai dgn selamat bagus real pict packing rapih dan aman banget bubble wrap nya banyak jd aman bakal pesan beberapa lagi mksh seller mksh kurir,,
117,sampaiiiii thanks so much yaaaaa sukaaaaaaaaaaaa pengiriman cepet,,
119,makasih kak botolnya bagus pengiriman nya cepat,makasih kak botolnya bagus pengiriman nya cepat,
120,alhamdulillah pktnya udh smpe pengiriman cpt barang bagus bgt gak ada yg lecet tebel juga mksh,,
123,kualitas produk sangat baik harga produk baik pengiriman baik,,
126,kualitas produk sangat baik harga produk sangat baik kecepatan pengiriman sangat baik,kualitas produk sangat baik harga produk sangat baik kecepatan pengiriman sangat baik,
128,makasih seler mksih pak kurir yg baik shopee paketnua udah dtnh pengiriman cepat pengemasannya baiknext lganaku langsung pegang,makasih seler mksih pak kurir yg baik shopee paketnua udah dtnh pengiriman cepat pengemasannya baiknext lganaku langsung pegang,
131,pengirimannya sangat lambat dan lamapesenan tidak sesuai dengan apa yang di pesanpesan apa datangnya apa,,pengirimannya sangat lambat dan lamapesenan tidak sesuai dengan apa yang di pesanpesan apa datangnya apa
132,paketan sudah sampe dan ternyata bener ke khawatiran ku trnyata trnyataa pas dibagian pencetan nya itu bermasalah paketan sudah sampe dan ternyata bener ke khawatiran ku trnyata trnyataa pas dibagian pencetan nya itu bermasalah paketan sudah sampe dan ternyata bener ke khawatiran ku trnyata trnyataa,,
133,paketnya sudah sampai ini yg ke x pesen walaupun lama kurir ramah dan baik hati,,
136,produk oke banget bagus pengiriman cepat dan amanditerima dgn baik ga ada yg rusak terima kasih seller,produk oke banget bagus pengiriman cepat dan amanditerima dgn baik ga ada yg rusak terima kasih seller,
137,pengiriman cepat sekali sampai nya ponakan suka banget botol minum motivasi,pengiriman cepat sekali sampai nya ponakan suka banget botol minum motivasi,
140,terimakasih selleeeer paket sudah sampai walaupun lama kurir ramah sekali dan sabar,,
141,alhamdulilah baguss sesui yang di pengen pengiriman super cepet botol nya bagus asli ga nyesel beli di sini suka pengirimannya juga super cepet,,
142,paketan sudah mendarat dengan baik kualitas produk pun sangat baik terimakasih,,
148,paket sesuai pesanan botolnya bagus imut cuman klo bisa banyakin stikernya ya biar makin cantik,,
157,akhirnya yang ditunggu tunggu sampai juga paket sayapaket mendarat dengan sangat sangat amanpengemasannya juga sangat rapi dan amankualitas produk nya juga sesuai dengan pesanan dan bahan produk nya juga bagus dan kokoh bangetpokoknya saya pasti akan belanja lagi di toko ini,,
159,mantap atuh sesuai diskripsi tebal pengiriman cepat respon penjual baik pokoknya manntul terima kasih,"mantap atuh sesuai diskripsi tebal pengiriman cepat respon penjual baik pokoknya manntul
terima kasih",
160,pengiriman super cepat pengemasan rapi barang diterima dalam keadaan baik terima kasih seller,pengiriman super cepat pengemasan rapi barang diterima dalam keadaan baik terima kasih seller,
164,alhamdulillah dah sampai walau lagi rameramenya paketan barang bagus original harga murah sekali padahal dengan pengamanan tapi tetep termurah mantullah,,
165,overall good packing rapihpengemasan dan pengiriman super cepathrga jg murce kwalitas ok thanks seller,overall good packing rapihpengemasan dan pengiriman super cepathrga jg murce kwalitas ok thanks seller,
166,bagus banget tapi ternyata gede banget setremoss mau order lagi lah yang liter huhu tapi pengirimannya agak lama ternyata undah nunggu lama malah datengnya gede banget ga pp deh aku order lagi yaa kak,,
168,barang tiba cepat dan aman lengkap dan utuh terima kasih seller,barang tiba cepat dan aman lengkap dan utuh terima kasih seller,
174,bagus ok pengiriman cepat tapi gak ada setiker nya,"bagus ok
pengiriman cepat
tapi gak ada setiker nya",
179,bagussssss murah sekali harganyaaa pengiriman juga cepattt,bagussssss murah sekali harganyaaa pengiriman juga cepattt,
184,bahannya ringan kualitas sesuai harga pengiriman cepat,bahannya ringan kualitas sesuai harga pengiriman cepat,
187,baguss bangett next order lagi dong makasih seller dan kurir,,
193,lucuuu paket sampe dengan selamat beli ini disuruh kakak soalnya gw tuh orangnya susah kalo disuruh minum air putih,,
195,yang di pesan warna biru yang datang warna hijautapi gak masalah lah bagus barangnya pengiriman nya juga cepat,yang di pesan warna biru yang datang warna hijautapi gak masalah lah bagus barangnya pengiriman nya juga cepat,
197,barang sudah sampai pengiriman lumayan cepat bagus tidak ada yang cacat terimakasih kak,barang sudah sampai pengiriman lumayan cepat bagus tidak ada yang cacat terimakasih kak,
199,mantap minnn terimakasih yaa kurir mantap peckingan juga mantappp,,
245,bagus dan pengiriman cepat,bagus dan pengiriman cepat,
262,botol minumnya cantik jd kpengen minum terus bermanfaat bgt buat yg suka lupa minum dan praktis ga mesti bolak balik ambil gelas pengiriman pake sameday super kilat,,
263,pengiriman cepet tapi packaging nya udh rusak jadi ada lecet dikit,,
264,makasih seller makasih bang kurir semoga bermanfaat dan awet,,
300,barang bagus dan aman pengiriman lumayan lama nyampainya tapi gpp pokoknya suka deh thanks seller nggk kecewa pokoknya mantap,,
302,bagus sesuai gambar pengiriman cepat thank you,bagus sesuai gambar pengiriman cepat thank you,
305,gatau dari sellernya atau kurir nih packingan sampe sobek botolnya sedikit kegores tp gapapa masih bisa pake,,
311,aku nambah bublewrap robek bublewrap bagian handel nya tapi botol tetep aman botol sesuai ekspektasi bagus hari paket nyampe,,
314,baguuusss bangettttt botol minumannya maaf foto dan video gak sesuai langsung kirim ke customer pengiriman cepat bagus pokoknya,"baguuusss bangettttt
botol minumannya
maaf foto dan video gak sesuai
langsung kirim ke customer
pengiriman cepat
bagus pokoknya",
320,alhamdulillah paket sudah datang respond penjual ramah kurir sopan real pict banget sesuai dngan pesanan variasi purpple packaging sumper duper aman doble bubblewarp estimasi pengiriman hari the best deh pokonya thx sist,,
326,pengirimannya rapih banget bouble wrap nya tebel jdi barang gak pecah atau lecet suka banget stikernya lucu bagus banget pokoknya,,
330,pesanan sudah sampai sesuai pesanan kurirnya juga ramah makasih buat tokonya makin sukses dan top,,
331,harga produk sangat terjangkau bahan bagus dan kuat awet pengemasan sangat aman sekali ringanpengiriman sangat cepat produk original,"harga produk sangat terjangkau bahan bagus dan kuat awet pengemasan sangat aman sekali ringanpengiriman sangat cepat
produk original",
332,product original product realpict harga standard kualitas product baik pengemasan dan pengirimannya cepat dan aman,product original product realpict harga standard kualitas product baik pengemasan dan pengirimannya cepat dan aman,
334,pengiriman cepat penjual ramah barang sesuai pesanan realpict bagus terima kasih,pengiriman cepat penjual ramah barang sesuai pesanan realpict bagus terima kasih,
335,pengirimanpengemasan jg cepet kurang cuma stiker nya aja ga sebanyak digambar but over all ini bagus bgt thank u,,
337,terima kasih seller paket sudah diterima dengan kondisi bagus cakep botolnya,,
338,telurny fresh bgt pengiriman cepat dan aman sukses gerus ya shopee,telurny fresh bgt pengiriman cepat dan aman sukses gerus ya shopee,
339,barang bagus harga terjangkau produk original pengiriman cepat,barang bagus harga terjangkau produk original pengiriman cepat,
343,paket udah diterima dengan baik tapi warna enggak sesuai reques padahal udah chat penjual sebelumnya n dibalas oke,,
351,suka karena pengirimannya yg cepat dan harganya juga terjangkau tapi barangnya diterima sudah banyak terdapat penyok semoga dipembelian berikutnya yg kk gini gk terjadi lagi ya min soalnya suka bgt sama produk dan kualitasnyaaaa,suka karena pengirimannya yg cepat dan harganya juga terjangkau tapi barangnya diterima sudah banyak terdapat penyok semoga dipembelian berikutnya yg kk gini gk terjadi lagi ya min soalnya suka bgt sama produk dan kualitasnyaaaa,
352,terimakasih terimakasih paketnya sudah nyampe pengemasannya rapih dan barangnya juga bagus sesuai tidak ada yg cacat pokoknya tidak mengecewakan dan sangat puas udah belanja disini,,
355,alhamdulillah paketan sudah sampai dengan baiksumpah ni botol minuman bagus bangettt terimakasih seller,,
356,paket sudah sampe makasih y ternyata besar aq pikir gk terlalu besar gini tapi gk pp deh bagus juga kualitas nya,,
362,barang bagus dan anak saya senang sekali pengirim juga baik dan sopan seler juga baik sayang nya pengiriman metok di hari libur tapi cepet lah trima kasih moga jd langganan,,
370,botolnya baguscm agak lecet dibagian tutupnya trus botol yg lg pesen warna birutp yg dtg ijo untung anak sy ga masalah pengiriman jg lambat banget dr pihak ekspedisinyapadahal uda pakai sicepattp ga cepat untk kualitas botol bagus koq modelnya jg bagustq ya seller,"botolnya baguscm agak lecet dibagian tutupnya
trus botol yg lg pesen warna birutp yg dtg ijo untung anak sy ga masalah
pengiriman jg lambat banget dr pihak ekspedisinyapadahal uda pakai sicepattp ga cepat
untk kualitas botol bagus koq
modelnya jg bagustq ya seller","botolnya baguscm agak lecet dibagian tutupnya
trus botol yg lg pesen warna birutp yg dtg ijo untung anak sy ga masalah
pengiriman jg lambat banget dr pihak ekspedisinyapadahal uda pakai sicepattp ga cepat
untk kualitas botol bagus koq
modelnya jg bagustq ya seller"
371,paket sampai dengan selamat barangnya bagus pengiriman sangat cepat hari jktbatam,"paket sampai dengan selamat
barangnya bagus
pengiriman sangat cepat
hari jktbatam",
375,pengemasan dan pengiriman cepat barang datang sesuai pesanan thank you seller,"pengemasan dan pengiriman cepat
barang datang sesuai pesanan
thank you seller",
376,barang di terima dengan baik dan pengiriman sesuai schedule,,
377,pengiriman cepat packing bagus barang dan model baguslucumoga gak pecah yamakasih,pengiriman cepat packing bagus barang dan model baguslucumoga gak pecah yamakasih,
378,pengirimannya agak lama tapi barangnya sesuai dengan yg dipesan,,
381,wooowww pengiriman cepat banget tanpa nunggu berhari hari,wooowww pengiriman cepat banget tanpa nunggu berhari hari,
385,puas banget gak ada kecewanya sama sekali sesuai gambar banget pengiriman cepet banget hari nyampek,,
389,bahan oke tebal dan bagus warnanyapacking rapi pengiriman cepat thanks seller n pak kurir,bahan oke tebal dan bagus warnanyapacking rapi pengiriman cepat thanks seller n pak kurir,
390,tempat minumnya uda nyampe dgn amanpengiriman juga cepatproduknya sesuai yg dimintaada stikernya pulathanks seller...,tempat minumnya uda nyampe dgn amanpengiriman juga cepatproduknya sesuai yg dimintaada stikernya pulathanks seller...,
397,bahan bagus harga terjangkau warna cantik packing rapi pengiriman rapi sukaaaaaa,,
399,alhamdulillah barang sudah nyampai kualitas bagus pengiriman juga cepat,"alhamdulillah barang sudah nyampai
kualitas bagus pengiriman juga cepat",
401,terima kasih untuk barang kualitas bagus sesuai dan untuk pengiriman sangat cepat,"terima kasih
untuk barang kualitas bagus sesuai dan untuk pengiriman sangat cepat",
402,barang nya sesuai pesanan sesuai gambarmantaf mksih seller mksih abang kurir,,
409,alhamdulillah sampai dg selamat slalu sellermakasih kurir dan shopee,,
414,untuk pengiriman super sangat cepat sekali tapi sayang ada lecet sedikit di tengngan nyamungkin ada jatuh jd lecet,untuk pengiriman super sangat cepat sekali tapi sayang ada lecet sedikit di tengngan nyamungkin ada jatuh jd lecet,
417,produk bagus sesuai digambar warna sesuai pesanan cepat pengirimanya cepat sampenya packing rapih,produk bagus sesuai digambar warna sesuai pesanan cepat pengirimanya cepat sampenya packing rapih,
418,botol minumnya bagus pengiriman cepat terimakasih,botol minumnya bagus pengiriman cepat terimakasih,
420,brg sesuai pesananpackaging amanpengiriman cepet,,
422,barang bagus sesuai pesanan dan gambar pengiriman juga cepet banget tq seller,,
423,udah beli botolnya selucu ituuu pengirimannya cepet pula semangat minum air putih yang banyak ini mah,,
427,paketnya udah nyampe pengemasannya rapi,,
433,barang di terima dengan baik dan pengiriman sesuai schedule,,
434,meskipun harganya lebih murah dari yg lain tapi kualitas tetap ok pengiriman juga cepat,"meskipun harganya lebih murah dari yg lain tapi kualitas tetap ok
pengiriman juga cepat",
436,makasih kakkbtw kasih bintang krna agak lama pengiriman nyatpi ok lah,,
439,pengiriman cepatt pengemasan baikk brg bagus sesuai dgn yg digambar next bakalan order lgi sukses trus usahanya semoga berkah,pengiriman cepatt pengemasan baikk brg bagus sesuai dgn yg digambar next bakalan order lgi sukses trus usahanya semoga berkah,
440,mantaabrespin seller cepet dan pengiriman amanmakasih seller respon cepetnyaaa,,
443,kualitas produk sangat baik produk original harga produk sangat baik kecepatan pengiriman aga lama respon penjual sangat baik,"kualitas produk sangat baik
produk original
harga produk sangat baik
kecepatan pengiriman aga lama
respon penjual sangat baik",
444,produknya bagusudah kali kedua beli disini tapi syang nyampenya lamasemoga bisa diperhatikan lagi waktu pengiriman nya makasih,,
451,botol minum nya udah sampai nih bagus bangeeeetttt real pict sesuai ekspetasi warna nya cantiiiiqqqq bangeeeeettt pengiriman cepeeeet terima kasiiiiiihhh yaaaaaa saya kasih bintang deehhh,,
454,jujur botol nya bagus sesuai gambar tp kecewa soalnya gagang nya patah entah kesalahan jasa ekspedisi atau kurir nya pdhl dr penjual nya udh dksh bublewarp tebal sedih bgt sumpah klo punya uang mau beli lg tp tolong jgn smpe patah lg y gagang nya jd g bs d bawa krj klo kayak gni,,
457,masyaallah cantik bgt walaupun paketnya uda keadaan basah kuyup krna di medan musim hujan alhamdulillah paketnya aman dan packing jg aman terima kasih kk,,
459,bagus lucu pengiriman gercep banget terimakasih seller terimakasih shopee,,
460,paket dh datang tapi ukuran tidak sesuai sudah chat ke penjual tapi tidak d tolong di perbaiki jangan begitu,,
462,terima kasih barang sesuai pesanankakak senang orderanya sampaipeyemangat biar rajinsemoga awetkurir amanah baik sukses terus boskuh,,
468,makasih seller realpict lucu bngt masang stikernya sampe senyum2 sendiri karena lucu bagus sukses sllu buat tokonya dan makasih buat kurirnya jg,,
477,alhamdulillah akhirnya sampai juga setelah sekian lama pengiriman lama untung barangnya bagus terima kasih,,
479,makasih kak barangnya sudah sampek baguss banget pengirimannya juga cepat,makasih kak barangnya sudah sampek baguss banget pengirimannya juga cepat,
482,barang nya bagus sesuai gambar pengiriman nya juga cepat hasilnya sesuai lah dengan harga,"barang nya bagus sesuai gambar pengiriman nya juga cepat
hasilnya sesuai lah dengan harga",
488,bagus bangett sukakkkk paket sampai tanpa cacat bahan juga bagussss,,
495,alhamdulillah paketnya sudah nyampai top mantab dan puas stikernya juga siiip anak saya jadi suka banget harga sangat terjangkau semoga tetap amanah dan tetap sehat laris manis jualannya ya gan tanks,,
497,bagus pengiriman standard dapet harga diskon suka suka,,
507,barang bangustapi agak kesal sama tukang kurirnya gx di antar sesuai almatnya bisanya di buat ke tetangga padahal saya di rumah,,
514,pengiriman cepet barang nya oke punya,,
519,pengirimanya cepattrimakasih,pengirimanya cepattrimakasih,
525,pengiriman nya lama banget ya allahh,,
564,bagus sekali makasih kk dan kurir,,
589,yee barangnya sampe juga rekomen si toko nya harganya murah2 pengiriman dan pengemasannya cepet barang real pict ya pengemasan aman no cacat cakep lah pokok nya,,
636,barang bagus pengiriman lumayan pokoknya bagusssssssssss,,
674,barang bagus pengiriman lumayanlah packing rapi maaf gambar bukan aslinya baru ditempat kerja barang ada dirumah but overall oke dan seperti deskripsi,,
688,pengiriman cepet si tpi ko lecet ya,,
691,bagus bangett pengiriman nya cepet,,
740,pengiriman sangat cepat packing bagus tks,pengiriman sangat cepat packing bagus tks,
747,pengirimannya sangat cepatbarang sesuai pesanan,pengirimannya sangat cepatbarang sesuai pesanan,
763,lucu deh kurir ramah karena sudah langganan,,
788,permintaan sesuaikualitas baguspengiriman cepat,permintaan sesuaikualitas baguspengiriman cepat,
799,produk original barang nya bagus harga lumayantapi pengiriman nya lama banget,,
820,puji tuhan paketannya sudah sampai dengan selamat terima kasih banyak,,
827,alhamdulillah pesanan kedua sangat memuaskanpengiriman sangat cepatterima kasih,alhamdulillah pesanan kedua sangat memuaskanpengiriman sangat cepatterima kasih,
830,maaf baru kasih nilaysesuai pesanan pengiriman aman semua nya oke,,
833,sesuai pesanan barang bagus pengiriman super cepat thanks seller shopee kurir,sesuai pesanan barang bagus pengiriman super cepat thanks seller shopee kurir,
835,brgnya oke cuma proses pengirimannya aja yg lamaslow respond klo chat sellernya,,
839,packing bubble warp rapih dan tebal pengiriman cepat barangnya bagus sekali mami aku suka thankyou seller sukses selalu,"packing bubble warp rapih dan tebal
pengiriman cepat
barangnya bagus sekali
mami aku suka
thankyou seller sukses selalu",
843,botolnya oke banget sukaa kurirnya juga ramah mkasih yaa,,
844,sesuai pesanan dan tak ada gores paketnya juga sampai dgn cepat,sesuai pesanan dan tak ada gores paketnya juga sampai dgn cepat,
846,botolnya bagusdikirim pake bubblewrap yg tebel jd sangat aman trus pengirimannya juga super cepetbaru pesen kmrn siangsiang ini udh sampe barangnyamantaaap,,
850,kurang evektif sya pesannya yg tiba cuman udah bayar mahal2 eh yang tiba cum doa,,
852,pengiriman dan packing barang terlalu lama dari pemesanan lebih ditingkatkan lagi untuk pengirimannya agar cepat sampai kualitas barang ok bagus,pengiriman dan packing barang terlalu lama dari pemesanan lebih ditingkatkan lagi untuk pengirimannya agar cepat sampai kualitas barang ok bagus,
853,cepat pengiriman nya barang sesuai bgt sama pesanan,cepat pengiriman nya barang sesuai bgt sama pesanan,
861,barang nya bagus pengirimannya lama responnya juga kurang bersahabat,,
862,cepet banget pengirimnya barangnya bagus kurir nya ramah mks shopee,,
867,untuk pengiriman cepattapi untuk kualitas botol kurangfree stiker terima kasih,untuk pengiriman cepattapi untuk kualitas botol kurangfree stiker terima kasih,
872,barang kualitas bagus pengiriman cepat dan rapi overall good puas,barang kualitas bagus pengiriman cepat dan rapi overall good puas,
874,lama banget udh seminggu lebihmasalah juga di kurirnyasaya sampai keliling buat ngecek barang saya,,
899,barangnya bagus pengirimannya cepat,barangnya bagus pengirimannya cepat,
915,terima kasih pengiriman cepat,terima kasih pengiriman cepat,
921,barang bguspengiriman cepat,barang bguspengiriman cepat,
935,maaf baru ngasih ulasan pengirimannya lamatp barangnya oke sesuai gambar,,
956,bagus sihanya pengiriman terlllllllllaaaaaaaalllllu lama padahal langsung di kirim tidak bisa d batalinsempat kesal sekali krn saudra yg ambil terakhr di ambil lahcoba aja dulutrmksh,,
982,brg bagus kurir ramah,,
996,bagussss bangettttt packing juga rapihhh fast respon pengiriman juga cepatttt pokoknya puassss bangt belanja disiniiii thx kakakakakaka,bagussss bangettttt packing juga rapihhh fast respon pengiriman juga cepatttt pokoknya puassss bangt belanja disiniiii thx kakakakakaka,
1011,bagus pengiriman cepet skskskskskskskskskskkskskskskksksjsjs,,
