,"Reviews with the words courier, delivery etc",Reviews with the word fast,Reviews with the word slow
0,kualitasstandar pada umumnya lampu yang harganya tidak mahal semoga awet ya hargasangat murah daya watt sesuai pesanan respon penjual baik pengiriman cepat dan harganya murah,"kualitasstandar pada umumnya lampu yang harganya tidak mahal semoga awet ya
hargasangat murah
daya watt sesuai pesanan
respon penjual baik
pengiriman cepat dan harganya murah",
1,hargaterjangkau kualitasbaik harga terjngkau kualitas baik pengiriman cepat cuma packaginya ngeri serem saran untuk next packagingnya di kardusindi bungkus karton tebel baru bubble wrap semangat seler,"hargaterjangkau
kualitasbaik
harga terjngkau kualitas baik pengiriman cepat cuma packaginya ngeri serem saran untuk next packagingnya di kardusindi bungkus karton tebel baru bubble wrap semangat seler",
3,hargalumayan murah daya barang nya bagus kemasan nya juga rapi tp lampu nya blm di coba mudah mudahan nyala kurirnya juga ramah,,
5,hargaterjangkau daya listriktinggi kualitasbaik makasiih paketnya dah sampe smoga awet,,
11,kualitasnyala terang semoga awet hargapaling murah daya listriksekoga irit alhamdulillah pesanan sdh dtg packing super rapi cargo lbh cepat dr estimasi pesanan mungkin ada yg kosong jd dpt ganti yg lain dg harga diskon trm ksh seller shopee kurir,"kualitasnyala terang semoga awet
hargapaling murah
daya listriksekoga irit
alhamdulillah pesanan sdh dtg packing super rapi cargo lbh cepat dr estimasi pesanan mungkin ada yg kosong jd dpt ganti yg lain dg harga diskon trm ksh seller shopee kurir",
22,kualitasbagus hargamurah daya w barang sesuai tidak penyok dan pecah pengiriman lumayan lama terimakasih,,
24,daya watt kualitastermasuk mumpuni hargaterjangkau kesan pertama yg saya terima adalah cara pengemasannya memperhatikan keamanan barang bisa cek video saya kasih jempol sudah sy cek secara acak satu dan hidup semoga semuanya juga dalam kondisi yang sama nyala cukup terang tks kurirnya jg sdh sy beri tip digital,,
26,barang tiba dengan slamet n ga ada cacat di lampunya kalo kardus mah pengok2 respon penjualnya mantaap sukses selalu ya,,
31,kualitasproduk sangat baik kecepatan pengiriman mancapp hargarelatif terjangkau pas di kantong daya listrikhemat bangett produk ini berkualitas dan harga terjangkau pengiriman paket rapih,"kualitasproduk sangat baik kecepatan pengiriman mancapp
hargarelatif terjangkau pas di kantong
daya listrikhemat bangett
produk ini berkualitas dan harga terjangkau pengiriman paket rapih",
34,hargalumayan daya listrikrendah kualitasbagus paket sudah di terima dg baik pengemasan nya rapi bublewrap udh order lampu dsni mksh y,,
41,kualitastop hargasipp daya listrikoke banget cepat sekali nympe paket ya top marktop maaf g sesuai gambar terima kasih banyak semoga sukses,"kualitastop
hargasipp
daya listrikoke banget
cepat sekali nympe paket ya top marktop
maaf g sesuai gambar terima kasih banyak semoga sukses",
44,kualitasoke hargamurah banget daya listrikhemat alhamdulillah paketnya udah nyampebarang datang sesuai dengan pesanan packing rapiudah di cobain lampu nya semua nya nyalasemoga awet lampunyaaku udah langganan beli lampu di toko ini semoga bermanfaatterimakasih seller kurirdan juga shopee,,
45,barangnya sudah sampai dengan amansesuai dengan diskripsilampunya terang semoga awetkurir baik dan ramah,,
46,daya kualitasbagus hargaterjangkau alhamdulillah paketnya sdh sampai sesuai dengan pesananterimakasi,,
50,kualitasbagus hargamurah daya listrikstandar makasi ya kakcepet pengiriman bagus packing nyamurah juga harganya,,
52,hargamurceee daya pengiriman super cepat packing baik pke buble thanks seller rekomendasi buat toko inilah,"hargamurceee
daya
pengiriman super cepat packing baik pke buble thanks seller rekomendasi buat toko inilah",
56,packing dan pengiriman baik pesanan diterima dlm kondisi kurang baik terlepas begitu produk sesuai pesanan kualitas terangnya sesuai harga lah semoga awet aja,,
57,kualitasok hargaok daya listrikok paket diterima dengan baik pengemasan nya rapih pengiriman nya cepat nyalanya terang semoga awet,"kualitasok
hargaok
daya listrikok
paket diterima dengan baik pengemasan nya rapih pengiriman nya cepat nyalanya terang semoga awet",
60,kualitasbaik hargaterjangkau daya volt kualitas baik pengiriman juga aman,,
61,kualitasbaru coba hargamurce daya terimakasih pengiriman sangat cepat hanya saja pengepakan kurang baik sehingga begitu di buka tutup lampunya terbuka meskipun bisa di buka tutup semoga saja lampunya sesuai kekuatannya,"kualitasbaru coba
hargamurce
daya
terimakasih pengiriman sangat cepat
hanya saja pengepakan kurang baik sehingga begitu di buka tutup lampunya terbuka meskipun bisa di buka tutup
semoga saja lampunya sesuai
kekuatannya",
64,kualitasbelum tau sebab blm di coba hargamurah meriah daya listrikbelum tau pesanan sudah tibapengiriman laaaammaaamungkin karna banyak pesanan x yaachsayang yg watt gak di kirim tapi di ganti dgn yg wattfungsi blm tau sebab blm di cobacahaya pun blm tau seberapa terang thx shopeeseller n babang kurir,,
68,karena pas buka paket kondisi produknya terpisah elemennya jadi baru tau kalo lampu led itu begini,,
73,kualitas okpengiriman cepat dan amanseller respondthanx,kualitas okpengiriman cepat dan amanseller respondthanx,
78,hargaterjangkau daya listrikhematlow watt kualitasbaik paket telah diterima dengan baik packing rapih dilapisi bubblewarp tebal sdh di test bagusterang pengiriman cepat nextnya bisa order lagi terimakasih,"hargaterjangkau
daya listrikhematlow watt
kualitasbaik
paket telah diterima dengan baik packing rapih dilapisi bubblewarp tebal sdh di test bagusterang pengiriman cepat nextnya bisa order lagi terimakasih",
80,hargamurah daya listrikrendahhh kualitasok jumbo jangan raguuuu pengiriman cepatttt ayo ready,"hargamurah
daya listrikrendahhh
kualitasok jumbo
jangan raguuuu pengiriman cepatttt ayo ready",
81,harga paling murah diantara yang lain packing yang diberikan cukup bagus pengiriman juga cukup cepat,"harga paling murah diantara yang lain
packing yang diberikan cukup bagus pengiriman juga cukup cepat",
84,hargaok daya listrikblm coba kualitasblm coba barang penyok semua tutup pada copot pengiriman lambat,,"hargaok
daya listrikblm coba
kualitasblm coba
barang penyok semua tutup pada copot pengiriman lambat"
87,hargamurah daya listriksangat terangggg kualitasok pengiriman sangat cepat packing rapi lampu nya ok bgt terang benderang makasih smga jd langganan udah beli di toko ini,"hargamurah
daya listriksangat terangggg
kualitasok
pengiriman sangat cepat packing rapi lampu nya ok bgt terang benderang makasih smga jd langganan udah beli di toko ini",
90,hargalumayan daya listrikbelum tau kualitasbelum di coba pengiriman cepat packing lumayan bubble wrap nya tebel walau dus nya penyok2mungkin di perjalanannya terbentur2 kualitas belum dicoba,"hargalumayan
daya listrikbelum tau
kualitasbelum di coba
pengiriman cepat packing lumayan bubble wrap nya tebel walau dus nya penyok2mungkin di perjalanannya terbentur2 kualitas belum dicoba",
91,hargabaik daya listrikbaik kualitasbaik pengiriman cepat harga baik sesuai pesanan respon penjual baik terimakasih,"hargabaik
daya listrikbaik
kualitasbaik
pengiriman cepat harga baik sesuai pesanan respon penjual baik terimakasih",
93,hargamurah meriah kualitassedang barang bagus sesuai dengan foto pengiriman cepat toko nya amanah,"hargamurah meriah
kualitassedang
barang bagus sesuai dengan foto pengiriman cepat toko nya amanah",
96,hargaterjangkau daya listrikirit kualitasbagus paketnya sdh sampai sesuai dengan pesanan pengemasanya pakai bablle wrap baik rapih mdh2n tambah berkahterimakasi kaka,,
99,kualitasok hargamurah daya watt realpick seesuai pesenan modelnya bagus mantap thanks seller shoppee dan kurir,,
100,daya listrikbaik kualitaslumayan hargabaik paket mendarat dengan selamat walau ada sedikit penyok belum d coba awet packing tanpa lapis,,
104,kualitasbaik hargamurmer maaf baru kasih ulasan pengiriman cepat respon penjual sangat cepat dan baik pokoknya thebest lah terima kasih shopee,"kualitasbaik
hargamurmer
maaf baru kasih ulasan pengiriman cepat respon penjual sangat cepat dan baik
pokoknya thebest lah
terima kasih shopee",
105,kualitasbagus hargabersaing daya watt di test nyala semua pengiriman cukup cepatsemoga awet dan tahan lama,"kualitasbagus
hargabersaing
daya watt
di test nyala semua pengiriman cukup cepatsemoga awet dan tahan lama",
108,daya listriksesuai harga kualitasbiasa aja baik hargabaik baik baik baik gercep tokonya kurirnya baik soalnya ujan ujan mau nganter,,
110,kualitasmantap hargamurah daya listriklumayan terang paket sudah datang pengiriman super cepat semoga awet,"kualitasmantap
hargamurah
daya listriklumayan terang
paket sudah datang pengiriman super cepat semoga awet",
113,paket telah mendarat dengan selametterimakasih shopee dan tokonya terutama sama kulirnya yang selalu ngantakan paketnyatapi barangnya belum dicoba moga nyala semua,,
114,paket telah mendarat dengan selametterimakasih shopee dan tokonya terutama sama kulirnya yang selalu ngantakan paketnyatapi belum dicoba moga nyala semua,,
117,daya listrikrendah kualitasbagus hargamurah pengiriman lama,,
120,hargaterjangkau daya listrikterang kualitaslumayan bagus maf baru ksh ulasan barang mendarat dngn aman selamat lampu nyala semua thanks seller kurir shopee,,
125,kualitasbaik hargamurah daya terima kasih banyak ya lampunya telah diterima dengan baikpengiriman baik sekali walaupun yg di beli harga nya murahsukses buat usaha nya,,
126,kualitasbaik hargamurah daya barangnya sudah saya terima bagus pengiriman barang cepat dan mudah di sini teraaanngg bangett,"kualitasbaik
hargamurah
daya
barangnya sudah saya terima bagus pengiriman barang cepat dan mudah di sini teraaanngg bangett",
128,kualitasbagus hargastandar daya listrikhemat kualitas barang bagus pengiriman cepat kurir ramah harga murah,"kualitasbagus
hargastandar
daya listrikhemat
kualitas barang bagus pengiriman cepat kurir ramah harga murah",
129,hargamurce daya listrikhemat energi kualitasbagus baru pertama order disini semoga bagus dan awet yahterang lohthx to seller dan kurir langganan aku,,
133,kualitasbaik hargamurah daya listriksegitulah udh nyampe paket nya bos terima kasih semoga awet,,
139,kualitasok hargaok daya pengiriman sekarang agak cepat dan barang sesuai pesanan,"kualitasok
hargaok
daya
pengiriman sekarang agak cepat dan barang sesuai pesanan",
144,daya w kualitasbagus hargamurah paket udh sampe paking rapi barang tidak cacat tepat waktu pas dirumah ocel kl begitu,,
146,daya kualitasbaik hargaterjangkau pengiriman cepat packing rapih harga terjangkau mantap semoga awet,"daya
kualitasbaik
hargaterjangkau
pengiriman cepat packing rapih harga terjangkau mantap semoga awet",
150,kualitasbaik hargaterjangkau daya listrikcukup terimakasih kak barang sudah sampai dengan aman sesuai dengan permintaan pesanan yang diinginkan oleh pembeli untuk respon penjual sangat baik untuk packing barang masih aman mulus pengiriman barang termasuk cepat kualitas barang bagus pokoknya ini toko the best recommended seller dah mantul,"kualitasbaik
hargaterjangkau
daya listrikcukup
terimakasih kak barang sudah sampai dengan aman sesuai dengan permintaan pesanan yang diinginkan oleh pembeli untuk respon penjual sangat baik untuk packing barang masih aman mulus pengiriman barang termasuk cepat kualitas barang bagus pokoknya ini toko the best recommended seller dah mantul",
151,hargamurah daya kualitasok barang sudah sampai meski lampu pada kebuka semua tapi gak papa lh pengiriman agak lama,,
152,kualitas produk baik harga produk baik kecepatan pengiriman baik,kualitas produk baik harga produk baik kecepatan pengiriman baik,
157,hargamurah dikit paket udah smp terima kasih seller terima kasih kurir,,
160,kualitasblm di coba hargamurah pengiriman cepat beli lampu w,"kualitasblm di coba
hargamurah
pengiriman cepat beli lampu w",
161,kualitasbagus terang bgt hargalumayan mendarat dengan mulus kualitas bagus pokonya mantab lah pengiriman barang juga cepet,,
163,paket sudah sampai lampunya blm dtest smoga nyala mksh kka,,
164,hargamurah tapi gak murahan daya listrikhemat energi kualitasbaik sekali pengiriman cepat sekali,"hargamurah tapi gak murahan
daya listrikhemat energi
kualitasbaik sekali
pengiriman cepat sekali",
167,kualitasbaik hargamurah daya listrikrendah alhamdulillah semua berfungsi dengan baik dan menyala semua makasih ya reseller dan shopee kurir juga ya semoga toko ini selalu amanah ya dan sukses selalu,,
169,kualitasbagus hargamurah daya listrikterang pengiriman lama bahkan ad yg di cancel otomatis oleh sistem krn kelamaan,,
172,pengemasan bagus produk sampai dgn selamat lama pengiriman standar,,
173,kualitasoke hargamurah banget daya listrikhemat alhamdulillah paket nya udah nyampe lampu nya saya udah ke nya belanja di sini alhamdulillah amanah semoga lancar dan berkah terimakasih seller kurirdan juga shopee sukses terus,,
175,kualitasbaik hargakompetitif daya listrikmaksimal alhamdulillah paket sdh sampai packing rapismoga bermanfaat tahan lamaaamiiinn yra,,
177,kualitaslumayan hargaterjangkau sekali daya pengiriman cepat packing aman pakai bublewarp semoga berfungsi dengan baik terimakasihhhhhh,"kualitaslumayan
hargaterjangkau sekali
daya
pengiriman cepat packing aman pakai bublewarp semoga berfungsi dengan baik
terimakasihhhhhh",
178,daya listrikok kualitasok hargamurah meriah barang nya oke pengiriman nya lumayan cepat dan pengemasan barang nya bagus dan rapi,"daya listrikok
kualitasok
hargamurah meriah
barang nya oke pengiriman nya lumayan cepat dan pengemasan barang nya bagus dan rapi",
189,kualitasmantul hargamurah daya listrikhemat buat toko ini semoga sukses paket rapi admin juga ramah mantul pkok nya gak rugi beli d tempat ini teruntuk barang belom d coba semoga berguna,,
193,kualitassemoga baik blm di buka hargamurah daya listrikblm dicoba produk baik semoga tidak ada yang rusak karena belum dicoba pengiriman dan pengemasan juga baik semoga awet walau harganya murah nyala terang,,
194,paket mendarat dengan selamat alhamdulillah terimakasih seller,,
196,kualitasbaik hargamurah daya listrikringan barang sudah tiba packing baik pengiriman ok terima kasih semoga awet,,
197,terang sekali paketnya semoga awet dan tahan lama terima kasih,,
199,kualitasok hargamurah daya ayo jgn ragu beli di toko iniane dh langgananpacking mantaaaapharga murah bropengiriman cepatterima kasih,"kualitasok
hargamurah
daya
ayo jgn ragu beli di toko iniane dh langgananpacking mantaaaapharga murah bropengiriman cepatterima kasih",
205,kualitasok hargaramah dikantong daya listriksesuai produk cepat sampai kondisi utuh thanks kurir thanks seller thanks shopee,"kualitasok
hargaramah dikantong
daya listriksesuai
produk cepat sampai kondisi utuh thanks kurir thanks seller thanks shopee",
212,alhamdulillah sudah sampai walau lama banget pengirimannya tp lampunya berfungsi dengan baik makasih,,
214,kualitasterima kasih barangnya sudah sampai walaupun pengirimannya agak lama tapi tidak harap maklum,,
216,terima kasih seller barang sudah diterima kecewa dipengiriman aja dari jakarta pusat ke jakarta selatan masa harus kecirebon dulu,,
220,kualitasok hargaok daya barang oke nyala pengiriman lamaaaaaa hiyyungggg,,
222,hargamurah bangett daya listrikmudah mudahan hemat kualitasbagus alhamduillah lampunya besar nyala dan bagus aku pesan yang watt tapi datang nya yg watt semoga awet dan bermanfaat terimakasih sellerkurirdan juga shopee,,
223,produk bagusharga murahpengiriman standarblm di cobasmg bisa nyalamksh,,
227,kualitas cukup kondisi barang cukup pengiriman lama,,
235,terimakasih paket sudah sampai dengan cepatbarang semoga awet aamiin mantapp,"terimakasih paket sudah sampai dengan cepatbarang semoga awet aamiin
mantapp",
236,kualitaskwalitas sesuai deskripsi menyesuaikan harga alhamdulillah barang telah saya terima dgn baik dan kurirnya ramah semoga lancar untuk toko dan jasa ekspedisi nya dan juga semoga produk yg di terima pelanggan awet dan berguna recomended di toko ini banyakin promo diskon voucer bebas ongkir pasti makin rame,,
242,hargamurah daya listrikkecil kualitasuntuk saat ini bagus packing bagus admin ramah fast respon pengiriman cepat lampu nyala semua awet,"hargamurah
daya listrikkecil
kualitasuntuk saat ini bagus
packing bagus admin ramah fast respon pengiriman cepat lampu nyala semua awet",
245,hargamurah daya listrikhemat terimaksih lampunya sudah sampai pengiriman cepat paking rapih,"hargamurah
daya listrikhemat
terimaksih lampunya sudah sampai pengiriman cepat paking rapih",
248,hargaharganya bagus sesuai bahan kualitasterima kasih kakak barangnya sudah tiba dan baik,,
252,trima kasih paketnya sangat memuaskan sekali love u,,
255,daya w kualitasbagus kualitas produk bagus kecepatan pengiriman sangat bagus pengemasan sangat baik,"daya w
kualitasbagus
kualitas produk bagus kecepatan pengiriman sangat bagus pengemasan sangat baik",
257,hargaterjangkau daya kualitasbagus terimakasih kak barang sudah sampai dengan aman sesuai dengan permintaan pesanan yang diinginkan oleh pembeli untuk respon penjual baik untuk packing barang masih mulus pengiriman barang termasuk cepat kualitas barang bagus pokoknya ini toko the best recommended seller dah mantul,"hargaterjangkau
daya
kualitasbagus
terimakasih kak barang sudah sampai dengan aman sesuai dengan permintaan pesanan yang diinginkan oleh pembeli untuk respon penjual baik untuk packing barang masih mulus pengiriman barang termasuk cepat kualitas barang bagus pokoknya ini toko the best recommended seller dah mantul",
258,hargaok daya listrikirit kualitasok pengiriman cepat paking rapih semuanya ok dan puas belanja di sini,"hargaok
daya listrikirit
kualitasok
pengiriman cepat paking rapih semuanya ok dan puas belanja di sini",
260,hargahemat daya listrikhemat kualitasterbaik paket sudah sampai barang bagusharga jga murah tokonya baik lagipesan yang dkrim yang terimakasih seller good seller recommended seller deh,,
261,hargamurah daya watt kualitasoke lampu nya terang bangettoko nya amanahterimakasih shopeetoko nyasama abang kurir,,
265,hargasiiipz daya listrik kualitasbelum dicoba paketan sudah sampai bolamnya koq pake plastik tak kira pakai kaca ky lain apa nanti ngga kebakar,,
274,packing dan pengiriman cepat alhamdulillah nyala semua jooslah,"packing dan pengiriman cepat
alhamdulillah nyala semua
jooslah",
280,paketnya sudah keterima sesuai pesanan semuanya semoga pompanya jalan ya krn belum dicoba nich,,
282,hargamurah daya listriklumayan kualitasstandart kemasan rapi barang bagus blum dicoba semoga nyala pengiriman cepetthanks seller,,
288,hargamirah daya kualitasbagus paket sdh diterima dengan aman packing rapi murah pengiriman cepat respon penjual ok thx penjual shopee,"hargamirah
daya
kualitasbagus
paket sdh diterima dengan aman packing rapi murah pengiriman cepat respon penjual ok thx penjual shopee",
297,kualitasjelek saya kecewa beli di sini barang ga sesuai saya pesan watt yg dtang watt dan pas saya buka semua paket semua terbuka kabel dan batrai nya keluar kecewa saya,,
300,hargamurah daya listrikok kualitasok pengiriman cepat seller nya baik bgt mksih kak pesanan yg ke saya,"hargamurah
daya listrikok
kualitasok
pengiriman cepat seller nya baik bgt mksih kak
pesanan yg ke saya",
303,kualitassesuai harga ya yg penting lampunya nyala terang hargasesuai daya murah banget walaupun kwalitas bahan yg di pake ya sesuai harga pengiriman nya cepat,"kualitassesuai harga ya yg penting lampunya nyala terang
hargasesuai
daya
murah banget walaupun kwalitas bahan yg di pake ya sesuai harga pengiriman nya cepat",
304,daya listrikg tau kualitasbagus baguslampunya terangharganya murah pengiriman cpt kurir ramah respon penjual cepatmksh resseler,"daya listrikg tau
kualitasbagus
baguslampunya terangharganya murah pengiriman cpt kurir ramah respon penjual cepatmksh resseler",
313,terimakasih kak barang sudah sampai dengan aman sesuai dengan permintaan pesanan yang diinginkan respon penjual juga baik ramah fast pula kualitas barang pun juga bagus serta packing y mantul sekali sangat aman pengiriman sangat cepat pokoknya the best ni toko recommended seller pokoknya,terimakasih kak barang sudah sampai dengan aman sesuai dengan permintaan pesanan yang diinginkan respon penjual juga baik ramah fast pula kualitas barang pun juga bagus serta packing y mantul sekali sangat aman pengiriman sangat cepat pokoknya the best ni toko recommended seller pokoknya,
314,hargaterjangkau daya kualitasbaik paket sudah sampai dengan baik dan aman,,
315,hargaterjangkau daya listrikhemat kualitasbagus paket sudah sampaipengemasan rapi dilapisi bublewrap mksh ya udah order di toko ini semoga sukses selalu,,
319,paket sudah kami terima kak barang sesuai pesanan paking juga bagus sampai d rumah tidak ada cacat mantap,,
320,kecewa sya pesan dikirim dan katanya mo dikirim kekurangannya tp sudah sekian lama saya menunggu tdk jua dikirim buat seller harap lbh teliti dlm melayani pembeli dan tdk terjadi lg seperti ini dan merugikan pembeli,,
323,paket baru sampai mudahmudah idup lampu nya soal belum dicoba,,
325,terimakasih shopee barangnya sudah sampai cepet banget pengirimannya murah lagi,,
326,terimakasih shopee barangnya sudah sampai cepet banget pengirimannya murah lagi,,
327,paketnya sudah sampai cuma tidak sesuai pesanan dikirim tidak pake bubble wrap padahal sudah di masukkan dalam transaksi dan dibayar utk lampu jadi salah satu dari kemasan lampunya sampai di lokasi sedikit bonyok untungnya lampu led tetap msh berfungsihidup,,
328,maaf bru kasih nilai untuk pengiriman standar pengemasan lumayan dan lampunya alhamdulillah nyala semua,,
330,paket sudah sampai dan sudah di coba nyala lampunya tapi ga bs buat emergensi karna ga bisa digunakan alat penyambung gantungannya pokonya nyala mah ok dah makasih semuanya semoga makin berkah,,
333,pengiriman lama bgt pas saya batalin eh di tolak krn sdh dikirim kalo menurut saya kurang terang tp gpp jd adem buat dikamar,,
335,pengiriman cepat seller tidak responsible beli lampu yg bagus rapih tapi lagi seperti copot dari lem di tanya melalui massage tapi tidak di bls sama penjual lampu nyala dgn baik tapi kalau disuruh beli lagi di tmp ini sepertinya lagi,pengiriman cepat seller tidak responsible beli lampu yg bagus rapih tapi lagi seperti copot dari lem di tanya melalui massage tapi tidak di bls sama penjual lampu nyala dgn baik tapi kalau disuruh beli lagi di tmp ini sepertinya lagi,
336,hargamurag pengiriman lumayan cepat barang sesuai dengan pesanan tapi belom dicoba tidak mengecewakan terimakasih,"hargamurag
pengiriman lumayan cepat barang sesuai dengan pesanan tapi belom dicoba tidak mengecewakan terimakasih",
338,pengirimannya cepat sekali respon penjual juga ramah dan baik serta cepat produknya semua bagus bagus real pict bakalan jadi langganan terussa deehhh di sini puaassss banget belanja di siniiirecomended banget deehhh,pengirimannya cepat sekali respon penjual juga ramah dan baik serta cepat produknya semua bagus bagus real pict bakalan jadi langganan terussa deehhh di sini puaassss banget belanja di siniiirecomended banget deehhh,
344,kualitas produk sangat baik produk original harga produk sangat baik kecepatan pengiriman sangat baik respon penjual sangat baik,kualitas produk sangat baik produk original harga produk sangat baik kecepatan pengiriman sangat baik respon penjual sangat baik,
345,standard untuk harga yg murah hanya saja yg datang tak sesuai gambar pengirimannya juga cepat terima kasih,standard untuk harga yg murah hanya saja yg datang tak sesuai gambar pengirimannya juga cepat terima kasih,
351,hargamurah daya listrik rendah kualitasbaik lampu nya bagus hemat energi terang dan tahan lama pengiriman barang cukup cepat respon penjual cukup baik,"hargamurah
daya listrik rendah
kualitasbaik
lampu nya bagus hemat energi terang dan tahan lama pengiriman barang cukup cepat respon penjual cukup baik",
353,paket telah diterima dengan selamatpelayanan fast responkurir ramahpengiriman cepatpokoknya recomended banget,paket telah diterima dengan selamatpelayanan fast responkurir ramahpengiriman cepatpokoknya recomended banget,
354,paket sudah diterima isinya lengkap lampu lid tidak ada gantungan tapi bisa menyala dengan baik terimakasih,,
355,sesuai dengan pesanan dan paket sangat rapi kurir sangat sopan proses cepat akurat puas sy belanja disini terimakasih sellerdan shoppe,"sesuai dengan pesanan dan paket sangat rapi kurir sangat sopan proses cepat akurat puas sy belanja disini
terimakasih sellerdan shoppe",
356,paket diterima dengan aman dan selamat order y biasa dpt y emergency mungkin karna stok ga ada anyway ty,,
359,kualitas produknya sangatlah baikproduknya originalharga produknya sangatlah baikkecepatan pengirimannya sangatlah baikrenspon penjualnya sangatlah baik,kualitas produknya sangatlah baikproduknya originalharga produknya sangatlah baikkecepatan pengirimannya sangatlah baikrenspon penjualnya sangatlah baik,
360,pengiriman cepatlampu kedua duanya nyalatapi yang watt ng terlalu teranglumayanlah sesuai harga,pengiriman cepatlampu kedua duanya nyalatapi yang watt ng terlalu teranglumayanlah sesuai harga,
362,paket sudah di terima dengan aman dan utuh sesuai dengan pesanan semoga awet amin thanks seller,,
364,packing bagus kurir ramah sekali belum di buka semoga awet semoga ga mati,,
365,lampu nya tiba dalam keadaan baik nyala nya lumayan terang untuk ukuran lampu dengan harga murah semoga awet biar bisa langganan beli disini makasih gan,,
367,produk sampai dengan baik dan kualitasnya oke pengirimannya juga lumayan cepat,produk sampai dengan baik dan kualitasnya oke pengirimannya juga lumayan cepat,
369,pengirimann nya rapi pengemasannya juga harga terjangkau mantap pokoknya,,
373,produk okpengiriman cepatpacking amanmantaplah smoga awet,"produk okpengiriman cepatpacking amanmantaplah
smoga awet",
375,lama di pengirimannya aja barangnya sesuai dengan pesanan,,
379,makasih produk sdh sampaipengiriman beberapa haritapi setelah dibuka dari kotak barang rusak dan berantakan tak sesuai dgn harapan sngat kecewa,,
384,produk oke tapi yang satu udah copot udah dicoba nyala semua semoga awet yahh pengiriman juga cepett,,
386,udah kaya warung remangremang jadi nya ini barang oke kak kualitas jg lumayan baguss pengiriman cepat walau respon penjual nya lama,"udah kaya warung remangremang jadi nya ini
barang oke kak kualitas jg lumayan baguss
pengiriman cepat walau respon penjual nya lama",
389,paket nya sudah bagus terang bangettt sesuai gambar terimakasih,,
390,packing cukup aman pengiriman cepat semoga berfungsi dengan baik,packing cukup aman pengiriman cepat semoga berfungsi dengan baik,
394,barang sesuai pesanan pengiriman barang sesuai pesanan pengiriman barang sesuai pesanan pengiriman barang sesuai pesanan pengiriman barang sesuai pesanan pengiriman,,
395,alhamdulillah paketan sudah sampai,,
399,pengiriman dr penjual amat sangat baik bagi yg sabar menunggu top bngt dah responnya pokoknya ditunggu aja boss brngnya,,
405,makasiii kak paket sudah sampaaaiiiiii sukakkkk pemgiriman cepeeet bangetttt makasiii kakkkk,,
413,barang pesanan saya sudah diterima lumayan bagus nyala dua duanya kurirnya langganan terimakasih shopee,,
428,pengiriman sangat cepat packing,pengiriman sangat cepat packing,
446,kualitasberfungsi baik hargaterjangkau daya listrikhemat packing rapi pengiriman cepat terimakasih,"kualitasberfungsi baik
hargaterjangkau
daya listrikhemat
packing rapi pengiriman cepat terimakasih",
449,kualitaskualitas alhamdulillah udah pesan dan alhamdulillah ada satu yg putus lampunya dari pengiriman,,
451,kualitasiya hargaiya daya listrikok terimakasih atas kerja samanya lumayan si untuk ynk inih bisa buat berlangganan pulsa tapi kecepatan pengiriman tolong di ceipatkn lgih,"kualitasiya
hargaiya
daya listrikok
terimakasih atas kerja samanya lumayan si untuk ynk inih bisa buat berlangganan pulsa tapi kecepatan pengiriman tolong di ceipatkn lgih",
456,kualitasbaik hargamurah daya barang diterima dengan baik hidup semua cuma pengirimannya lama,,
457,kualitasok hargaok daya listrikok lampunya bagus terangggg bgtt pengiriman standar sihh thankyouu seller,,
461,daya listriknormal kualitassesuai harga hargadiskon lampu telah di terima dngn kondisi yg baik dan sesuai pesanan pengiriman cpt terima kasih,,
472,pengiriman sangat cepatblm di buka paketnya mudahan nyala smua dan awet,pengiriman sangat cepatblm di buka paketnya mudahan nyala smua dan awet,
478,paket sudah sampai kemasan produk rapi dan bagus kurir ramah pengiriman sedikit lambat tapi rekomendasi untuk pencarian anda,,paket sudah sampai kemasan produk rapi dan bagus kurir ramah pengiriman sedikit lambat tapi rekomendasi untuk pencarian anda
486,hargamurah daya listrikbagus kualitasbagus mf poto gk sesuai krna udh diambil yg punya barang bagus pengiriman sangat cepat pokoknya tooooooopppp mantap,"hargamurah
daya listrikbagus
kualitasbagus
mf poto gk sesuai krna udh diambil yg punya barang bagus pengiriman sangat cepat pokoknya tooooooopppp mantap",
487,hargaterjangkau daya listrikblm dicoba kualitasbagus barang original harga terjangkau kualitas okay pengiriman barang cepet packing rapih,,
489,hargamurah moga ga murahan daya listrikmungkin hemat kualitasbaik moga aja awettttttt n makasih kurirr nya sama shopee nya,,
494,paket nya udah sampe dah order disni mksh ya,,
511,paket telah diterima dengan selamat sesuai dengan pesanan terima kasih shoopee sy akan selalu membeli produk melalui shoopee,,
512,paketan udh datang meskipun lepas tp alhamdulillah masih bisa dipasang makasih,,
534,kualitasbagus hargamurah daya w cepat pengiriman barang dan sesuai barang tidak pecah dan penyok terimakasih,"kualitasbagus
hargamurah
daya w
cepat pengiriman barang dan sesuai barang tidak pecah dan penyok terimakasih",
535,kualitasterbaik hargamurah meriah daya sudah kedua kalinya pesen ditoko ini memang terbaik tidak ada slip sedikitpun packing rapih aman pengiriman cepat semoga seterusnya begini mantappp,"kualitasterbaik
hargamurah meriah
daya
sudah kedua kalinya pesen ditoko ini memang terbaik tidak ada slip sedikitpun packing rapih aman pengiriman cepat semoga seterusnya begini mantappp",
537,barang sampai dengan selamat tanpa ada yang kurang pengiriman lumayan cepat dan tidak telat beda dengan toko yang lain saya baru pertama beli di toko ini semoga terus menjaga kualitas nya dan ketepatan dalam berusahanya makasih banyak,barang sampai dengan selamat tanpa ada yang kurang pengiriman lumayan cepat dan tidak telat beda dengan toko yang lain saya baru pertama beli di toko ini semoga terus menjaga kualitas nya dan ketepatan dalam berusahanya makasih banyak,
540,daya dan kualitasbagus hargamurah pengemasan dan pengiriman cukup cepatpacking amanbarang murah kualitas bagusudh aq cek berfungsi semua,"daya dan
kualitasbagus
hargamurah
pengemasan dan pengiriman cukup cepatpacking amanbarang murah kualitas bagusudh aq cek berfungsi semua",
543,kualitasbagus berfungsi dengan baik hargaharganya bersahabat dengan dompet daya listrikdaya listrik cukup terang banget sih menurut saya pokoknya sesuai dengan pesanannyakualitas pengemasan paketnya sangat bagus tebal dan rapih jd aman buat lampunya tokonya fast respon juga trimakasih kurirnya paketnya dateng dgn selamat trimakasih bwt shopee,,
544,kualitasok hargamurah daya listrikirit pesanannya sudah sampai dengan aman packing rapih kurirnya ramah sukses terusss buat tokonya terima kasih,,
545,hargamurah daya kualitasbagus produk bagus semoga awet pengiriman cepaattt pengemasan cepaatttt thanks shopee,,
546,hargamurah daya listrikrendah kualitasbagus alhmdlh paket cpt smpe nya sesuai pesanan realpic recommended seller bngt insya allah next order lg semoga berkah dan amanah utk qt semua yach amiiinnn ya allah,,
553,kualitasok hargaok daya listrikok paket sudah di terima dengan baik dan lengkap tidak ada kurang makasi kk makai shopee,,
554,kualitasbaik hargabaikmurah daya listrikbaikhemat listrik produk bagus mantap pengiriman cepat bungkusannya juga rapi pokoknya mantap,"kualitasbaik
hargabaikmurah
daya listrikbaikhemat listrik
produk bagus mantap pengiriman cepat bungkusannya juga rapi pokoknya mantap",
555,kualitas produk baik packing aman harga murah dibanding lain pengiriman sangat cepatr kurir ramah respon penjual ramah,kualitas produk baik packing aman harga murah dibanding lain pengiriman sangat cepatr kurir ramah respon penjual ramah,
556,kualitasok hargaterjangkau daya listrikhemat produk ok semoga awet pengiriman sangat super cepat respon toko baik pengajuan pengembalian dana juga baik sekali pokoknya rekomend belanja di sini,"kualitasok
hargaterjangkau
daya listrikhemat
produk ok semoga awet pengiriman sangat super cepat respon toko baik pengajuan pengembalian dana juga baik sekali pokoknya rekomend belanja di sini",
557,daya listrikckp kualitasoke hargaekonomis tp oke brng dah nyampe dgn selamat pengiriman cepattokonya amanah sesuai dgn belanjaan yg di pesan dan komplit mksh seller shopee,"daya listrikckp
kualitasoke
hargaekonomis tp oke
brng dah nyampe dgn selamat
pengiriman cepattokonya amanah
sesuai dgn belanjaan yg di pesan dan komplit
mksh seller shopee",
558,kualitasbagus hargamurah daya watt alhamdulillah paketnya sudah sampai dengan selamat pengirimannya sangat cepat barang bagus kurirnya rama makasih,"kualitasbagus
hargamurah
daya watt
alhamdulillah paketnya sudah sampai dengan selamat pengirimannya sangat cepat barang bagus kurirnya rama makasih",
560,kualitasbaik hargaterjangkau daya listrikbagus alhamdulilah paketnya sudah sampai semoga bermanfaat,,
561,daya watt kualitasbaik hargamurmer paket sudah di terima dengan baiksesuai pesananpengiriman lumayan cepat packing lumayan amantrims seller and shopeebuat kurir juga,"daya watt
kualitasbaik
hargamurmer
paket sudah di terima dengan baiksesuai pesananpengiriman lumayan cepat packing lumayan amantrims seller and shopeebuat kurir juga",
563,paket sudah sampai semoga idup dan awet so blom di coba,,
565,kualitasbagus hargaterjangkau daya listrikhemat pengiriman cepat harga terjangkau terang bangett selalu langganan lampu disini kalau saudara mau minta beliin,"kualitasbagus
hargaterjangkau
daya listrikhemat
pengiriman cepat harga terjangkau terang bangett selalu langganan lampu disini kalau saudara mau minta beliin",
567,hargaterjangkauu daya listrikhematt kualitasbaguss pengiriman cepatt dan amann,"hargaterjangkauu
daya listrikhematt
kualitasbaguss
pengiriman cepatt dan amann",
568,hargabaik kualitas produk sangat baik produk originalkecepatan pengiriman sangat baik,"hargabaik
kualitas produk sangat baik produk originalkecepatan pengiriman sangat baik",
569,kualitasok hargaterjangkau daya listrikhemat harga terjangkau pengiriman cepat daya listrik hemat,"kualitasok
hargaterjangkau
daya listrikhemat
harga terjangkau pengiriman cepat daya listrik hemat",
570,kualitasok hargaok daya listrikok produk bagus packing rapi dan pengiriman cepat,"kualitasok
hargaok
daya listrikok
produk bagus packing rapi dan pengiriman cepat",
576,kualitasbaik hargamurah pengiriman cepat lampu nyala semua kurir ramah,"kualitasbaik
hargamurah
pengiriman cepat lampu nyala semua kurir ramah",
577,mantab terma kasih barang sesuai pengiriman cepat mantulll,mantab terma kasih barang sesuai pengiriman cepat mantulll,
580,kualitaslumayan hargamurah daya watt akhirnya barang dateng jugacepet juga sh pengirimannya semoga nyala semua yaa lampunyaawet,,
582,kualitasbaik hargaterjangkau daya listrikirit pesanan sudah di terima sesuai produk yang ditawarkan pengemasan rapih pengiriman cepat,"kualitasbaik
hargaterjangkau
daya listrikirit
pesanan sudah di terima sesuai produk yang ditawarkan pengemasan rapih pengiriman cepat",
585,kualitasbaik hargamurah daya listrikoke packing rapi cuman pengirimannya lama,,
587,kualitasbelum di coba hargamurah daya kualitas produk sangat baik produk original harga produk sangat baik kecepatan pengiriman sangat baik respon penjual sangat baik,"kualitasbelum di coba
hargamurah
daya
kualitas produk sangat baik produk original harga produk sangat baik kecepatan pengiriman sangat baik respon penjual sangat baik",
588,kualitasblm di coba hargaok daya listrikok paket sudah di terima dengan baik tidak ada kurang dan cacat makasi kk makasi shopee,,
590,kualitaslumayan hargaminimalis daya barang realpictpelapak juga fast respontapi sayang pengiriman lama sekali overall is oke,,
593,kualitasbaik hargaterjangkau daya w terimakasih kak barang sudah sampai dengan aman sesuai dengan permintaan pesanan yang diinginkan oleh pembeli untuk respon penjual sangat baik untuk packing barang masih mulus aman pengiriman barang termasuk cepat kualitas barang bagus pokoknya ini toko the best recommended seller dah mantul,"kualitasbaik
hargaterjangkau
daya w
terimakasih kak barang sudah sampai dengan aman sesuai dengan permintaan pesanan yang diinginkan oleh pembeli untuk respon penjual sangat baik untuk packing barang masih mulus aman pengiriman barang termasuk cepat kualitas barang bagus pokoknya ini toko the best recommended seller dah mantul",
598,kualitasbaik hargaterjangkau lampu led buld jumbo nya sudah diterima belum di coba semoga dua 2nya dapat di gunakan menyala trims seller trims shopee trims mas kurir,,
601,kualitasbaik cuma dus aja yang agak penyok hargamurah daya listrikoke kualitas produk sangat baik produk original harga produk sangat baik kecepatan pengiriman sangat baik respon penjual sangat baik,"kualitasbaik cuma dus aja yang agak penyok
hargamurah
daya listrikoke
kualitas produk sangat baik produk original harga produk sangat baik kecepatan pengiriman sangat baik respon penjual sangat baik",
602,kualitaslumayan hargamurah daya listrikhemat paket dh nyampe lumayan buat nerangin ruangan tanks,,
603,kualitasbagus hargabersaing daya listrikbersahabat alhamdulillah paketnya sudah mendarat dengan selamat bosque mantap,,
620,payah ah lamhay pengiriman nya,,
622,harga daya w kualitas alhamdulillah paket sudah sampaibarang realpictbelum ditest jadi belum tau nyala apa ngganya terimakasih seller terimakasih kurir,,
628,pengirimannya aman kualitas produknya juga okee lampunya terang,,
629,hargamurceee daya listriktadinya pesen yg yang dikirim nggak makasih ya seller kualitaslumayan packing rapi dan aman bubble wrap nya lampu nya juga semua berfungsi dengan baik walaupun dusnya penyokdan ada bohlam yang lepastapi masih bisa diperbaikiminusnya pengiriman nya cukup lama sampai semingguanoverall bagus makasih seller,,
630,thanks reseller pesanan lampunya sudah dtg tp sayang pengiriman lama sekaliiiiiiii dan ditambah lg tnyta bahannya cuma dari plastik,,
633,paket sudah sampai di tujuan semoga bermanfaat terima kasih,,
634,hargaekonomis daya listrikhemat energi kualitasoriginal kecepatan pengirimannya baik,"hargaekonomis
daya listrikhemat energi
kualitasoriginal
kecepatan pengirimannya baik",
635,hargaekonomis daya listrikekonomis kualitasbaik kecepatan pengirimannya cepat,"hargaekonomis
daya listrikekonomis
kualitasbaik
kecepatan pengirimannya cepat",
638,mantafffflaahhhhpaket sudah mendarat dengan selamaaaaaaattttttttthe bestlah pokoknyaaaaa,,
640,hargamurah banget daya watt kualitasbagus terang harga murah packing oke cepet pengirimanya,,
650,hargaok daya listrikok kualitaslumayan trimakasih paket sudh sampai dan sudh di pasang,,
651,hargastandar daya wled kualitasasli alhamdulillahbarangnyasudahtibasecaraamanthanksyaashopee indonesiadanbestseller dankurirnyaramah,,
652,hargamurah daya watt kualitasok pengiriman dan pengemasan cepat semoga awet,"hargamurah
daya watt
kualitasok
pengiriman dan pengemasan cepat
semoga awet",
654,hargamurah kualitasbagus pengiriman cepat pengemasan bagus terangnya juga lumayan harga murah,"hargamurah
kualitasbagus
pengiriman cepat pengemasan bagus terangnya juga lumayan harga murah",
657,hargaok daya listrikok kualitasol terima kasihhhhh sudah sampai cepat pengiriman shopee kerennnnm,"hargaok
daya listrikok
kualitasol
terima kasihhhhh sudah sampai cepat pengiriman shopee kerennnnm",
660,hargapas daya listrikpas kualitaspas pengiriman cpt pengemasan mantab,,
662,sempet saya batalkan karna setatus masih dikemas padahal sudah hari selebihnya barang sudah dicoba normal pengemasan rapih kurir ramah,,
665,hargamurah meriah daya listrikhemat energi kualitaslampu sesuai pesanan kurirnya jga ramah,,
671,hargaok daya listrikok kualitasok alhamdulillah paket sudah mendarattp sayang barang kurang datangnya cuma pelapak tolong lebih teliti lagi dlm pengemasan dan pengirimannya,,
672,pengiriman cepat harga murah kualitas barang lumayanlah dengan harga yg murahmantap deh,pengiriman cepat harga murah kualitas barang lumayanlah dengan harga yg murahmantap deh,
675,kualitaskurang terang hargamirah daya listrikhemat terimakasih barang pesanan sudah sampai peking rapi pengiriman cepat kurir juga ramah sekali lagi terimakasih,"kualitaskurang terang
hargamirah
daya listrikhemat
terimakasih barang pesanan sudah sampai peking rapi pengiriman cepat kurir juga ramah sekali lagi terimakasih",
677,paket sudah sampaisesuai pesananblum di pasang karena emang utk stok dirumahada buble wrapnyamksih,,
680,kualitasoke hargamurah meriah daya wat alhmdllh pengiriman nya cepat pengemasan nya rapih jdi lmpu nya aman smp tmpat yu gais jgn ragu beli lampu di toko in,"kualitasoke
hargamurah meriah
daya wat
alhmdllh pengiriman nya cepat
pengemasan nya rapih jdi lmpu nya aman smp tmpat
yu gais jgn ragu beli lampu di toko in",
682,hargamurce banget daya listrikya lumayan lah alhamdulillah sesuai barang nyacepat pengiriman nya walau lagi full makasih mas kurirnya ya,"hargamurce banget
daya listrikya lumayan lah
alhamdulillah sesuai barang nyacepat pengiriman nya walau lagi full makasih mas kurirnya ya",
684,kualitasbagus hargamurah daya listrikrendah paket sudah sampai tanpa lecet dan pecah semoga awet dan tahan lama terangnya,,
688,semua pesanan sudah saya terima komplit semoga lampunya tahan lama dipakainya trima kasih kod toko kurir dan shopee smg sujses sll dan gbu all,,
690,alhamdulillah paket lampuny udah sampe barang ga ada yg rusak muulus sesuai pesanan terimakasih kk atas pelayananny,,
694,daya listrikrendah kualitasbaik hargapas pengiriman cepat harga pas mantap pokoknya seller ramah,"daya listrikrendah
kualitasbaik
hargapas
pengiriman cepat harga pas mantap pokoknya seller ramah",
699,kualitastdk tahu blom di coba di pasang mdh2an nyala sedikit ragu sich mslh ny pas tdi di kluarkn dri dus nya dah lepasapa mungkin sengaja x sma seller ny di lepas dulu pengemasan dan pengiriman super cepatsy suka seller nya gercep terimakasih bwat toko nya terimakasih bwat abang kurirny terimakasih shopee,"kualitastdk tahu blom di coba di pasang
mdh2an nyala sedikit ragu sich mslh ny pas tdi di kluarkn dri dus nya dah lepasapa mungkin sengaja x sma seller ny di lepas dulu pengemasan dan pengiriman super cepatsy suka seller nya gercep terimakasih bwat toko nya terimakasih bwat abang kurirny terimakasih shopee",
706,hargaok daya watt kualitasok barang sudah di terima packing baik pengiriman lumayan cepat daya listrik sesuai pesanan watt harga juga terjangkau,"hargaok
daya watt
kualitasok
barang sudah di terima packing baik pengiriman lumayan cepat daya listrik sesuai pesanan watt harga juga terjangkau",
708,kualitasbagus hargaterjangkaw daya listrikhemat terimakasih paket udh sampai om pengemasan sangat rapih mantep mksh om kulir nyh,,
709,thanks seller and currier paket udh nyampe success always,,
719,hargamurah daya listrikbaik kualitasbaik lampu nya sudah sampai dengan baik pengiriman cepat pengemasan baik walaupun pake buble wrap nya kurang tebel nyala nya terang mudah mudahn awet makasih seller,"hargamurah
daya listrikbaik
kualitasbaik
lampu nya sudah sampai dengan baik pengiriman cepat pengemasan baik walaupun pake buble wrap nya kurang tebel nyala nya terang mudah mudahn awet makasih seller",
725,hargapas daya listrikok kualitasbagus udh sampe oorderyank ke trmksh shopee kurirny jg langanan,,
729,hargaterjangkau daya wat kualitasbaik dilapisi dengan bubble wrap yang tebel paket sesuai dengan pesanan terimakasih,,
730,hargamakasih bos pesanan udah kami terima pengiriman cepat bangettttt sukses terus buat tokonya amin mantaf bos,"hargamakasih bos pesanan udah kami terima pengiriman cepat bangettttt sukses terus buat tokonya amin
mantaf bos",
731,hargaterjangkau daya wat kualitasok paket sesuai dengan pesanan dipakein bubble wrap tebel jd aman udah dicobain juga semuanya nyala next pesen lagi yg wat,,
734,bagus semoga awet lampunya terang banget cepat sampai kurir ramah,bagus semoga awet lampunya terang banget cepat sampai kurir ramah,
741,hargamurmer daya kualitasbaik paket smpai dgn slmt tdk ada cacat berfungsi dgn baik pengiriman cepet,,
743,hargamurmer daya kualitasbaik pengiriman cepat kurir ngebut barang diterima dengan kondisi baik meskipun tanpa pengamanan masih nyala okk terimakasih,"hargamurmer
daya
kualitasbaik
pengiriman cepat kurir ngebut barang diterima dengan kondisi baik meskipun tanpa pengamanan masih nyala okk terimakasih",
748,hargamurah daya listrikkecil kualitasblm d pasangcoba paket smpe dngn slmatbubblewrap bt packing ny tebal bngt tks seller kurir ok ramahtks shopee lampu ny awet,,
751,hargaekonomis bnget daya listrikrendah kualitassangat bagus sangat rekomended bngetcepat pengirimannyajga ekonomis rapi pengemasannya,"hargaekonomis bnget
daya listrikrendah
kualitassangat bagus
sangat rekomended bngetcepat pengirimannyajga ekonomis rapi pengemasannya",
753,hargalumayan murcee daya watt kualitasbahannya sih ga gampang pecah gtu gilaa sih ini gedung bgt lampu nya tp kabel dan lain didalem bola lampu ga cukup sama ukuran lampu jdinya yaa lempengan dalemnya miring bru bsa di tutup susah jelasinnya tp smga bsa terang yaa dipake dan awet yah minimal taon agak lama sih pengiriman dan dikemasnya,,
773,hargamurah banget kualitas baguskurirnya juga ramah,,
776,pengiriman cepat kipas bagus bohlam belum d coba semoga bagus terima kasih,"pengiriman cepat
kipas bagus
bohlam belum d coba
semoga bagus
terima kasih",
782,hargasangat murah daya listrikbelum di ketahui kualitasterang banget tidak di ragukan lagi tokonya amanah bisa buat langganan pengiriman rapi dan cepat,"hargasangat murah
daya listrikbelum di ketahui
kualitasterang banget
tidak di ragukan lagi tokonya amanah bisa buat langganan pengiriman rapi dan cepat",
783,kualitasbagus hargakeren daya listrikhemat baru datang lngsung di unboxing wow pengiriman super cepat sudah di coba dan berfungsi dgn baik semoga awet recomended seller next order kembali terimakasih seller terimakasih shopee,"kualitasbagus
hargakeren
daya listrikhemat
baru datang lngsung di unboxing wow pengiriman super cepat sudah di coba dan berfungsi dgn baik semoga awet recomended seller next order kembali
terimakasih seller
terimakasih shopee",
784,barang sudah sampai sesuai pesanan lampunya nyala kurirnya sudah langganan trimksih shopy,,
786,kualitasok hargaterjangkaumurah tapi tidak murahan daya barang dah sampai di terima dengan baik pengiriman cepat terimakasih kurir selerr dan shoppy,"kualitasok
hargaterjangkaumurah tapi tidak murahan
daya
barang dah sampai di terima dengan baik
pengiriman cepat terimakasih kurir selerr dan shoppy",
791,pengemasan dan pengiriman cepat cuma sehari lampu nyala terang makasih,pengemasan dan pengiriman cepat cuma sehari lampu nyala terang makasih,
798,kualitasblm di coba hargalumayan pengiriman cepattp sayang packing nya tdk baikdus nya ngga ada kendala utk nyala lampu nya,"kualitasblm di coba
hargalumayan
pengiriman cepattp sayang packing nya tdk baikdus nya ngga ada kendala utk nyala lampu nya",
800,kualitasbagus hargalumayan daya listriklumayan gede alhmdulilah paket dach sampai lampu berfungsi dengan baik maaf lampunya dach di ambil yg pnya,,
812,kualitasbagus hargamurah daya listriksedang lumayan oke wlpn pengiriman sedikit lambat,,"kualitasbagus
hargamurah
daya listriksedang
lumayan oke wlpn pengiriman sedikit lambat"
813,hargauntuk melengkapi toko harga bagus daya listrikok kualitasbarang secara keseluruhan bagus untuk reseller saling menguntungkan tapi tlg pengiriman waktunya diperbaiki ya,,
816,produk original pengiriman cepat pokoknya recommended banget ya,produk original pengiriman cepat pokoknya recommended banget ya,
819,kualitasbagus hargasangat baik daya wat lampu rumahmakasih kurir,,
822,udah sampe paketnya terimaksih selal bikin puas pelanggannyaudh berapa x blnja d sini gak pernah kecewatokonya the best,,
823,kualitasbaik hargaok daya listrikkuat kurir sopan baik,,
824,kualitasbaik hargamurah daya listriknormal pengiriman cepat,"kualitasbaik
hargamurah
daya listriknormal
pengiriman cepat",
828,pengiriman super cpt pengemasan sangat aman n lampu semua menyala sangat terang barang recomended,,
834,paket mendarat dengan slamatkurir ramahmakasih shopee,,
835,paket sudah sy trima packing kurang rapi beli putus,,
844,daya pengiriman tidak baik,,
846,kualitasbiasa paking kurang rapi makasih seller dan kurirnya hargaekonomis daya watt,,
854,hargasesuai kualitasbaik barang baru sampaimantafff tp blm saya cobapacking rapi pakai buble wrap pengiriman cepet bgtmksh seller n kurir ttep amanah n fast respon yaa,,
858,kualitasblom dicoba hargamurah daya listriksedang mantap pengiriman cepat dan semoga awet terimakasih seller,"kualitasblom dicoba
hargamurah
daya listriksedang
mantap pengiriman cepat dan semoga awet terimakasih seller",
861,hargamurah sekali daya listrikbelum dicoba kualitasmantap mantap guysss respon cepat pengiriman juga cepat,"hargamurah sekali
daya listrikbelum dicoba
kualitasmantap
mantap guysss respon cepat pengiriman juga cepat",
864,kualitasbaik hargasesuai dengan kualitas nya daya listrikhemat kurir juga ramah semoga lancar dan sehat semua,,
871,kualitasbagus pengiriman cepatpacking bagus hargaharga murah,"kualitasbagus pengiriman cepatpacking bagus
hargaharga murah",
879,kualitasbagus hargamurah daya listrikirit mesti beli lagi dan beli lagi nyala terang pengiriman cepat pula,"kualitasbagus
hargamurah
daya listrikirit
mesti beli lagi dan beli lagi nyala terang pengiriman cepat pula",
882,daya listrikhemat kualitasok hargamurah barang bagus sesuai pesanan proses pengiriman cepat respon penjual baik recommended seller,"daya listrikhemat
kualitasok
hargamurah
barang bagus sesuai pesanan proses pengiriman cepat respon penjual baik recommended seller",
887,kualitasbaik hargaramah daya listrikstandar harga bersahabatpaket cepet nyampenya,,
890,kualitasok hargapas di kocek daya listrikhemat recomed deh beli di toko inikirim nya cpt brg nya bagusdh beli di toko iniutk kurir nya okeramah and baik,,
893,kualitasok hargabersahabat daya listrikhemat barang bagus sesuai pesanan semoga nyalanya awet proses pengiriman cepat respon penjual baik recommended seller,"kualitasok
hargabersahabat
daya listrikhemat
barang bagus sesuai pesanan semoga nyalanya awet proses pengiriman cepat respon penjual baik recommended seller",
897,kualitasbagus hargamurah daya listrikirit barang bagus pengiriman lebih cepat dri estimasi di coba nyalah semua mantul lah seller nya amanah ngk rugi belanja di toko ini terima kasih buat seller pak kurir shoope,"kualitasbagus
hargamurah
daya listrikirit
barang bagus pengiriman lebih cepat dri estimasi di coba nyalah semua mantul lah seller nya amanah ngk rugi belanja di toko ini terima kasih buat seller pak kurir shoope",
899,hargahurah kualitasok pengemasan cepat pengiriman jg cepat paking aman,"hargahurah
kualitasok
pengemasan cepat pengiriman jg cepat paking aman",
900,kuallitas sesuai dgn hrg barang pengiriman sedikit lama tp gpp brgnya sampai kok,,
908,kualitasbagus hargamurah daya listrikhemat energi al hamdulillah paket nyampe jg akhirnya dah gak sabar mau lihat barangnya eeeeh ternyata lampunya terang nyalanya walaupun kardusnya penyok gk pp deh yg penting lampunya bisa nyalamksh seller,,
909,kualitasbaik daya alhamduli paket nya sudah datang sesuai gambar kulir nya ramah mantap sukces selalu shopee,,
915,kualitasok hargamurah daya listrikok maaf fotonya beda lampu nya udah langsung dipasang lampu nya udah sampe yaa pesen dikasi pengemasan aman bgt pake bublewrab next pesen lagi yaaakurirnya baik ramah makasih shopee,,
918,kualitasbagus sekali daya alhamdulillah paket nya sudah datang sesuai hambar toko nya amanah dan kulir nya sopan trimakasi shope sukces selalu,,
922,sangat bagus lampunya berfungsi dengan baik pengiriman juga cepat terimakasih,"sangat bagus lampunya
berfungsi dengan baik
pengiriman juga cepat
terimakasih",
923,oke banget pokoknya harga termurah dengan kwalitas yg oke pengemasan dan pengiriman cepat mksh seller sukses ya,"oke banget pokoknya
harga termurah dengan kwalitas yg oke
pengemasan dan pengiriman cepat
mksh seller sukses ya",
925,kualitaspaket nya sudah datang sesuai dengan gambar hargaharga terjangkau daya alhamdulillah paket nya suda datang sesuai gambar kulir ya ramag sukces selalu shopee trimakasi,,
930,kualitasblum di cobain hargaterjangkau daya listrikblum tau pengemasan di pengiriman cukup lama tapi barang ya datang dgn selamat mksihhh selller,,
932,paketnya udah sampai dengan selamat ga ada yang cacat lampu juga nyala semua pokokny bagus dahga nyesal harga murah tapi bukan murahan,,
935,hargamurah daya wat kualitasbaik pengiriman oke barang kilau banget walaupun wat mantap lah,,
938,kualitasjelek banget hargamurah pesanan keliling duniapesan barang datang mana barang yg dikirim kurang pesan yg datang yg cuma yg dikirim sungguh mengecewakan penjual dan kurir ajg,,
942,pengiriman lama barang yg dikirim tidak seuai pesen yg w dan w yg dikirim semua,,
945,kualitasbaik hargaok daya listrikirit alhamdulillah barang sudah sampai lampu hidup semua trima kasih selerr dan kurir ramah trima kasih sopee,,
951,kualitasbaik hargabersahabat daya listriksperti pada umumnya pengiriman cepat kemasan baik dan harga terjangkau best seller,"kualitasbaik
hargabersahabat
daya listriksperti pada umumnya
pengiriman cepat kemasan baik dan harga terjangkau
best seller",
953,kualitassesuai harga hargabersaing daya terimakasih seller shopee dan bang kurir terimakasih,,
954,kualitasstandar hargabersaing daya listrikhemat energi kualitas produk sangat baik harga produk cukup bersaing dipasaran cuma pengirimannya yang lama hari ke barang baru dikirim tolong diperhatikan untuk pengirimannya,,
955,bagus lampunya harga sangat terjangkau pengiriman cepat terimakasih seller,"bagus lampunya
harga sangat terjangkau
pengiriman cepat
terimakasih seller",
964,hargamurah daya listrikpas stabil kualitaslumayan bagus paket nyampe selamatpaking bagusrespon toko ok mksih shopee,,
969,kualitasmaaf telat barangnya dah sampai terang bgus harga ekonomis saya suka dan makasih buat mas kurir,,
970,hargamurah daya w kualitaslumayan alhamdulillah paketnya sudah datang pengiriman cepat order bolham nyala dua duanya makasih shopee makasih semuanya,"hargamurah
daya w
kualitaslumayan
alhamdulillah paketnya sudah datang pengiriman cepat order bolham nyala dua duanya makasih shopee makasih semuanya",
976,hargamurah daya listrikcerah moga irit kualitasbagus terimakasih kak paket saya terima cepet juga nyampe semoga awet,,
984,hargahemat daya listrikbagus kualitasbagus alhamdulillah paket sudah sampai pengiriman cepat respon penjual bagus packing y rapih dan jasa kurir nya pun ramah,"hargahemat
daya listrikbagus
kualitasbagus
alhamdulillah paket sudah sampai pengiriman cepat respon penjual bagus packing y rapih dan jasa kurir nya pun ramah",
990,hargamurah meriah daya listrikada dikemasan kualitasekonomis terimakasih banyak paket selamat sampai nyala dan semoga awetdan terimakasih dikasih yg watt nya,,
993,daya listrikharga sangat murah nyala nya sangat terangmakasih pengiriman nya sangat cepat,"daya listrikharga sangat murah
nyala nya sangat terangmakasih pengiriman nya sangat cepat",
996,daya watt meskipun murah harga ya tapi bagus dan sangat senangpuasmakasih buat toko iya barang suda mendaratdan kurir ya baik,,
997,daya watt kualitasbagus hargamurah respon nya cepat pengiriman nya juga cepat trims seler dan kurir smoga sukses selalu,"daya watt
kualitasbagus
hargamurah
respon nya cepat
pengiriman nya juga cepat
trims seler dan kurir
smoga sukses selalu",
1003,makasih ya lampunya terang nyala semua pengiriman cepat packing aman,makasih ya lampunya terang nyala semua pengiriman cepat packing aman,
1018,hargaterjangkau daya watt kualitasbaik alhamdulilah paket nya udah nyampe lampu nya nyala semua juga walaupun kotaknya agak penyok yg penting aman kuriernya juga ramah bgt top lah makasih seller sukses trus buat shoppe,,
1019,hargaok daya listrikok kualitasok paket sudah datang harga lumayan kualitas lumayan pengiriman aga lama pengemasan bagus terimakasih mudahmudahan lancar semoga jadi langganan,,
1026,hargaterjangkau sekali daya listrikminim daya kualitasbaik harga sangat terjangkau sekalipengiriman tepat waktu,,
1027,hargaterjangkau daya kualitasbagus makasih shopee makasih toko no kurir ramah,,
1033,hargamurah daya listrik bagus pengiriman cepat dan pengepakan bagus sdh di tes hidup semua gak tahu kwalitas plastiknya tahan panas apa gak semoga awet,"hargamurah
daya listrik bagus
pengiriman cepat dan pengepakan bagus sdh di tes hidup semua gak tahu kwalitas plastiknya tahan panas apa gak semoga awet",
1036,kualitasmantap deh terang banget pengiriman cepat,"kualitasmantap deh terang banget
pengiriman cepat",
1046,hargamurah tetjangkau daya listrik standard kualitasbaik harga murah terjangkau dan tepat waktu dalam pengiriman nya,,
1048,makasih paket udh sampe dan berfungsi dgn baik makasih,,
1052,alhamdulillah barang ny sudah di terimamakasih ya untuk kurir nya yg ramah,,
1053,hargamurah daya listrik kualitasbagus semoga lampunya bagus smpai saat in blum di coba karna bru tiba terima kasih shopee terima kasih kak,,
1055,hargamurah daya kualitasbagus paket sudah sampe ditangan tapi blm dicoba semoga aja hidup dan tahan buat menerangii lama jooooss,,
1059,hargapas di kantong daya w kualitasbelum di coba packing rapi kurir sudah langganan terima kasih,,
1062,produk baguslampu nyala dngn sempurna dan terangcuma dalam pengiriman ja yg lambat,,produk baguslampu nyala dngn sempurna dan terangcuma dalam pengiriman ja yg lambat
1063,hargamurah daya kualitasbagus paket sudah saya terima sesuai pesanan barang bagus cuman ada yang pecah tapi gak apa pengiriman cepat,"hargamurah
daya
kualitasbagus
paket sudah saya terima sesuai pesanan barang bagus cuman ada yang pecah tapi gak apa pengiriman cepat",
1064,harga harga ekonomis daya listriksaya itu order yg harga tp yg datang malah terlalu besar dan terlalu trng bros listrik kualitas terlihat bagus tp saat paket datang keadaan copot bohlam kacanya tp masih bisa barang realpic dan sangat murah,,
1065,hargamurah banget daya listrikrendah kualitasbagus pengirimannya cepat banget harga murah kualitas bagus pokoknya recomended banget penjual dan kurir ramah,"hargamurah banget
daya listrikrendah
kualitasbagus
pengirimannya cepat banget harga murah kualitas bagus pokoknya recomended banget penjual dan kurir ramah",
1067,mantap terang sekali dan cepat sekali pengirimannya,mantap terang sekali dan cepat sekali pengirimannya,
1068,alhmdllhpaket sdh smp lampunya lumayan bagus nyala terang kemasannya jg sangat rapih pake plastik babel smg awet lh trmksh seler trmksh mas kurir udh nganter paketnya trmksh shopee mg sukses sll,,
1069,sudahh sampaii pengiriman kondisi baik dan tepat waktu kurirnyaaa juga ramah dan sudah hafall hahaha terima kasihhjj banyakkk sukses selalu kakkkkkkk,,
1071,daya alhamdulillah paket nya sudah sampaipokok nya like bngttt deh,,
1072,hargamurah daya listrikirit kualitasbagus terima kasih paket sudah sampe,,
1075,hargamurah daya listrikgk sesuai kualitascakep gk bkin mata sakit agak di percepat sedikit malasah pengiriman nya kalo bisa klo buat kualitas keterangan bagus ko gk bikin mata sakit,"hargamurah
daya listrikgk sesuai
kualitascakep gk bkin mata sakit
agak di percepat sedikit malasah pengiriman nya kalo bisa klo buat kualitas keterangan bagus ko gk bikin mata sakit",
1077,kualitaspengiriman cepat sesuai pesanan barang blm sempat di tes,kualitaspengiriman cepat sesuai pesanan barang blm sempat di tes,
1084,hargaok daya listrikok kualitasok pesanan telah saya terima kemasan terbungkus rapi dan aman cuma dlm pengiriman aja pihak ekspedisi nya agak sedikit berantakan terimakasih seller dan terimakasih shopee semoga laris,,
1091,daya trimakasih pengiriman cepat skli dan mudahan awet lampu nya terang y makasih amin,"daya
trimakasih pengiriman cepat skli dan mudahan awet lampu nya terang y makasih amin",
1096,hargamurah daya listriktidak tau kualitasbagus mantap pokoknya order dsini packing rapi mantul dah kurir baik pngiriman agak cepat lah admin ramah mantul dah hehehhe,"hargamurah
daya listriktidak tau
kualitasbagus
mantap pokoknya order dsini packing rapi mantul dah kurir baik pngiriman agak cepat lah admin ramah mantul dah hehehhe",
1099,alhamdulillah barang sudah diterima dan barang sesuai pesanan kemasan bagus pengiriman cepat dan barang recommended,alhamdulillah barang sudah diterima dan barang sesuai pesanan kemasan bagus pengiriman cepat dan barang recommended,
1107,hargastandar daya kualitasblm dcoba terimakasih paketnya sudah dterima dengan baik dan aman tdk ada yg rusak dan pakai bubble wrap tp plastik doangbarang lengkap semuatp blm d nyala dan bisa d pakai awet barangnya,,
1113,hargaok daya listrikok kualitasok pengiriman cepat barang ok murah meriah terima kasih,"hargaok
daya listrikok
kualitasok
pengiriman cepat barang ok murah meriah terima kasih",
1114,hargaterjangkau daya listrikirit donk kualitasbagus semoga hidup semuakrna blm di coba pengiriman cepat thx,"hargaterjangkau
daya listrikirit donk
kualitasbagus
semoga hidup semuakrna blm di coba
pengiriman cepat thx",
1116,hargameriah trjangkau daya listrikhemat kualitasbaguss kondisi sementara normal stelah ditesst barabg bagus berkwalitas untuk kurir sopan,,
1126,barang sesuai dengan pesanan tapi proses pengiriman dari penjual ke jasa pengantaran lama kalau pesan barang di tempat lain cuma butuh waktu kurang dari jam sudah proses pengiriman di tempat ini butuh waktu hampir jam proses pengiriman jasa pengiriman okeh orang yg antar nya ramah tq,,
1136,kualitasoke hargamurah daya kualitas produk sangat baik produk original harga produk sangat baik kecepatan pengiriman sangat baik respon penjual sangat baik,"kualitasoke
hargamurah
daya
kualitas produk sangat baik produk original harga produk sangat baik kecepatan pengiriman sangat baik respon penjual sangat baik",
1138,kualitaspaket sampai semoga awet biar bisa buat langganan terimakasih,,
1149,daya kualitasbagus hargaekonomis ini beli yg ke kaliy respon toko juga fast respon pengiriman barang cepat kurir ramah makasih banyak shopee,"daya
kualitasbagus
hargaekonomis
ini beli yg ke kaliy respon toko juga fast respon pengiriman barang cepat kurir ramah makasih banyak shopee",
1150,kualitasdi bawah rata rata hargaterjangkau paket kurang baiklampu di terima kop nya lepas semua kwalitas produk tidak sesuai expektasi,,
1154,barang mendarat dengan sempurna barang dan jumlah sesuai dengan pesanan makasih seller dan kurir,,
1167,hargamurah daya kualitasbagus barang sudah sampai barang bgus sesuai pesanan pengiriman cepat harga murah tp ga murahan mksh seller sukses trs,"hargamurah
daya
kualitasbagus
barang sudah sampai barang bgus sesuai pesanan pengiriman cepat harga murah tp ga murahan mksh seller sukses trs",
1173,hargalumayan murah daya listriklumayan hemat kualitasbagus terimakasih paketnya dah nyampe,,
1185,hargasangat bersahabat daya listriksip kualitasbagus pengemasan aman pake buble rapat dan kuat barang kondisinya baik pengiriman sangaaaat cepat dan aman lampunya besar terang enak buat baca terima kasih shopee dan seller berkah selalu ya,"hargasangat bersahabat
daya listriksip
kualitasbagus
pengemasan aman pake buble rapat dan kuat barang kondisinya baik pengiriman sangaaaat cepat dan aman lampunya besar terang enak buat baca terima kasih shopee dan seller berkah selalu ya",
1208,barang sudah sampai bagus namun pakingnya kurang bagus untung paket tidak pecah sebab pakingnya sobek pas diterima dan kardus bohlam nya kusut mungkin ke gencet kali kefepannya lbh baik pokoknya mantab guys,,
1211,murah baru di lempar paket nya udah lampu nya tukang paket nya jne job nggak sabaran untung dipasang bisa nyala,,
1216,packing aman kecepatan pengiriman sangat baik harga sangat terjangkau lampu terang benderang maap y min telat kasih bintang,"packing aman
kecepatan pengiriman sangat baik
harga sangat terjangkau
lampu terang benderang
maap y min telat kasih bintang",
1217,alhamdulillah pesenan sudah saya terima tp yg gak hidup sdh di charger yg hidup katanya bisa di retur sdh sya chat ps bilang sdah gak bisa di returgmn si mank kurir di suruh nunggu gt pas saya nyoba mank robot apa lansgung bisa kirim apa gak butuh waktu untuk packing aja order,,
1225,lepas untung bisa nyambung dg baik lampu watt berfungsi pesan tgl jan tiba tgl shopee express respon proses lambat peking dibubble ckp baik tp krg aman dan kebnykan lakban jd keliatan jorok mngundang sampah plastik,,"lepas
untung bisa nyambung dg baik
lampu watt berfungsi
pesan tgl jan tiba tgl
shopee express
respon proses lambat
peking dibubble ckp baik tp krg aman
dan kebnykan lakban jd keliatan jorok
mngundang sampah plastik"
1230,pesanan sudah diterima sesuai dengan deskripsi harga bersaing packaging aman dan rapi pengiriman cepat recommended seller sukses n sehat selalu bossqu,"pesanan sudah diterima sesuai dengan deskripsi harga bersaing packaging aman dan rapi pengiriman cepat
recommended seller
sukses n sehat selalu bossqu",
1232,saya pesan lampu yang watt malah dikirim jadi bingung saya dayanya besar sekali tp pengiriman cepat suka sekali well recomended lah krn sebelumnya istri order disini lampunya th lalu smp skg masih nyala tuh lampu terimakasih reseller,"saya pesan lampu yang watt malah dikirim jadi bingung saya dayanya besar sekali tp pengiriman cepat suka sekali
well recomended lah krn sebelumnya istri order disini lampunya th lalu smp skg masih nyala tuh lampu terimakasih reseller",
1234,paket sudah datang lebih cepat dri estimasi sudah di coba nyala moga bsa tahan lama terima kasih seller yg amanah pak kurir shopee,paket sudah datang lebih cepat dri estimasi sudah di coba nyala moga bsa tahan lama terima kasih seller yg amanah pak kurir shopee,
1235,hargamurah daya listrik kualitasbaik pengiriman lumayan cepet hari udah sampe pesen yg watt dtng nya watt paket pas dtng dibungkus bubble wrap yg lumayan tebel biarpun kardusnya tetep pada penyok trus dari lampu pada copot tapi bisa dibenerin sendiri sih mungkin next sebelum dikirim make sure lg ya barangnya tq,,
1236,alhamdulillah pesanan telah diterima proses pengemasan dan pengirimannya cepat produk baik dan berkualitas terima kasih,"alhamdulillah
pesanan telah diterima
proses pengemasan dan pengirimannya cepat
produk baik dan berkualitas
terima kasih",
1238,pengiriman cepathanya saja pengemasana gak rapihpas d buka berantakankurir ramah respon penjual oksaran d pengemasana klo bsa d perbaiki,"pengiriman cepathanya saja pengemasana gak rapihpas d buka berantakankurir ramah
respon penjual oksaran d pengemasana klo bsa d perbaiki",
1239,alhamdulillah sudah sampaiwalaupun pengemasan lumayan lama yaa tp terobati dng lampunya yg bagustrima kasih yaasmoga tokonya berkah dan suksesthx kurir dan shopee,,
1241,aku sukaa lampu nya sdh sampaaii pengiriman y cepat sampe y terimakasiiihhh smoga sukses om mba,aku sukaa lampu nya sdh sampaaii pengiriman y cepat sampe y terimakasiiihhh smoga sukses om mba,
1242,terimakasih saya pesan sehari pesan besok tiba pas dites lampu menyala dengan baik dan sangat terang terimakasih reseller,,
1243,barang sampai dg selamat pengiriman cepat hanya packingnya saja yg berantakan saran dari saya perbaiki packingnya apalagi barang seperti ini yg rawan pecah itu saja,barang sampai dg selamat pengiriman cepat hanya packingnya saja yg berantakan saran dari saya perbaiki packingnya apalagi barang seperti ini yg rawan pecah itu saja,
1245,kualitas produk bagus produk sesuai yg dikirim harga produk sangat baik pengiriman cepat sampai hari pesen kemarin hari ini sampai pake sicepattks,kualitas produk bagus produk sesuai yg dikirim harga produk sangat baik pengiriman cepat sampai hari pesen kemarin hari ini sampai pake sicepattks,
1246,kualitas produk sangat baik produk original harga produk sangat baik orderan saya sesuai pesanan variasi nya kecepatan pengiriman sangat baik packingnya juga sangat rapih terima kasih,kualitas produk sangat baik produk original harga produk sangat baik orderan saya sesuai pesanan variasi nya kecepatan pengiriman sangat baik packingnya juga sangat rapih terima kasih,
1248,hargaok daya listrikok kualitasok barang yg dikirim beda merktapi tak apalah yg penting nyala semuapengiriman ekspedisinya lama terima kasih,,
1250,respon penjual lumayan kecepatan pengiriman lumayan packing kemasan rapi walau agak terlambat tapi akhirnya datang juga lampu dah dicoba dan nyala terang banget terimakasih,"respon penjual lumayan
kecepatan pengiriman lumayan
packing kemasan rapi
walau agak terlambat tapi akhirnya datang juga
lampu dah dicoba dan nyala terang banget
terimakasih","respon penjual lumayan
kecepatan pengiriman lumayan
packing kemasan rapi
walau agak terlambat tapi akhirnya datang juga
lampu dah dicoba dan nyala terang banget
terimakasih"
1251,peking rapi pengiriman okcahaya sangat terang,,
1253,paket sudah sampai dan sangat bagus dan terang sekali semoga awet dan sukses selalu buat tokonya dan semoga tambah lancar trimakasih bos nex time pasti order lagi,,
1254,barang sesuai pesanan walaupun proses pengiriman nya agak lama tpi saya puas bgt dgn harga yg sangat ekonomis sdh dcoba cahayanya terang bgt thanks seller smoga sukses selalu thanks jg bwt shopee tambah jaya terus mmmmmmaaaaannnnnttttaaaaappppp,,
1258,barang sudah diterima produk sesuai pesanan pengiriman super cepat lampu nyala semua sangat terang an awet terimakasih,barang sudah diterima produk sesuai pesanan pengiriman super cepat lampu nyala semua sangat terang an awet terimakasih,
1261,sudah dateng pengiriman cepat kualitas barang ok suka banget pokoknya,sudah dateng pengiriman cepat kualitas barang ok suka banget pokoknya,
1264,kualitas produk sangat baik produk original harga produk sangat baik kecepatan pengiriman sangat baik sesuai request tq,kualitas produk sangat baik produk original harga produk sangat baik kecepatan pengiriman sangat baik sesuai request tq,
1265,hargaterjangkau daya wat kualitasbagus makasih paket nya sudah sampaibelum di buka sihtpi sudah di terima dengan amankarena paking nya rapih,,
1267,terima kasih paket sdh sampeeeeeeeeeeeeeeeeee mantapppppppp barang nyaaaaaaaaaaaaaaaaaaaa,,
1270,barang sudah terima pengiriman sang at cepat sekali nyampenya,barang sudah terima pengiriman sang at cepat sekali nyampenya,
1276,pengiriman nya kurang aman dahampe kebukadan blm di coba bintang dulukalo baguss saya pesen lagi,,
1277,hargamurah sesuai speknya daya listriksesuai spek dan cukup terang kualitassesuai spesifikasi dan berfungsi baik barang diterima dengan kodisi baik dan aman spek sesuai pesanan pengiriman cepat recommended seller,"hargamurah sesuai speknya
daya listriksesuai spek dan cukup terang
kualitassesuai spesifikasi dan berfungsi baik
barang diterima dengan kodisi baik dan aman spek sesuai pesanan pengiriman cepat recommended seller",
1279,pesanan tidak sesuai pesanan dan pengiriman sangat lama mengecewakan,,
1280,unrecomended seller pesan apa yg dkirim apapacking juga lama dr tgl pemesananblm lg d kurir lamaakhirnya selsai otomotis dr sistemdkomplain ga mau dan g responga kasih buat yg mau pesan yaa,,
1281,pengiriman cepet masa pengemasan yang lama respon penjual lumayan barang belum di coba semoga gak ada yang mati,,
1282,thanks ya sis barangnya sudah sampai pengirimannya cepat sekali sampainya pokoknya mantaaapoolll thanks juga buat shopee utk gratis ongkirnya,"thanks ya sis barangnya sudah sampai pengirimannya cepat sekali sampainya pokoknya mantaaapoolll
thanks juga buat shopee utk gratis ongkirnya",
1283,paket sdh datangsudah di tes nyala semuamantap seperti rasa kopi makasih gan,,
1287,saat di tes lampu pertama nyala kedip ada bunyi kretek menakutkan langsung di matikanlampu ke dua tidak menyalasaat pengiriman apa tidak di tes terlebih dahulu,,
1288,paket telah saya terma dengan baik barang bagus pengiriman cepat terimakasih,paket telah saya terma dengan baik barang bagus pengiriman cepat terimakasih,
1293,kemasan rusak mungkin karna terlalu lama di pengiriman mudahn barang nya awet,,
1296,paket sudah diterima dalam keadaan baik dan aman terima kasih,,
1298,lagi bkin sambel paketan dateng yaudah fotonya ini aja gak ya,,
1305,pengiriman lama semoga awettt aja terimakasihhh,,
1306,terima kasih banyak paket sampaisukses selalu ya,,
1308,barang sudah saya terima sesuai harga pengiriman cepat banget sampai awet tks,barang sudah saya terima sesuai harga pengiriman cepat banget sampai awet tks,
1309,paket nya sudah sampe dgn selamat udah order di sni semoga jadi langganan yaproduk nya oke di lapisi jg dg bublewrap wrap mksh ya,,
1315,alhamdulillah paketnya sudah sampai dengan aman produk sesuai dengan diskripsi,,
1323,tidak sesuai dgn gambar malah dikasih watt thanx kurir ramah deskripsinya ngga dibaca dulu sihmaaf saya kasih bintang tiga ya,,
1325,udah dicoba dan terang banget lampunyapengiriman juga sangat cepatmakasih,udah dicoba dan terang banget lampunyapengiriman juga sangat cepatmakasih,
1335,harga murah barang berkualitas pokoknya mantap gan sayang pengiriman lambat,,"harga murah barang berkualitas pokoknya mantap gan
sayang pengiriman lambat"
1341,kecepatan pengiriman sangat baik kualitas produk sangat baik semoga awet terimakasih,kecepatan pengiriman sangat baik kualitas produk sangat baik semoga awet terimakasih,
1345,lampu sudah tidapengiriman mabat kwalitas tidak terang sepwrti merek lain yg,,
1346,paket sudah sampai tp kacanya pada lepas kardus pada penyok tp alhamdullilah lampu masih nyala tp maaf sy hnya kasih bintang,,
1348,mantapppp cepatlah pengiriman nya keren teruskan mantapp,mantapppp cepatlah pengiriman nya keren teruskan mantapp,
1352,barang sesuai pesananpengiriman cepatterima kasih juga buat abang kurirnya,barang sesuai pesananpengiriman cepatterima kasih juga buat abang kurirnya,
1353,pengiriman cepat nyala terang barang lumayan semoga awet,"pengiriman cepat
nyala terang
barang lumayan
semoga awet",
1357,barang bagus pengiriman tepat waktu pengemasan oke,,
1359,alhamdullilah paket nya udah sampe dengan selamat lampu nya bagus terang poko nya saya suka terimakasih,,
1360,barang sudah sampaiuntuk harga segitu lumayanlahuntuk terangnyakurang terangkurir ramahtrm ksh,,
1361,hargamurah meriah daya w kualitasbagus barangnya cepat sampai packingnya pakai buble wrap kurirnya ramah harganya murah meriah,"hargamurah meriah
daya w
kualitasbagus
barangnya cepat sampai packingnya pakai buble wrap kurirnya ramah harganya murah meriah",
1367,setelah di desak selama beberapa hari akhirnya pesanan saya dikirim juga dan sekarang paketnya sudah saya terima,,
1368,kualitaslumayan hargaokeh daya listriklumayan paket sudah mendarat dengan sedikit ada kecelakaan barang penyok karena g ada septinya tapi g bermasalah soalnya belum d coba,,
1369,kualitasbagus hargamantap daya listrikbaik barang nya mantap terang nya oke pengiriman cepat sampai,"kualitasbagus
hargamantap
daya listrikbaik
barang nya mantap terang nya oke pengiriman cepat sampai",
1386,hargamurah daya listrikga tau kualitasbagus respon cepat pengiriman cepatlampu nyala mudah mudahan awet,"hargamurah
daya listrikga tau
kualitasbagus
respon cepat pengiriman cepatlampu nyala mudah mudahan awet",
1455,kualitasbagus hargaterjangkau daya barang sampe dengan selamat cuman pengiriman telat pesan hari kamis terima hari selasa itu juga kalo di bawelin penjualnya kalo g du bawelin katau deh kapan pesanan saya di kirim,,
1465,paket diterima dgn baik nyala semua,,
1467,daya kualitasterang hargamurah pengemasan baik sampai dengan selamat pengiriman cepat udh beli dan semoga awet makasih seller,"daya
kualitasterang
hargamurah
pengemasan baik sampai dengan selamat
pengiriman cepat
udh beli dan semoga awet
makasih seller",
1483,paket ok hidup semua,,
1529,pengiriman cepatt,pengiriman cepatt,
1557,hargamurah daya listrikhemat kualitasbagus bagus pengiriman cepat,"hargamurah
daya listrikhemat
kualitasbagus
bagus pengiriman cepat",
1573,hargastandard daya listrikstandard kualitasbagus pengiriman cepat pengemasan juga baik dan rapih lampu nyala terang dan berfungsi dengan baik,"hargastandard
daya listrikstandard
kualitasbagus
pengiriman cepat pengemasan juga baik dan rapih lampu nyala terang dan berfungsi dengan baik",
1586,terbaikpengiriman cepatnext order lagi,terbaikpengiriman cepatnext order lagi,
1603,lumayan lah yaa pengiriman cpet,,
1679,kualitasalhamdulillah lampunya da nymp smga awetmkcii shopie mkcii abang kurir smga tsmbh,,
1686,pengiriman cpat packing rapi,,
1704,kualitasbaik hargabagus daya listrikhemat makasih ya paketnya sdh sampai sesuai descripsi pengiriman cepat oke seller deh pokoknya,"kualitasbaik
hargabagus
daya listrikhemat
makasih ya paketnya sdh sampai sesuai descripsi pengiriman cepat oke seller deh pokoknya",
1713,kualitasok hargamurah daya terang banget harga murah dapet flash sale pengiriman cepat,"kualitasok
hargamurah
daya
terang banget harga murah dapet flash sale pengiriman cepat",
1716,kualitasok hargamurah daya listrikok pengiriman nya cepet paking nya juga aman lampung nya nyala semua pokoknya top,,
1719,kualitasbagus hargamurah daya listrikbgus gede bnaget bolamnya hehe kirain kecil terang bgt pengirimannya cepet cuman pas datang lampunya misah sama cangkang lampunya kirain rusak ternyata ga alhamdulillah,,
1722,kualitasharga murah kualitas ok pokoke toppengiriman cepattttttttt,kualitasharga murah kualitas ok pokoke toppengiriman cepattttttttt,
1726,hargaok daya listrikok alhamdulillah paketnya sudah sampekkondisi bagus tidak ada yg cacat thank seller semoga laris dan berkah,,
1730,jos super cepat pengiriman mantap semoga awet dan terang terus,jos super cepat pengiriman mantap semoga awet dan terang terus,
1732,kualitassemoga bagus dan awet hargamurah abis daya watt lampu nya dateng dengan kondisi baik nyala nya terang terima kasih seller terima kasih shopee terima kasih bang kurir,,
1741,kualitas product lumayan baik product original harga product lumayan baik dan murah kecepatan pengiriman lumayan cepat dan baik respon penjual lumayan baik dan cepatt,kualitas product lumayan baik product original harga product lumayan baik dan murah kecepatan pengiriman lumayan cepat dan baik respon penjual lumayan baik dan cepatt,
1750,kasih bintang aja soalnya beli yg nyala cuma yg kabelnya putus mungkin karna faktor pengiriman atau faktor lain,,
1753,hargalumayan daya listrikblm di coba kualitasmantap mantap mksh shoppe kurir nya mantep,,
1770,bagus terang bangetkurirnya ramah bangetaq suka,,
1780,daya kualitasbaik hargastandar pengiriman cepat dn respon baik,"daya
kualitasbaik
hargastandar
pengiriman cepat dn respon baik",
1781,hargamurah daya listrikok kualitassngat bagus mantap kurir ramah,,
1783,mantap pokonya mah puass paket nya rapih kurir nya ramah,,
1789,pesanan telah di terima dengan baik terimakasih buat kurir dan seller,,
1792,kualitassangat bagus hargamurah sekali daya barang sesuai dengan pesanan kurir rqmah,,
1795,kualitasok hargamurah daya listrikjernih pengiriman cepatrapi makasih bang kurir,"kualitasok
hargamurah
daya listrikjernih
pengiriman cepatrapi makasih bang kurir",
1801,kualitasbaik hargaoke daya listrikhemat kwalitas produk sangat baik produk original kecepatan pengiriman baik harga produk terjangkau,"kualitasbaik
hargaoke
daya listrikhemat
kwalitas produk sangat baik produk original kecepatan pengiriman baik harga produk terjangkau",
1811,kualitasmurah tapi bukan murahan hargamurcebanget daya listrikhemat cepet banget pengiriman nya hari aja udah nyampe maaf ngga sempat foto karna langsung di pasang,,
1814,paket sdh sy terima lampu terang mantappp pengiriman expres cepat sampai terimakasih,"paket sdh sy terima lampu terang mantappp
pengiriman expres cepat sampai
terimakasih",
1820,lama aja pengiriman tp gpp barang ok pengirim ramah,,
1831,ga sempet ke foto yg pnting brang ssuai pesanan kurir ramah pkonya jos terang benderang next pesan lg,,
1840,kualitasmantap hargasangat sangat murmer daya listrikhematttt barang sesuai kurirnya baikterangnya luar biasa maksih lanjut terus,,
1841,kualitaslumayan hargaterjangkau daya listrikblm tau krna blm d cek produk lumayan bgus pengiriman cpt cuman cara pengemasan yg kurang amn untuk barng seperti bolam,,
1861,kualitasmntap terang bnget ruangan poko ya ke liatan semua ya daya mntap lah poko ya gk bkin kecwa kurir ya pun langganan,,
1866,kualitasbagus hargalumayan daya wat bagus banget makasi seller dan bg kurir nya,,
1870,alhamdulillah lampunya nyala semua realpick dn amanah tks kurir seller dn shopee,,
1879,bintang dulu yah soalnya paketnya belum di buka,,
1880,kualitasbarang okey hargaharga pas dikantong kurir nya baik,,
1882,kualitasproduk bagus smoga awet ja hargatuk harga ckp trngkau daya krn sy baru cb udh d tes nyala moga awet y mksh tuk smua a toko jg kurir,,
1901,kualitasbaik bagus hargamurah daya listrikinsyaa allah hemat energy mantab bagus thanks ya seller thanks to abg kurir langgan,,
1904,kualitaskeren banget hargamurah daya listrikhemat kurir nya baik banget pengiriman cepat pesan kemarin malam pagi udah datang,"kualitaskeren banget
hargamurah
daya listrikhemat
kurir nya baik banget pengiriman cepat pesan kemarin malam pagi udah datang",
1916,kemasan rapi dengan harga mudah nyala lampu cukup terangtrim kurir dan seller,,
1920,hargamurah daya kualitasbaik alhamdulillah paketan nya udh sampe,,
1924,daya listrikbelum d coba kualitasok hargalumayan sayakasih bintang karena pengiriman nya lama,,
1928,mantap kurirnya juga baik trang menerang josss,,
1937,pesenan gak sesuai sma brang dtangpesen sma watt kok mala d kasih n pengiriman luambat terlalu lama nblain kali d cek dulu pesanannya sebelum d kirim barangnya,,
1942,barang baguspacking rapi kurir jossbakalan beli lagi ini mah,,
1945,paket sampai dengan selamat thnks ya sukses selalu pokoknya semangat dan berkah selalu pokoknya yaa udh saya pakai,,
1950,hargamurmer daya listrikstandar kualitasbagus lumayan ajh bwt menerangi yg gelap dikala malam telah tiba,,
1975,harga murah terjangkau daya watt kualitaslumayan respon penjual pengiriman cepatharga murah terjangkaubrf lumayan bagusnyala terang pengepakan rapitrims,"harga murah terjangkau
daya watt
kualitaslumayan
respon penjual pengiriman cepatharga murah terjangkaubrf lumayan bagusnyala terang pengepakan rapitrims",
1981,kualitasbaik hargabaik barang sudah saya terimamarang baaggguuusssss joooossssss langsung saya coba dan hasil nya nyala pokoknya mmmmmaaaaannnnttttuuuuulllllll terimakasih seller terimakasih shoppe kurir juga ramah,,
1984,paket sdh sampai maaf baru kbrin baru sampe rmh tks,,
1986,paket sampai dengan selmat sukses selalsu yaa semoga berkah selalu thanks pokoknya yaa,,
1996,hargamurah daya listrikbelum di coba kualitaslumayan barang datang dengan selamat paking amancepat pengirimanrespon chat cepatsemoga awetterima kasih,"hargamurah
daya listrikbelum di coba
kualitaslumayan
barang datang dengan selamat paking amancepat pengirimanrespon chat cepatsemoga awetterima kasih",
2011,hargamurah daya listrikgk bisa nyala kualitaspaket datang dengan kotak rusak,,
2033,hargamurah daya watt kualitas bagus lampu nya bagus terang pengiriman cepet respon penjual baik packing aman bublewarp nya tebel bgt best pokok nya,,
2034,kualitas produk baikproduk nya originalharga produk baikkecepatan pengiriman baikrespon penjual baik,kualitas produk baikproduk nya originalharga produk baikkecepatan pengiriman baikrespon penjual baik,
2037,hargamurah daya listrikringan kualitasbaik mantap keren top kurir jos mantap keren top kurir jos keren top kurir jos mantap keren top kurir jos,,
2039,hargamurah daya watt kualitaslumayan lumayanlah beli lagi promo pas banget lampu di rumah ada yg mati pengemasan hanya di balut bubble wrap tp aman sih untung ga di pengiriman thx u,,
2042,hargaok daya w pengiriman cepat fast respontx seller,"hargaok
daya w
pengiriman cepat fast respontx seller",
2048,harga murah daya listrik mantap kualitasbaik bagus packing aman banget tebel gapelitcuman pas d buka copottp gpp lain kali bnenerin lagi keamanansayangnya kurir gajelas harusnya malah jadi rbu,,
2051,hargamurah kualitasbaik lampunya udah nyampe pengiriman cepat lampunya juga alhamdulilah berfungsi semua pokonya ok lah,"hargamurah
kualitasbaik
lampunya udah nyampe pengiriman cepat lampunya juga alhamdulilah berfungsi semua pokonya ok lah",
2059,hargasangat murah daya listrikringan kualitasbarang bagus barang sudah sampai sesuai dengan yg di gambartoko amanah pengiriman cepat,"hargasangat murah
daya listrikringan
kualitasbarang bagus
barang sudah sampai sesuai dengan yg di gambartoko amanah pengiriman cepat",
2062,hargaok daya listrikok kualitasok paket udah sampe mudahmudahan awet ngga cepet mati,,
2068,bagus dan lumayan terang kalau di ruangan sedang terimakasih reseller dan kurir shopee,,
2074,paket sesuai pesanan packing rapih dan kurirnya pun ramah sukses terus buat penjualannya,,
2080,hargatidak sesuai pesananpesan watt datangnya wattproses kemas dan pengiriman lama,,
2095,hargaok daya listrikok pengiriman cepat barang kualitas ok,"hargaok
daya listrikok
pengiriman cepat
barang kualitas ok",
2097,blm dicoba kurir salah alamat untung sk tetangga dikasih ke rumah,,
2104,hargalumayan daya listriklumayan kualitaslumayan paket sudah sampaitapi belum di coba hidup apa mati blm tau,,
2108,hargabaik daya listrikoke nyala terang sesuai pesenan kualitasoke banget lah untuk harga segitu harga terjangkau thanks sellershopee dan kurir good job,,
2110,barang terang seper jumbo pengiriman cepat respon cepat dh di tes nyala tapi baru satu yg di tes yg satu blom di tes,barang terang seper jumbo pengiriman cepat respon cepat dh di tes nyala tapi baru satu yg di tes yg satu blom di tes,
2122,trimakasih paket sdh saya terima dgn kondisi packing baik dan barang sesuai gambar,,
2123,hargamurah meriah daya listrikbelum dicoba kualitassangat baik paket agak lama datangnya packing barang sedikit penyok tapi gak ngaruh sama lampunya barang murah tapi kualitas nggk murahan mantap sellernya fast respond,,
2129,hargamurah banget daya listrikbaik kualitasbaik paket diterima baikamanlampunya besar tapi ringantidak akan takut pecah kalau terjatuh karena bukan kacanyala lampu putihademsejuk tidak bikin awetsesuai deskripsiterima kasih,,
2136,bagus n terang bngd mantul kurir nya juga baek,,
2150,hargaterjangkau daya listriklampunya terangpengiriman cepatpokokny suka kualitasbaik,"hargaterjangkau
daya listriklampunya terangpengiriman cepatpokokny suka
kualitasbaik",
2161,kualitasbarang sudah nyampai sesuai estimasi kurir ramah bangetdan toko amanahsesuai pesanan,,
2187,hargaterjangkau daya listriktidak tau kualitasbagus pengiriman cepat barang bagus nyala semua awal pesan pas liat bagus langsung pesen lgi nice,"hargaterjangkau
daya listriktidak tau
kualitasbagus
pengiriman cepat barang bagus nyala semua awal pesan pas liat bagus langsung pesen lgi nice",
2189,hargasangat terjangkau daya listrikbersahabat kualitaslumayan pengiriman lumayan cepat barang nya penutup nya lepas tapi alhamdulillah berfungsi dengan baik terimakasih seller,"hargasangat terjangkau
daya listrikbersahabat
kualitaslumayan
pengiriman lumayan cepat barang nya penutup nya lepas tapi alhamdulillah berfungsi dengan baik terimakasih seller",
2215,hargaok daya listrikok kualitasok kurir langganan mantaf,,
2232,hargamurah terjangkau daya kualitasbelum di coba pengiriman sangat cepatkurir ramah toko amanah,"hargamurah terjangkau
daya
kualitasbelum di coba
pengiriman sangat cepatkurir ramah toko amanah",
2237,alhamdulillah sampai dengan selamat lampu nyala semua pengiriman standar kurir ramah,,
2239,paket lengkap kasan aman blum dicoba nyala atau nggaka blom tau,,
2241,proses pengiriman cepatbarang sesuai pesananmantap,proses pengiriman cepatbarang sesuai pesananmantap,
2246,barang mendart dengan selamat pengiriman cepat,barang mendart dengan selamat pengiriman cepat,
2253,produk ada yg pecah di tambah pengiriman nya laaamaaaa,,
2260,kualitaslampunya blum dicoba soalnya lg diluar kota respon toko dan pengiriman cepat makasih,kualitaslampunya blum dicoba soalnya lg diluar kota respon toko dan pengiriman cepat makasih,
2261,harga lumayan kualitaslumayan pengirimannya lumayan cepet tapi yaa gtu pas dibuka pada copot lampu nya gak ada tulisan barang pecah gtu,,
2262,terima kasih shopper and seller serta kurir barangnya sudah sampaitapi sayang keterangan berapa watt nya tidak adaseperti sama semua,,
2265,hargabaik dan murah daya listrikhemat kualitasbagus harga terjangkau kurir ramah,,
2280,belum dicoba khusus pesanan lampu ini pas saya buka packingnya sudah copot mungking karena proses pengirimannya yang ugal ugalan,,
2282,pengiriman salah saya pesan pcs yg pcs yg dn pcs yg tetapi semua dikirim yg seller jd rugi dong,,
2283,paket sudah sampai barang bagus saya coba wah ternyata terang banget anak saya belajar jadi nyaman mantapppp,,
2294,mksih eller mksih kurir mksih shopee,,
2297,paket sudah sampai ditangan terang tapi warnanya agak warm white overall oke thanks,,
2298,paket cepat datang packing rapi produk aman tidak ada yg pecah good seller,paket cepat datang packing rapi produk aman tidak ada yg pecah good seller,
2311,trimakasih barang sesuai pesanan pengiriman tepat waktu,,
2315,packingnya niat banget bikin produk safety sampe diterima customer berfungsi dengan baik menyala sangat terang dengan mode hemat daya pengiriman dan reapon penjual juga cepat terima kasih banyak,packingnya niat banget bikin produk safety sampe diterima customer berfungsi dengan baik menyala sangat terang dengan mode hemat daya pengiriman dan reapon penjual juga cepat terima kasih banyak,
2318,pengirimannya sih cepet tapisayang pesennya yang yg dikirim,,
2339,order sudah tibaagak lambat tapi ok,,order sudah tibaagak lambat tapi ok
2352,lampu led terang banget pasang lampu langsung joss pengiriman cepat mantul,lampu led terang banget pasang lampu langsung joss pengiriman cepat mantul,
2358,alhamdulilah uda sampe makasih pengirimanya sangat cepat semoga banya pelangganya,alhamdulilah uda sampe makasih pengirimanya sangat cepat semoga banya pelangganya,
2363,pengiriman cepat barang bagus terang oke dech reseler ramah mantaaaaaaaap dech pokoknya,pengiriman cepat barang bagus terang oke dech reseler ramah mantaaaaaaaap dech pokoknya,
2371,kualitasmemuaskan barang sudah saya terimadan kurir nya juga sopan,,
2374,blum dibuka pengiriman cepat semoga berfungsi sem,"blum dibuka
pengiriman cepat
semoga berfungsi sem",
2393,lumayan terang lampunya pengiriman cepatkurirnya juga sudah langganan,lumayan terang lampunya pengiriman cepatkurirnya juga sudah langganan,
2395,kualitas produk baik packing baik kecepatan pengiriman baik,kualitas produk baik packing baik kecepatan pengiriman baik,
2456,kualitasrespon seler cepat kurir ramah,kualitasrespon seler cepat kurir ramah,
2463,alhmdulilah paket sesuai produk nya sangat baik,,
2578,hargamurah daya listrikhemat kualitasbagus terang packing rapihkurir ramahharga murah,,
2614,lama d pengiriman,,
2623,produk kualitas baguspelayanan sangat ramahpengirimanya juga lumayan cepatsemoga toko ini semakin lancar dan tambah banyak pembelinyatingkatkan selalu mutu dan pelayanan demi kepuasan pelanggannext order lagiterimakasih,produk kualitas baguspelayanan sangat ramahpengirimanya juga lumayan cepatsemoga toko ini semakin lancar dan tambah banyak pembelinyatingkatkan selalu mutu dan pelayanan demi kepuasan pelanggannext order lagiterimakasih,
2692,kualitas bagus kurir nya kurang ramah,,
2740,pengiriman cepat,pengiriman cepat,
2743,sesuai pesananpengiriman cepat sampai produk berfungsi dengan baik harga murahterima kasih,sesuai pesananpengiriman cepat sampai produk berfungsi dengan baik harga murahterima kasih,
2754,paket sudah dateng alhamdulillah amanah,,
2798,barang nya sesuai kok kurir nya baik sopan,,
2808,kualitasrijekkalo ga rijek mh gabklan kebuka dan gampang d tutup bolham nya ini mh susah bgt di tutup hargapasarab daya listrikpeot lah bangsat tai kalo ga niat jual ga usah jualan kali mau jualan yg amanah masa barang rijek di kirim pdhal udh pake bubble wrap ga mungkin ya rusak dri pihak ekspedisi pengiriman soalnya pas saya buka emg udh copot tuh dri si tutup bolham nya mau masukin video ga bisa aja nanti saya kirim video nya d chat aja,,
2809,lumayan terang di lampunya pengiriman cepat,lumayan terang di lampunya pengiriman cepat,
2810,paket sudah sampai sesuai pesanan,,
2865,hargabaik daya listrikbaik kualitasbaik kualitas produk sangat baik produk original harga produk sangat baik kecepatan pengiriman sangat baik,"hargabaik
daya listrikbaik
kualitasbaik
kualitas produk sangat baik produk original harga produk sangat baik kecepatan pengiriman sangat baik",
2872,pengiriman cepat dan akurat,pengiriman cepat dan akurat,
2903,belum sayaa cobaaa tapi pengiriman cepat,belum sayaa cobaaa tapi pengiriman cepat,
2966,ok paket sudah di terima makis,,
3015,hargamurah daya listrikhemat kualitasbagus produk sesuai dgn gambar pengiriman cepat sekaliiiiiiiiiiiiiiiiiiiiiiiiiiiiiiiiiiiii,"hargamurah
daya listrikhemat
kualitasbagus
produk sesuai dgn gambar pengiriman cepat sekaliiiiiiiiiiiiiiiiiiiiiiiiiiiiiiiiiiiii",
