,"Reviews with the words courier, delivery etc",Reviews with the word fast,Reviews with the word slow
1,hargastandar kualitasbaik ketajamanbelum dicoba semoga aja bagus kualitas produk sangat baik produk original harga produk sangat baik kecepatan pengiriman sangat baik respon penjual sangat baikbagus sih sesuai sama yg di foto tapi ini penyuk banget kardus nya gak dipakein bublewrap dibungkus gitu aja untung sih dalem nya gak kenapa napa sukses selalu,"hargastandar
kualitasbaik
ketajamanbelum dicoba semoga aja bagus
kualitas produk sangat baik produk original harga produk sangat baik kecepatan pengiriman sangat baik respon penjual sangat baikbagus sih sesuai sama yg di foto tapi ini penyuk banget kardus nya gak dipakein bublewrap dibungkus gitu aja untung sih dalem nya gak kenapa napa sukses selalu",
6,hargaharga cukup bersahabat kualitasbagus ketajamanmantap pengiriman gk di paking pake buble cuma kardus tempat nya aja jd kardus ada sobek,,
7,hargamurah kualitaslumayan ketajamanblom dcoba pengiriman cepet packing nya kurang rapih kok ga dbks lapisin plastik lg cman gtu ja lain x diperhatikan lg mkasii,,
17,pengemasan kurang baik pengiriman cepat barang nya bagus tapi sayang pengemas an gak pakai bublewrap,pengemasan kurang baik pengiriman cepat barang nya bagus tapi sayang pengemas an gak pakai bublewrap,
20,hargaekonomis kualitasmantap ketajamanbarang ok sesuai dengan keterangan kelengkapan mantap barang sampai dengan selamat sesuai pesanan pengiriman cepat respons pelapak baik,"hargaekonomis
kualitasmantap
ketajamanbarang ok sesuai dengan keterangan kelengkapan mantap
barang sampai dengan selamat sesuai pesanan pengiriman cepat respons pelapak baik",
22,pengiriman cepat packing aman harga terjangkau anakku suka tx seller,"pengiriman cepat
packing aman
harga terjangkau
anakku suka
tx seller",
25,hargalumayan murah kualitasbaik ketajamanbelum di coba makasih seller pesenannya barang yang di dapet bagus sesuai dengan pesanan pengiriman juga cepat mkasih,"hargalumayan murah
kualitasbaik
ketajamanbelum di coba
makasih seller pesenannya barang yang di dapet bagus sesuai dengan pesanan pengiriman juga cepat mkasih",
27,hargaterjangkau kualitasbaik ketajamanbaik produk baik kecepatan pengiriman baik produk original harga produk baik,"hargaterjangkau
kualitasbaik
ketajamanbaik
produk baik kecepatan pengiriman baik produk original harga produk baik",
28,hargamurah kualitaslumayan tutupnya pecah karna pengiriman tidak dilapisi buble warp,,
29,hargastandar kualitasstandar ketajamanstandar barang ori pengemasan cepat pengiriman cepat barang oke semua oke,"hargastandar
kualitasstandar
ketajamanstandar
barang ori pengemasan cepat pengiriman cepat barang oke semua oke",
32,paket mendarat dengan baik produk sesuai deskripsi pastinya bermanfaat semoga awet nuhun,,
33,produk baik kualitas baikpengiriman cepat semoga produknya awet,produk baik kualitas baikpengiriman cepat semoga produknya awet,
40,hargamurah kualitaslumayan paket dh nyampe barang bgs ada yg kurangc alata sprti di gambar tp sayang tdk dilengkapi sama bublebwrap sy beli barang yg ribuan aja pake bubke wrap tolong diperhatiin buat berikuta makasihb,,
41,hargaok kualitasok ketajamanok selalu ngga ada kurangnya toko ini teliti dalam pengiriman kualitas barang oke pengiriman cepat harga ramah dikantong saya sering beli untuk dijual kembali selalu ngga ada kurangnya toko ini teliti dalam pengiriman kualitas barang oke pengiriman cepat harga ramah dikantong saya sering,"hargaok
kualitasok
ketajamanok
selalu ngga ada kurangnya toko ini teliti dalam pengiriman kualitas barang oke pengiriman cepat harga ramah dikantong saya sering beli untuk dijual kembali
selalu ngga ada kurangnya toko ini teliti dalam pengiriman kualitas barang oke pengiriman cepat harga ramah dikantong saya sering",
44,bagus kualitas sesuai harga pengiriman cepat cuma pengemasan nya ga rapi ada bolong gitu,bagus kualitas sesuai harga pengiriman cepat cuma pengemasan nya ga rapi ada bolong gitu,
46,hargaterjangkau kualitasbagus ketajamanblm di coba lucu sih ini warnanya kalem bahan jg kuat blm di coba tajem apa engga semoga awet sempet ada kendala di pengiriman lumayan lama chat admin responsif pas dikirim cma sehari sampe recomend buat yg lg cari perabot dapur,,
51,pengiriman cepat barang tidak sesuai dengan gambar pisau nya kurang pemisah telur beda dengan gambar nya mohon penjual posting gambar sesuai dengan produk yg di jual supaya pembeli tidak kecewa spt saya,pengiriman cepat barang tidak sesuai dengan gambar pisau nya kurang pemisah telur beda dengan gambar nya mohon penjual posting gambar sesuai dengan produk yg di jual supaya pembeli tidak kecewa spt saya,
54,kualitassangat baikbahan tebal ketajamanblm di coba tp sprtnya tajampokoke mantabz deh nyesel bli cm ke dstnyusul yamakadih seller makasih jg u mas kurir yg baik n ramahpengirimanpun sangat memuaskanga ada yg kurang ato lecet,,
55,pengiriman cepat packing rapi cuma isi nya gak sesuai pihak toko juga gak mau tanggung jawab katanya in tapi yg sata dapat in,pengiriman cepat packing rapi cuma isi nya gak sesuai pihak toko juga gak mau tanggung jawab katanya in tapi yg sata dapat in,
56,hargamurah kualitasbelum coba ketajamanbelum coba pengiriman cepat pengemasan juga rapih baru kmaren tf skrang udah datang lagi tq seller aku cuma mau ngasih tau kl kiko enak tau,"hargamurah
kualitasbelum coba
ketajamanbelum coba
pengiriman cepat pengemasan juga rapih baru kmaren tf skrang udah datang lagi tq seller aku cuma mau ngasih tau kl kiko enak tau",
58,hargamurah kualitasbaik ketajamantajam alhamdulillah pesanan sudah sampai pengemasan rapi pengiriman sangat cepat barang bagus kualitas ok terimakasih,"hargamurah
kualitasbaik
ketajamantajam
alhamdulillah pesanan sudah sampai pengemasan rapi pengiriman sangat cepat barang bagus kualitas ok terimakasih",
59,produk original seller ramah dan fast respon packing aman dan pengiriman cepat luvv,produk original seller ramah dan fast respon packing aman dan pengiriman cepat luvv,
60,produk bagus packing nya juga bagus terima kasih ya pengiriman juga normal dan penjual fast responssukses selalu ya usaha nya reapict menyusul,,
62,hargaaffordable kualitasok ketajamantajam akhirnya sampai jugaa paketnya walaupun agak lama pengirimannya tapi blanja jadi puas karna barang yg dateng bagus bakal bisa kepake buat gantiin parutan yang rusak,,
71,seneng barang dikirim lengkapp sesuai orderan seller amanah pengiriman agak lambat its ok toko disini lengkap perabotan thankyouu,,seneng barang dikirim lengkapp sesuai orderan seller amanah pengiriman agak lambat its ok toko disini lengkap perabotan thankyouu
74,terima kasih paket sudah nyampai cepet banget pengemasan dan pengirimannya,,
75,pengiriman cepat barang dateng komplit berfungsi baik dan awet,pengiriman cepat barang dateng komplit berfungsi baik dan awet,
77,kualitas produk sangat baikkecepatan pengiriman sangat baik,kualitas produk sangat baikkecepatan pengiriman sangat baik,
80,barang ok harga baik pengiriman ok pengemasan ok,,
90,pengiriman cepat warna sesuai request alhamdulillah barang bagus mudahmudahan awet,pengiriman cepat warna sesuai request alhamdulillah barang bagus mudahmudahan awet,
91,pengiriman lumayan lama barangnya lumayan lah sesuai harga terima kasih seller,,
93,bahan enak pengiriman cepat ga nyesel pesen di sini recommended deh,bahan enak pengiriman cepat ga nyesel pesen di sini recommended deh,
95,sesuai harga pengiriman sgt cpt walaupun minggu very satisfied dgn kecepatan pengiriman dan service toko ini,sesuai harga pengiriman sgt cpt walaupun minggu very satisfied dgn kecepatan pengiriman dan service toko ini,
96,pengiriman cepat barang sesuai pesanan pengemasan aman,pengiriman cepat barang sesuai pesanan pengemasan aman,
101,hargaok kualitasok ketajamanok puas belanja di toko ini pengiriman juga cepet bangetbakal jadi langganan,,
109,hargamurahhhh kualitasguttt bettt ketajamanbelum dicoba semoga tajam dan awet sukakk banget pengemasan dan pengiriman cepat kemarin baru pesan hari ini sampai,"hargamurahhhh
kualitasguttt bettt
ketajamanbelum dicoba semoga tajam dan awet
sukakk banget pengemasan dan pengiriman cepat kemarin baru pesan hari ini sampai",
112,hargamurah kualitasbagus ketajamanblm dicoba warnanya kayak ada hitam sih ya udah gakpapalah yg pnting paket dtg dgn slamat gak pecah dll,,
113,yaampun gemes bangettt parutannya walaupun pengiriman nya agak lama tapi barangnya bagus,,
115,harga murah kualitas ok ketajaman belum di coba kurir ramah packingan ok,,
123,paketx sdh nyampe alhamdulillah baik,,
127,hargastandar lah kualitaslumayan lah ketajamantajam kecewa sih pengiriman tanpa dibungkus yg rapih hanya kardus aslinya nya aja kalau barang rusak dlm pengiriman bagaimanauntuk penjual tolong jaga kualitas jika mau di kirim tolong lah di bungkus yg rapih agar pelanggan tdk kecewa,,
136,real pict banget pengiriman cepat,"real pict banget
pengiriman cepat",
146,kualitasstandar t hargastandart silahkan dinilai sendirikirim paket dari jauhcuma kayak gitu doangtanpa dibungkus apapun lho yakayak ga niat gituastaghfirulloh pesanan orag eeee,,
152,barangnya sesuai gambar pengemasan baik pengirimanpun cepat pokoknya mantul maaf nggk sesuai gambar,barangnya sesuai gambar pengemasan baik pengirimanpun cepat pokoknya mantul maaf nggk sesuai gambar,
153,buktilah yg berbicara aku buka mash ada kurirnyadtg sudah begitu kardus robekan lakban kiri kanansudah kebuka belanja di shopee baru kali ini yg anehbarng sesuai harga,,
155,hargabaik kualitasbaik ketajamanbelum dicoba kualitas produk sangat baik produk original harga produk sangat baik kecepatan pengiriman sangat baik sukses terus untuk sellernya maaf foto dan videonya engga sesuai produk,"hargabaik
kualitasbaik
ketajamanbelum dicoba
kualitas produk sangat baik produk original harga produk sangat baik kecepatan pengiriman sangat baik sukses terus untuk sellernya maaf foto dan videonya engga sesuai produk",
156,hargamurah meriah kualitascakep buanget plastiknya ga kaleng kaleng ketajamanbelom dicoba pengiriman cepat produk bagus hanya saja packing tidak dibungkus plastik atau bublewarp tapi overall puas sih sama barangnya thanks,"hargamurah meriah
kualitascakep buanget plastiknya ga kaleng kaleng
ketajamanbelom dicoba
pengiriman cepat produk bagus hanya saja packing tidak dibungkus plastik atau bublewarp tapi overall puas sih sama barangnya thanks",
158,kualitasok lumayan ketajamanok pengguna baru paket nya sudah sampai ada yang potong tapi ga papa lah masih bisa di lem,,
160,hargaok kualitaslumayan ketajamanbelum di coba pengiriman ok di bungkus bagus good seller,,
170,hargalumayan kualitasstandar ketajamanlom dicoba barang sdh ditrima komplit pengiriman agak lmbat qualitas sesuai harga berguna awet lumayan buat emak didapur,,
171,barang sudah dtg pengiriman cepat masih nyoba ni cara pakainya barang bagus sesuai gambar semoga bisa membantu ni biar lbh cpt praktis semoga awet mksh sophee bakal jadi langganan di toko ini,barang sudah dtg pengiriman cepat masih nyoba ni cara pakainya barang bagus sesuai gambar semoga bisa membantu ni biar lbh cpt praktis semoga awet mksh sophee bakal jadi langganan di toko ini,
178,ketajamantajam hargamurah kualitasbagus terima kasih pesanan sudah datang pengiriman nya cepat sekali pengemasan rapi dan barang nya sesuai dengan di poto bagus dan suka sekali,"ketajamantajam
hargamurah
kualitasbagus
terima kasih pesanan sudah datang pengiriman nya cepat sekali pengemasan rapi dan barang nya sesuai dengan di poto bagus dan suka sekali",
191,hargaok kualitasok ketajamanblm coba produk sesuai pesanan pengiriman barang cepat packing rapi dan memuaskan,"hargaok
kualitasok
ketajamanblm coba
produk sesuai pesanan pengiriman barang cepat packing rapi dan memuaskan",
202,harga kualitas pengiriman agak telat murmer pengepakan kurang rapih sobekpesan utk penjepit anti panas pcs dtg hanya,,
204,produk ok belum dipake semoga aja awet packingnya manteb pengiriman pun cepat recommended seller,produk ok belum dipake semoga aja awet packingnya manteb pengiriman pun cepat recommended seller,
206,diterima lengkap pengiriman agak lama packing dus asli tidak double lagi akibatnya tutup plastiknya retak,,
210,hargaok kualitasok pesanan sudah sampe semuanya komplit semoga awet kecepatan pengiriman standar makasih seller,"hargaok
kualitasok
pesanan sudah sampe semuanya komplit semoga awet kecepatan pengiriman standar makasih seller",
213,hargalumayan murah kualitasbagus ketajamanblm coba paket sudah keterima bagus sih tapi modelnya beda sama yang di foto ya sudahlah gpp,,
219,paketnya komplit pisau ada buah barangnya juga bagus thankyou,,
222,pesanan diterima dengan komplit tidak kurang satupun smua berfungsi dengan baik pengiriman cepat pengemasan baik thanks seller,pesanan diterima dengan komplit tidak kurang satupun smua berfungsi dengan baik pengiriman cepat pengemasan baik thanks seller,
225,quantity dan quality ok banget semoga awet harga sgt terjangkau pengiriman termasuk cepat thanks seller,"quantity dan quality ok banget semoga awet
harga sgt terjangkau
pengiriman termasuk cepat
thanks seller",
265,paketan sudah sampai dengan baik terimakasih,,
274,paket sudah di terima dengan selamat makasih mas kurir nya baik banget barang sesuai pesanan sekali lagi tanxs,,
276,hargasesuai kualitasoke ketajamanokeeepengiriman cepat,"hargasesuai
kualitasoke
ketajamanokeeepengiriman cepat",
291,lumayan lah untuk harga segitu pengiriman nya cepat juga terimakasih,lumayan lah untuk harga segitu pengiriman nya cepat juga terimakasih,
292,barang sesuai dgn foto nya bagus pengiriman cepat rapikurir nya baik n ramah,barang sesuai dgn foto nya bagus pengiriman cepat rapikurir nya baik n ramah,
298,barang bagusharga terjangkau pengiriman barang cepattt,barang bagusharga terjangkau pengiriman barang cepattt,
309,hargaterjangkau kualitasbagus ketajaman pengiriman cepat,"hargaterjangkau
kualitasbagus
ketajaman
pengiriman cepat",
311,paketnya sudah sampai terima kasih,,
369,terimakasih..................... paket sudah sampai dengan aman pengiriman juga cepet,,
373,paket kurang lengkap,,
379,kualitas produk baik harga murah packing baik pengirimannya cepet,,
381,kualitaspas datang agak sedikit rengattt tapi gapapa lah pengiriman cepat barang recommended bangetttt nihh barang murah kualitas gak murahan syukran seller,"kualitaspas datang agak sedikit rengattt tapi gapapa lah
pengiriman cepat barang recommended bangetttt nihh barang murah kualitas gak murahan syukran seller",
385,alhamdulillah paketnya sudah datang,,
391,hargaterjangkau murah kualitasokeee ketajamanokee paket sudah sampai sesuai pesanan,,
394,hargamurah kualitasbagus ketajamanbelum coba pengemasan cepet pengirimannya juga,,
397,pengemasan produk baik pengemasan produk baik kecepatan pengiriman baik,pengemasan produk baik pengemasan produk baik kecepatan pengiriman baik,
401,pengirimannya sangat cepat pengemasannya juga cepat bgt kualitas produk juga okepengirimannya sangat cepat pengemasannya juga cepat bgt kualitas produk juga okepengirimannya sangat cepat pengemasannya juga cepat bgt kualitas produk juga okepengirimannya sangat cepat pengemasannya juga cepat bgt,pengirimannya sangat cepat pengemasannya juga cepat bgt kualitas produk juga okepengirimannya sangat cepat pengemasannya juga cepat bgt kualitas produk juga okepengirimannya sangat cepat pengemasannya juga cepat bgt kualitas produk juga okepengirimannya sangat cepat pengemasannya juga cepat bgt,
403,pengiriman cepat harga relative murah kualitas bisa diadu buktikan sendiri,pengiriman cepat harga relative murah kualitas bisa diadu buktikan sendiri,
404,kecepatan pengiriman produk sangat baik kecepatan pengiriman produk sangat baik kecepatan pengiriman produk sangat baik kecepatan pengiriman produk sangat baik kecepatan pengiriman produk sangat baik kecepatan pengiriman produk sangat baik kecepatan pengiriman produk sangat baik kecepatan pengiriman,kecepatan pengiriman produk sangat baik kecepatan pengiriman produk sangat baik kecepatan pengiriman produk sangat baik kecepatan pengiriman produk sangat baik kecepatan pengiriman produk sangat baik kecepatan pengiriman produk sangat baik kecepatan pengiriman produk sangat baik kecepatan pengiriman,
410,pengiriman standar barang oke sesuai dengan harga,,
