,"Reviews with the words courier, delivery etc",Reviews with the word fast,Reviews with the word slow
0,hargalumayan kualitasbagus pengirimanbaik alhamdulillah barang diterima dengan baik pengemasan baik sesuai dengan kebutuhan next bakal order lagi,,
2,hargamurah kualitassedang pengirimancepat bagus biar minyak ga semoga awet ini ukuran an tutup nya g rapat bgt cm nutup biasa lumayan,"hargamurah
kualitassedang
pengirimancepat
bagus biar minyak ga semoga awet ini ukuran an tutup nya g rapat bgt cm nutup biasa lumayan",
3,hargamurah kualitasok pengirimancepat trimkasih reseler barang dah sampai bagus kirain saya plastik ternyata kaca,"hargamurah
kualitasok
pengirimancepat
trimkasih reseler barang dah sampai bagus kirain saya plastik ternyata kaca",
4,hargamurah kualitasbagus pengirimancepat barangnya bagus sangaat berguna sekali terimakasih seller,"hargamurah
kualitasbagus
pengirimancepat
barangnya bagus sangaat berguna sekali terimakasih seller",
5,pengemasan rapih aman dan pengiriman cepat barangpun sesuai dengan foto terimakasih,pengemasan rapih aman dan pengiriman cepat barangpun sesuai dengan foto terimakasih,
6,hargamurah kualitasbagus pengirimanagak lama bagus banget harga murah sesuai sama kualitas barang packing agak lumayan nunggu brp hari,,
9,pengirimancepattbaiik bgy ya naikk baik hargamurah bgt naik bgt lucu kualitasbagu s,"pengirimancepattbaiik bgy ya naikk baik
hargamurah bgt naik bgt lucu
kualitasbagu s",
11,kualitasbagus pengirimanagak lama hargasangat murah alhamdulillah barang dah sampai gan,,
12,kualitaslumayan pengirimansangat sangat cepat sekali hargalumayan bagus dengan harga segitu lumayan banget tapi agak gimana sama bolongan gedenya si miring sedikit,"kualitaslumayan
pengirimansangat sangat cepat sekali
hargalumayan
bagus dengan harga segitu lumayan banget tapi agak gimana sama bolongan gedenya si miring sedikit",
13,allhamdulillah paket sudah datang dengan selamat kualitas barang sangat baik kecepatan pengiriman sangat cepat,allhamdulillah paket sudah datang dengan selamat kualitas barang sangat baik kecepatan pengiriman sangat cepat,
14,kualitasbaik pengirimanbaik hargastandar barang diterima sesuai pesanan terimakasih seller dan shopee,,
15,hargastandar kualitasbaik pengirimanbaik barang diterima sesuai pesanan terima kasih seller dan shopee,,
16,kualitasterjamin pengirimancepat hargamurah pengiriman cepatkurir sdh jdi langganansopy,"kualitasterjamin
pengirimancepat
hargamurah
pengiriman cepatkurir sdh jdi langganansopy",
18,hargastandar kualitasbaik pengirimanbaik barang diterima sesuai pesanan terima kasih seller dan shopee,,
19,harga murah dan kualitasnya lumayan bagus pengiriman cepat,harga murah dan kualitasnya lumayan bagus pengiriman cepat,
21,hargasesuai kualitaslumayan bagus pengirimanagak lama brg real pict untuk tempat minyak semoga manfaat walaupun pengiriman agak lama ya,,
26,hargamurah kualitasbagus pengirimancepat kecil kaya gelas ya emang ml kan jadinya kecil,"hargamurah
kualitasbagus
pengirimancepat
kecil kaya gelas ya emang ml kan jadinya kecil",
27,kualitas ok pengiriman cepet bgt seller jg ramah love it,,
28,kualitasbagus pengirimanlumayan lah hargamurah barangnya baguscantik untuk tempat minyak gorengterimakasih banyak ya,,
29,kualitasbagus pengirimanagak cepet hargamurah barang akan kaca tapi ga pecah,,
30,pengirimancpt bngt cuma hari ribu pengguna baru say kualitaslumayan bagus untuk cuka terima kasih aku suka tar beli lagi ah,,
33,hargaok kualitasbagus ok barang nya udah nyampi alhamdulillah ga ada yang cacatbagus kualitas nyamakasih abang kurirsama shopy,,
34,pengirimankurang bagus hargabaik kualitaskurang bagus barang pecah,,
35,hargamantap kualitasoke pengirimanbaik,,
36,hargamurah kualitasbagus pengirimancepat recomendeeeddd bagus sukaaaa pengirimannya cepet respon penjual sangat baik harga produk sangat baik produk original kualitas produk sangat baik terimakasih ya tetap amanah,"hargamurah
kualitasbagus
pengirimancepat
recomendeeeddd bagus sukaaaa pengirimannya cepet respon penjual sangat baik harga produk sangat baik produk original kualitas produk sangat baik terimakasih ya tetap amanah",
39,hargabaik kualitascukup pengirimanbaik produk baik bagus sesuai pesanan dan amanah smoga jd langganan,,
41,hargabaik kualitassangat baik pengirimanbaik kualitas produk sangat baikkk sekali,,
42,pengirimancepet hargamurce kualitasbagus say murce ga nyangka bagus,,
43,barang diterima dengan baik hanya saja pengiriman lama,,
44,hargamurah kualitasbagus pengirimanbagsu suka banget ya produknya sangat ikutn lucu murah juga kualitas bagus ya pokoknya good lah ya,,
45,sesuai pesanan pengiriman nya cepet cuma hari lama di picup barangnya terimakasih,,
46,pengirimancepat aman ga ada yg rusak hargamurah kualitasbagus kaca tebal barang bagus murah buat tempat minyak,"pengirimancepat aman ga ada yg rusak
hargamurah
kualitasbagus kaca tebal
barang bagus murah buat tempat minyak",
47,pengirimancepat hargamurah utk bahan kaca kualitasbagus kacanya agak tipis sayangnya plastiknya kelihatan murahan tipis,"pengirimancepat
hargamurah utk bahan kaca
kualitasbagus kacanya agak tipis
sayangnya plastiknya kelihatan murahan tipis",
49,hargaok kualitasok pengirimancepat lumayanlah semoga bermanfaat maaaaaaaannnnnnnttttttaaaaaapppoo,"hargaok
kualitasok
pengirimancepat
lumayanlah semoga bermanfaat maaaaaaaannnnnnnttttttaaaaaapppoo",
50,hargaoke kualitasoke pengirimanoke barang sudah sampe sesuai sama digambar bagusss,,
52,hargaterjangkau kualitasbaik pengirimancepat yang lama pengemasannya lumayan dah untuk harga segitu trimakasih,"hargaterjangkau
kualitasbaik
pengirimancepat yang lama pengemasannya
lumayan dah untuk harga segitu trimakasih",
55,hargamurah kualitasbotol kaca pengirimancepat bagus ini tempat minyak nya tp kurang besar next order lg kl ada ukuran besar terimakasih sukses selalu buat toko nya,"hargamurah
kualitasbotol kaca
pengirimancepat
bagus ini tempat minyak nya tp kurang besar next order lg kl ada ukuran besar terimakasih sukses selalu buat toko nya",
56,bagus celananya paket danctempatnya bagus rapi dikantong semua prosuk ok berfungsi dgn baik cuma tempelan remote lemnya ngk terlalau kuat jatuh terus,,
57,hargamurah kualitasterjangkau pengirimanlambat lumayan harga segitu barang aman g pecah yg penting,,"hargamurah
kualitasterjangkau
pengirimanlambat
lumayan harga segitu barang aman g pecah yg penting"
58,hargamurahduonk kualitassemogabagus pengirimankeren oklah mantap,,
59,hargamurah bgt kualitaslumayan sih pengirimancepet bgt lama dipengemasan aja kok beli ditoko ini enak bgttt,,
60,hargaterjangkau kualitaslumayan pengirimancepet sesuai keinginan alhamdulillah smpe dengan selamat,,
61,hargamurah kualitasjelek pengirimanbarang ku pecah barang saya satu pecah padahl punya orang dah diblang tolong tambahin bubble warp dalem nya karna resseler nya ngak ada balasanterpaksa binntang nya,,
62,pengirimancepat hargamurah kualitasbagus allhamdulillah kak barang nya dah sampai kak lain kali barang nya ditambahin bubble warp kak biar tambah aman untung ngak pecah karna dlm nya ngak di kasih bubble warp makasih ya kak,"pengirimancepat
hargamurah
kualitasbagus
allhamdulillah kak barang nya dah sampai
kak lain kali barang nya ditambahin bubble warp kak biar tambah aman untung ngak pecah karna dlm nya ngak di kasih bubble warp
makasih ya kak",
63,kualitasok pengirimanok hargaok terimakasih sudah diterima pesanannya packing rapih recomended dehh,,
64,pas sampe paketnya pecah dan gabisa dituker karna kata toko kesalahan dari pengiriman karna tidak ditambah kardus,,
65,hargamurah kualitaslumayan bagus pengirimanjujur lama banget barangnya bagustapi kecewa banget soalnya pengirimannya lama banget jujur ada sebulan saya nungguin paketnya baru nyampe tapi kemungkinan jnt nya ada kendala pengiriman jadi lama gini,,
67,pengirimansangat baik krn datangnya cepat hargaharga sesuai kualitas barang dibilang bagus bgt juga tidak sesuai sih,"pengirimansangat baik krn datangnya cepat
hargaharga sesuai kualitas barang dibilang bagus bgt juga tidak sesuai sih",
68,kualitassangat tidak bagus jangan mau beli di toko ini tidak bisa return jika barang p iecah sangat kecewa pengirimantidak rama tidak mau bertngung jawab tidak mau tanggung jawab masalah return,,
69,paketnya ud sampe sesuai pesanan tidak ada yg kurang satupun pengirimannya juga cepet makasih banyak,,
74,hargamurah kualitasbagus pengirimanok,,
77,pengirimancepat hargamurah kualitaslumayan,"pengirimancepat
hargamurah
kualitaslumayan",
79,hargamurah kualitasok pengirimancepat,"hargamurah
kualitasok
pengirimancepat",
90,hargalumayan murah kualitasbagus kaca pengirimanlumayan cepat tutup agak kendor,"hargalumayan murah
kualitasbagus kaca
pengirimanlumayan cepat
tutup agak kendor",
92,hargaterjangkau kualitasbgsto kcl bnggt pengirimanagak lm proses ny,,
93,hargastandar kualitassedang pengirimanlamaaaaa bingits,,
94,barang yang saya terima pecah penjual responnya lama dan tdk ramah pengirimannya pun lama tidak mau bertanggung jawab trs packingnya gak banget harusnya kalau sudah tau bahan kaca setidaknya luar dalamnya di bungkus dgn bubblewarp kecewa banget,,
96,hargamurah kualitastidak sebagus yg terlihat di foto pengirimancepat,"hargamurah
kualitastidak sebagus yg terlihat di foto
pengirimancepat",
97,hargabagus sekali kualitasbaikk pengirimancepaat bagus murah dan berkualitas,,
98,hargamurah kualitasbagus pengirimancepet sampe terimakasih,,
100,hargamurah lumayan pengguna baru dpt hrg kualitasbagus pengirimanlama lebih mlah,,
102,kualitasbagus pengirimansangat cepat hargamurah,"kualitasbagus
pengirimansangat cepat
hargamurah",
104,kualitasbaik pengirimancepat hargamurah terimakasih reseller dan shoppe next time order lagi ya,"kualitasbaik
pengirimancepat
hargamurah
terimakasih reseller dan shoppe next time order lagi ya",
107,hargamurah kualitasok pengirimancepat realpick sesuai dg foto aslinya,"hargamurah
kualitasok
pengirimancepat
realpick sesuai dg foto aslinya",
110,hargamurah kualitasbagus pengirimanlama,,
115,pengirimanoke hargabaik kualitasaman,,
116,pengirimanburuk barang pecah,,
117,hargamurah kualitasbgus pengirimanagak lama,,
121,hargaterjangkau kualitasbaik pengirimancepat,"hargaterjangkau
kualitasbaik
pengirimancepat",
122,pengirimanbaik tidak pecah kualitasbaikk tebal bagus ni multi fungsi,,
123,hargamurah kualitasbagus pengirimancepat kualitas bagus sesuai dengan ekspektasi,"hargamurah
kualitasbagus
pengirimancepat
kualitas bagus sesuai dengan ekspektasi",
127,hargamurah kualitasbaik pengirimancepat barang sudah sampai pengiriman cepat packingan lama terima kasihh,"hargamurah
kualitasbaik
pengirimancepat
barang sudah sampai pengiriman cepat packingan lama terima kasihh",
