,"Reviews with the words courier, delivery etc",Reviews with the word fast,Reviews with the word slow
1,bagusss bangett pengirimannya juga cepat tapi kehalang sabtu dan minggu off papernya juga dapat yang motif terima kasih admin dan kurir,bagusss bangett pengirimannya juga cepat tapi kehalang sabtu dan minggu off papernya juga dapat yang motif terima kasih admin dan kurir,
2,aku beli ini utk kado ultah ke diri aku sendiri bagus bgtt weyyy beruntung bgt dpt warna sky blue berhubung aku suka bgt biru muda aplgi sky bluee pengiriman mayan cepet pke bubble wrap tebel bgt tpi aga syg dusnya penyok dikit tpi gpp lah kameranya aman sentosa krna dilapisin lagi thkss,,
3,tebel banget bubble wrap nya agak lama pengiriman tapi datang dgn selamat,,
4,seneng sm bersyukur banget kemarin dapet flash sale rupiah mungkin ini jadi kado ulang tahun ku ya hehe oh iya pengirimannya juga cepat dan aman banget penjualnya juga ramah terimakasih yaa,seneng sm bersyukur banget kemarin dapet flash sale rupiah mungkin ini jadi kado ulang tahun ku ya hehe oh iya pengirimannya juga cepat dan aman banget penjualnya juga ramah terimakasih yaa,
6,sellernya ramah beli disaat lagi promo januari dengan discount dan free box film isi tanpa harus claim seneng banget instax pertama kurir juga komunikatif pengiriman sehari sampai dan packaging aman banget karena bubble wrapnya tebel next bakalan next order nih thank you,,
8,packingnya aman kurir ramah impian banget buat punya iniii dan akhirnya udah punyaaaa semoga awet ya terima kasih ya,,
17,kamera nya bagus bangettt warna asli nya cantik lilac lucu banget deh pengiriman sampe rumah aman karna dus nya super tebal respon admin nya juga cepet bangettt,,
18,bagusss sdh dicoba dan berfungsi baikk pengiriman jg cepat terpercaya beli mahal di online,bagusss sdh dicoba dan berfungsi baikk pengiriman jg cepat terpercaya beli mahal di online,
20,packagingnya amann sekaliiipengirimannya cepat suka sekali,packagingnya amann sekaliiipengirimannya cepat suka sekali,
25,aman semuanya pengemasan aman pengiriman cepat berfungsi kameranya ga ada masalah thank youu,aman semuanya pengemasan aman pengiriman cepat berfungsi kameranya ga ada masalah thank youu,
31,packing aman pake kerdus pengiriman standar belanjaan lengkapwarna produk dikonfirmasi adminefektifitas produk okeharga juga okesiiip,,
32,warna nya lucu banget kualitas produk sangat baik kecepatan pengiriman baik produk original,warna nya lucu banget kualitas produk sangat baik kecepatan pengiriman baik produk original,
34,paket sudah sampai pakingan rapih bubble wrap dalam nya banyak,,
35,thankyouuuuu lucu bangeeeet pengiriman juga cepet bgt,,
39,kualitasnya standar pengiriman baik walaupun bubble wrap doang thank you,,
41,masih nunggu claim film nya lama lebih baik mah sekalian aja free nya biar ga ribet pengiriman cepet packing aman saya ganti bintang kalo film udah sampai thanks,,
44,pengiriman dan pengemasannya sangat cepat sehari saja sudah sampai tpi sayang sekali pelindung di botton nya kurang rekatt gampang lepas,pengiriman dan pengemasannya sangat cepat sehari saja sudah sampai tpi sayang sekali pelindung di botton nya kurang rekatt gampang lepas,
47,pengiriman sangat cepat pengemasan dalam keadaan aman kualitas produk baik dan original tadinya mau yang lilac cuma kelamaan tidak restock jadi warna biru dan tenryata birunya lucu jugaa free nya langsung dikasih tidak perlu claim lagiii terima kasih,pengiriman sangat cepat pengemasan dalam keadaan aman kualitas produk baik dan original tadinya mau yang lilac cuma kelamaan tidak restock jadi warna biru dan tenryata birunya lucu jugaa free nya langsung dikasih tidak perlu claim lagiii terima kasih,
51,yeayy seneng bgt barangnya sesuai sama pesanan pengemasan sama pengiriman juga cepat bgt mw dibuat kado sih ini semoga yg dikadoin seneng thank you seller,yeayy seneng bgt barangnya sesuai sama pesanan pengemasan sama pengiriman juga cepat bgt mw dibuat kado sih ini semoga yg dikadoin seneng thank you seller,
54,seneng bgt dpt paper film nya yang polos putih kirain bakalan dpt yang winnie sm tsumtsum gasuka kartun aku tuh soalnya untung dpt yg polos pengiriman nya cepet bgt makasiiiiiiiiiihhh seller i love youuuuu,,
56,barang sudah diterima pengiriman lumayan cepat barang sesuai warna nya bagus lilac so cute packing nya aman,"barang sudah diterima
pengiriman lumayan cepat
barang sesuai
warna nya bagus
lilac so cute
packing nya aman",
57,seller ramah pengiriman cepat produk original overall puas,seller ramah pengiriman cepat produk original overall puas,
59,bagus pengiriman lumayan cepet dapet bonus paper film pack,,
60,well ini cepet pengirimannya packaging nya juga aman dan semua jelas sih ada buku panduannya ini bintangnya dulu ya sampe freenya dapet hehehe so far bagus banget sih serius makasih kak,,
62,kualitas produk sangat baik produk original kecepatan pengiriman sangat baik produk berfungsi dengan baik,kualitas produk sangat baik produk original kecepatan pengiriman sangat baik produk berfungsi dengan baik,
67,suka banget sama warnanya super cute dan mungil pengirimannya cepet karena pake same day packing aman dilapisi bubble wrap,,
68,checkout kemarin lsg dikemas sampai hari ini seller nya ramah pula kurirnya cepat sempat mau beli pl karena warma lilac tapi jadi beli baru aja karena dapet free paper thankyou,checkout kemarin lsg dikemas sampai hari ini seller nya ramah pula kurirnya cepat sempat mau beli pl karena warma lilac tapi jadi beli baru aja karena dapet free paper thankyou,
69,responnya cepet bgt sellernya di pandu cara buat claim paper box pengiriman juga cepet bgt top deh makasih yaaa,,
71,pengiriman cepat produk original pengemasan baik aman,pengiriman cepat produk original pengemasan baik aman,
76,barangnya bagus sesuai dengan di gambarnya pengirimannya jugaa cepet sampainya,,
78,barangnya udah sampe paketnya rapih banget aman banget jadi ga ada yang rusak terus semua aman asli dan kameranya jadii thankss,,
80,produk original packing bagus pengiriman cepat seller ramah,produk original packing bagus pengiriman cepat seller ramah,
81,gila cepet bgt pengirimannya sehari tp mmg di pengemasan agak lama warnanya lucu banget pastel gt tp kyk mainan ahahahha but so cute aaaaaaa sukak bgt,,
83,pengiriman cepat produk ori dapet bonus juga terimakasihhhh,"pengiriman cepat produk ori dapet bonus juga
terimakasihhhh",
85,pengiriman cepat barang baguss thank youu sis sukses selalu,pengiriman cepat barang baguss thank youu sis sukses selalu,
86,barang sampai dengan selamat pengemasan dan pengiriman cukup cepat kamis pesan minggu sudah sampai makasih,"barang sampai dengan selamat
pengemasan dan pengiriman cukup cepat kamis pesan minggu sudah sampai
makasih",
87,pengemasan sangat cepat pengiriman hari itu juga dan sampe di saya cuma sehari packing aman dus dan bublewrap tebal barang sesuai,pengemasan sangat cepat pengiriman hari itu juga dan sampe di saya cuma sehari packing aman dus dan bublewrap tebal barang sesuai,
89,pengiriman cepatttt packagingnya okeee gaada kendala apapa adminnya jg ramah thanks,pengiriman cepatttt packagingnya okeee gaada kendala apapa adminnya jg ramah thanks,
93,nunggu klaim papernya semoga datengnya cepet barangnya nyala semoga tidak ada kerusakan pengirimanjuga penjual responnya cepat terima kasih,nunggu klaim papernya semoga datengnya cepet barangnya nyala semoga tidak ada kerusakan pengirimanjuga penjual responnya cepat terima kasih,
94,paket sampai sesuai estimasi dan dipacking dengan rapih serta aman,,
99,alhamdulillah kualitas produk oke aman lancar jaya makasih seller makasih shopeee makasih kurir,,
104,pengemasan dan pengiriman standar barang berfungsi dengan sangat baik terimakasih,,
105,lucu bangeeet warnanya soft gitu pengirimannya juga cepat semoga awet ga gampang rusak terima kasih,lucu bangeeet warnanya soft gitu pengirimannya juga cepat semoga awet ga gampang rusak terima kasih,
106,pengiriman nya cepettt bgt seneng bgt dapat free paper box thank you instax,,
107,alhamdulillah paket sampai dan barang ori terimakasih pengemasannya juga rapi suka banget,,
108,barangnyaa bagus banget pengirimannya juga aman banget mantap,,
109,cakep bgt sukak bgt pengiriman juga cepet mau klaim filmnya gimana caranya ya,,
113,pengirimannya cepat packing aman rapih suka bgt deh warnanya soft,pengirimannya cepat packing aman rapih suka bgt deh warnanya soft,
116,bagus banget pengiriman cepat sampai terbaik,bagus banget pengiriman cepat sampai terbaik,
117,kualitas baik pengiriman cepat produk original warna bagus banget respon penjual sangat baik,kualitas baik pengiriman cepat produk original warna bagus banget respon penjual sangat baik,
119,barang diterima dengan sangat baik cepet banget sampainya pengirimannya penjual juga ramah d,,
132,kualitas produk baik produk original kecepatan pengiriman baik,kualitas produk baik produk original kecepatan pengiriman baik,
137,lucuuuu bangettt pengirimannya cepet jugaa sukaa banget deh pokoknyaa,,
138,omg i so love it warnanya bagus lebih bagus daripada di foto pengiriman nya juga cepat suka banget,omg i so love it warnanya bagus lebih bagus daripada di foto pengiriman nya juga cepat suka banget,
140,suka bgtt this is ma favorite colour bgt pengiriman cepat dan packingnya aman jg rapih bgt luvv bgt pokoknya,suka bgtt this is ma favorite colour bgt pengiriman cepat dan packingnya aman jg rapih bgt luvv bgt pokoknya,
141,kualitas produk sangat baik produk original kecepatan pengiriman sangat baik,kualitas produk sangat baik produk original kecepatan pengiriman sangat baik,
143,produk original harganya juga worthi itu karena ada promo juga d pengirimannya lumayan cepat dan packagingnya aman,produk original harganya juga worthi itu karena ada promo juga d pengirimannya lumayan cepat dan packagingnya aman,
144,senang paketnya udah sampe puas barangnya mendarat dengan selamat t,,
148,mantappu djiwaa cuman opsi kurirnya kurang,,
154,seneng bangettt akhirnya udah nyampe yg pengiriman nya juga cepett sekaliiii,,
163,adminnya baik barang cuma sejam setelah di tangan kurir udah sampe di rumah,,
184,warnanya bagus banget sesuai ekspektasi manis banget pengiriman juga aman buble wrap nya tebel rapih aman sampe alamatmakasih min maap baru review buat kado soalnya,,
187,pengemasan dan pengiriman cepat barang aman pakai bubble wrap kualitas barang bagus makasih seller,pengemasan dan pengiriman cepat barang aman pakai bubble wrap kualitas barang bagus makasih seller,
189,pengiriman cepat dan aman isi paket lengkap dan kamera bisa digunakan dengan baik,pengiriman cepat dan aman isi paket lengkap dan kamera bisa digunakan dengan baik,
191,seneng bgt dapet instax mini ini dari flash sale aslinya dapet yg warna blush pink cuma lg kosong jd di ganti yg warna sky blue tp gpp lucu jg kok warnanya packing aman dan pengirimannya cepet thank you shopee fujifilm,,
193,seller ramah pengiriman cpt untuk hasil fotonya kurang memuaskan tp semuanya ok terimakasih,,
198,pengiriman cenderung lama soalnya kena kayaknya tapi barangnya bagus lengkap semoga berfungsi dgn baik soalnya buat kado hehe sayang bgt ga sekalian sama paper filmnya,,
200,terimakasih fujifilm dan shopee paketan landing dengan aman adain promo ya,,
201,pengirimannya cepet ganyesel kesampean jg punya kamera ini kameranya enteng puol hasilnya jernih minimalis abis,,
204,so cute warna nya pastel bgtanak ku happy finally instaxmini nya sampai pengiriman fastorder kemaren pagi ini sudah sampai packing safety tinggal tunggu claim bonus nya thx seller,,
205,kameranya bagus pengiriman juga cepet tapi respon penjualnya agak lama,,
208,pengiriman cepat sampai dan kurir menjalankan prosedur dengan memastikan bahwa yg menerima kamera adalah pemesan tidak bisa dititipkan barang sesuai dengan yg ada di foto warna birunya lucu sekali seneng jg karena dapet free paper box terima kasih,pengiriman cepat sampai dan kurir menjalankan prosedur dengan memastikan bahwa yg menerima kamera adalah pemesan tidak bisa dititipkan barang sesuai dengan yg ada di foto warna birunya lucu sekali seneng jg karena dapet free paper box terima kasih,
210,thank uu paket nya udh sampe cpt bgt pengiriman nya jugaa,,
212,warnanya lucuu gemes banget pengiriman juga cepat baguus pokoknyaa mantap,warnanya lucuu gemes banget pengiriman juga cepat baguus pokoknyaa mantap,
215,mantap belum di coba sih karena flm belum ada mudah mudahan tidak ada kerusakan pokonya awet lah pengiriman meledak pisan cepat ketar ketir josssss pokonamah,mantap belum di coba sih karena flm belum ada mudah mudahan tidak ada kerusakan pokonya awet lah pengiriman meledak pisan cepat ketar ketir josssss pokonamah,
221,kameranya bagus berfungsi dengan baik warna sesuai pesanan pengiriman termasuk cepat dari proses bayar sampai barang diterima cuma hari kartu garansi juga ada stempelnya recommended,kameranya bagus berfungsi dengan baik warna sesuai pesanan pengiriman termasuk cepat dari proses bayar sampai barang diterima cuma hari kartu garansi juga ada stempelnya recommended,
222,pengirimannyaa cepet barangnyaa bagus bangeeett packingnyaa jugaa aman bangett jadinya ga ada yang rusak sama sekali dapet free papernya juga dan ngeclaimhyaa gampang ternyata hehe,,
227,barangnyaaaa originallll pengiriman cumaaa sehariii tau ajaaa udh ga sabarrrr papernyaaa jg udh sekalian dikirimm sukaaaa bangett thxu,,
228,akhirnya sampe juga walaupun pengiriman agak lama tapi untungnya barang aman,,
229,paketnya sudah diterima dengan aman barangnya sesuai deskripsi,,
231,kualitas produk baik produk original pengiriman cepat sayangnya warna blush pink dibilang abis jadi disuruh ganti warna padahal sebelum check out masih waktu disuruh ganti warna coba cek stock masih bisa diklik blush pink dan stocknya ga ngertii abisnya dari mana,kualitas produk baik produk original pengiriman cepat sayangnya warna blush pink dibilang abis jadi disuruh ganti warna padahal sebelum check out masih waktu disuruh ganti warna coba cek stock masih bisa diklik blush pink dan stocknya ga ngertii abisnya dari mana,
235,huaaah suka banget warnanya pengemasannya cepet dan pengirimannya juga tinggal nunggu claim giftnya aja deh huehehe thanks seller,,
236,terimakasih barang sudah sampai sesuai pesanan kualitas bagus dan harga terjangkau packing aman barang gada yg rusak pengiriman cepat,"terimakasih barang sudah sampai sesuai pesanan kualitas bagus dan harga terjangkau
packing aman barang gada yg rusak
pengiriman cepat",
238,sampe dengan selamat pengiriman cepet gaada lecet suka bangetttttt,,
244,lucuuu bgttt warna soft blue matte suka bangettt ori dan setnya lengkap loveeeeeeeeeeeeeeeeeee pengiriman juga super cepat,lucuuu bgttt warna soft blue matte suka bangettt ori dan setnya lengkap loveeeeeeeeeeeeeeeeeee pengiriman juga super cepat,
250,pengiriman cepaat dan amaann warna kameranya lucuu ku sukaa,,
253,pengiriman cepat sih aman jugaa tapi sayang bgt aku pesen blush pink yg dateng malah lilac,pengiriman cepat sih aman jugaa tapi sayang bgt aku pesen blush pink yg dateng malah lilac,
254,keren banget sumpah pengirimannya juga cepet banget suka deh pokoknya thankyou seller,,
257,cantik bangeeeetttt pengiriman cepat adminnya juga responsif terima kasihhhh,cantik bangeeeetttt pengiriman cepat adminnya juga responsif terima kasihhhh,
262,suka banget banget pengiriman sehari sampaii thank you,,
273,pengiriman cukup cepat packing pun rapih pesanannya pun sesuai cukup suka sihhh sama pelayanannya cuman katanya free paper single pack box tapi ternyata ga ada freenya cukup kecewa juga jadi bintang deh yaah kurang memuaskan bagi saya,"pengiriman cukup cepat packing pun rapih pesanannya pun sesuai cukup suka sihhh sama pelayanannya cuman katanya free paper single pack box tapi ternyata ga ada freenya cukup kecewa juga jadi bintang deh yaah
kurang memuaskan bagi saya",
276,pengemasan dan pengirimannya lama bangetttt setelah penantian hari lamanyaaaa akhirnya dateng juga ini paketnya tadinya sempet panik kok ga bisa nyala ternyata masang baterainya kebalik,,
277,pesen pink yg dateng item mau di tuker tapi repot di sayanya pengiriman lama padahal pake go send instant baru dikirim setelah hari produk original cuma bad service bgt,,
286,pengirimannya agak lama tapi gak masalah paket sampai dengan selamat terima kasih,,
287,barang sampai dengan aman dan selamat semua isi dalam box sesuai deskripsi dan warna birunya bagus banget packaging rapih dan aman pengiriman cepat dapat kartu garansi juga dan pastinya ori terima kasih banyak,barang sampai dengan aman dan selamat semua isi dalam box sesuai deskripsi dan warna birunya bagus banget packaging rapih dan aman pengiriman cepat dapat kartu garansi juga dan pastinya ori terima kasih banyak,
296,mantap pokoknya packagingnya aman ada double kotak pembungkus ada bubblewrapnya juga tebel barangnya udah pasti original ada surat garansi atas nama pembeli juga pengiriman nya juga cepat di dalam kotaknya ada instant kamera baterai hand strap shutter accesoris dan manual book,mantap pokoknya packagingnya aman ada double kotak pembungkus ada bubblewrapnya juga tebel barangnya udah pasti original ada surat garansi atas nama pembeli juga pengiriman nya juga cepat di dalam kotaknya ada instant kamera baterai hand strap shutter accesoris dan manual book,
297,pengirimannya aja yang lama padahal udah pake gosend same day tapi overall bagus kok dapet paper yang macarons juga makaci,,
299,proses pesanan agak lama pengiriman dengan gosend jadi mudah trackingnya pengemasan barang aman,,
303,packing aman banget pengiriman cepet juga langsung nyampe besoknya respon admin juga baik,,
304,produk original bagus pengiriman cepat seller ramah tapi hadiah ga bisa di klaim,produk original bagus pengiriman cepat seller ramah tapi hadiah ga bisa di klaim,
305,pre order seminggu pengiriman cepet pengemasan jg rapi banget banget jd aman,,
307,akhirnyaa lucu bgt kusuka sama fitur barunyaaa pengiriman super cepet,,
311,barang sesuai gak ada cacat bonus film langsung dikasih gak klaim lewat website pesen jumat siang sampe hari senin sore lumayan lama ya meski pun pengiriman pake kurir ojek online respons chat lambat,,"barang sesuai gak ada cacat bonus film langsung dikasih gak klaim lewat website pesen jumat siang sampe hari senin sore
lumayan lama ya meski pun pengiriman pake kurir ojek online respons chat lambat"
312,kameranya bagus ori pengiriman juga tergolong cepat tapi sayang gak dikirim paper filmnya harus claim apalah ribet pokoknya,kameranya bagus ori pengiriman juga tergolong cepat tapi sayang gak dikirim paper filmnya harus claim apalah ribet pokoknya,
314,lucukkk warna birunya pastel sekaliii gumushhh barang original pengiriman cepat sekaliiiihhh gudddd recomendedddd,"lucukkk warna birunya pastel sekaliii gumushhh
barang original pengiriman cepat sekaliiiihhh gudddd recomendedddd",
316,kamera nya lucu bagus dan sesuai dengan keinginan pengirimannya juga cepet langsung sampai sehari,,
317,barang bagus pengiriman cepat sayangnya free paper nya harus claim sendiri dan dikirim terpisah dari kamera,barang bagus pengiriman cepat sayangnya free paper nya harus claim sendiri dan dikirim terpisah dari kamera,
318,paketnya minggu nyampe barang original bagus garansi tahun,,
320,kualitas sesuai berfungsi baik pengiriman cepat sekali baru transaksi semalam sore hari ini sudah sampai,kualitas sesuai berfungsi baik pengiriman cepat sekali baru transaksi semalam sore hari ini sudah sampai,
321,terima kasih barang dh smpe dg selamat walau pengiriman agak lama dikarenakan mesennya deket deket lebaran,,
322,bagus pengiriman sehari juga makasih yah cuma ak bingung dealernya kok ga ada pilihannya yg sesuai kayak di web instax untuk claim hadiah tpi still thank you so much,,
323,terima kasih pengiriman standar packaging rapih banget dan yg pasti barangnya original,,
325,lucu banget warnanya pengiriman cepat dan aman semoga hasilnya bagus thanks seller,lucu banget warnanya pengiriman cepat dan aman semoga hasilnya bagus thanks seller,
327,pengiriman sangat cepat barang dikemas dengan baik kualitas produk pun sangat baik,pengiriman sangat cepat barang dikemas dengan baik kualitas produk pun sangat baik,
330,suka bangeettt warnanya cantikkk udah dicoba barangnya oke ga ada masalah semua berfungsi dg baik pengiriman juga supere cepett bgttt,,
333,pengiriman super cepat pesan kemarin hari sampe barangnya sampe,pengiriman super cepat pesan kemarin hari sampe barangnya sampe,
339,produk original pengiriman cepat recommended bgt tks seller,produk original pengiriman cepat recommended bgt tks seller,
343,worth it to buy gumush sama warna dan hasil nya good job fujifilm btw ini pengiriman nya cepet kok dan bisa claim free di website tapi belom tau kapan sampe nya,,
348,oke banget barangnyapackingnya rapipengiriman cepatrespon oktengkiu yah kak,oke banget barangnyapackingnya rapipengiriman cepatrespon oktengkiu yah kak,
350,pengiriman super cepattt dapet free paper yg polosan senangnyaaa thank uuuu,pengiriman super cepattt dapet free paper yg polosan senangnyaaa thank uuuu,
361,bagus bft hehehehehehehehehehheehhehehehe suka sekali pengiriman juga sangaat cepaat,,
363,pengiriman nya si cepet cuman pengemasan nya cukup lama,,
366,pengiriman cepat barang original mantap mantapmantap deh,pengiriman cepat barang original mantap mantapmantap deh,
368,keadaan produk baikkk tapi pengiriman lama banget dari instaxnya,,
370,berfungsi dengan baik tapi pengirimannya rada lama,,
374,produk original pengiriman rapi dan cepat terima kasih,produk original pengiriman rapi dan cepat terima kasih,
375,pengiriman nya bentar tp dikirim dari sananya lamaaa tp terjamin bgt sih cute bgt warnanyaa respon baikkk terimakasih,,
376,pengiriman cepat admin instax juga baik yang sky blue warnanya lbh muda daripada di foto,pengiriman cepat admin instax juga baik yang sky blue warnanya lbh muda daripada di foto,
378,sebagus ini ice whitenyaaa kemasan rapi pengiriman cepat thank you,sebagus ini ice whitenyaaa kemasan rapi pengiriman cepat thank you,
379,kameranya bagus ga ada cacat sama sekali cuman pengirimannya sedikit lama tapi gpp karna udah sampai dengan selamat,,
382,bagussssssssss pacar sayaaaa sukaaaaa bangettttttttt sama ini kameraaaaaaaaaaaaaaa dan pengirimannya jugaaaa cepeeeeettttt bangeeeett tinggal nunggu gratis refill papernyaaaaaaaaa makasiiiiii yaaaaaaaaaaaaaaaa hyung,,
383,bagussss lucu bgt pengiriman nya cepet tapi aku udh claim papernya blm kunjung ada konfirmasi huhu sedih ga bisa langsung di pake,,
386,barang mantep sama kaget pengirimannya cepet banget coba aja skripsi saya bisa kelar secepat pengiriman,barang mantep sama kaget pengirimannya cepet banget coba aja skripsi saya bisa kelar secepat pengiriman,
387,produk oke smoga awet pengiriman cepat seller ramah walau agak slow resp overall udh oke,produk oke smoga awet pengiriman cepat seller ramah walau agak slow resp overall udh oke,
389,pengamanan oke barang juga oke cuman aga lama di pengirimannya ajaa,,
392,pengiriman cepat bagusss,pengiriman cepat bagusss,
456,thankyou kak barangnya udah sampeeeee suka bgt produk aman dan pengirimannya cepat warna lilac nya cantiikk bgt kamera berfungsi dengan baik thankyouuuu,"thankyou kak barangnya udah sampeeeee
suka bgt produk aman dan pengirimannya cepat
warna lilac nya cantiikk bgt kamera berfungsi dengan baik
thankyouuuu",
458,bonusnya dapet confetti bukan pink lemonade tapi okepengiriman cukup lama padahal jarak cukup dekat dan pesanan saya dr toko yg lain tibanya lebih cepat,bonusnya dapet confetti bukan pink lemonade tapi okepengiriman cukup lama padahal jarak cukup dekat dan pesanan saya dr toko yg lain tibanya lebih cepat,
461,pengiriman cepat dan sesuai sayang harus claim gratisnya di web tp ga bgt kok edit paraaah web claimnya ga sesusah yang org org bilang ah tp harus sabar ya nunggu free nya dateng aku claim juni dateng julii,pengiriman cepat dan sesuai sayang harus claim gratisnya di web tp ga bgt kok edit paraaah web claimnya ga sesusah yang org org bilang ah tp harus sabar ya nunggu free nya dateng aku claim juni dateng julii,
462,alhamdulillah paketnya udah sampe pengemasannya oke soalnya pake kardus cuman emang lama dibagian pengemasannya mohon diperhatikan kembali ya,,
466,pengiriman cepat barang dikirim dengan aman warnanya juga gemassss,pengiriman cepat barang dikirim dengan aman warnanya juga gemassss,
470,bagus produk oke dan penjual responsif pengiriman agak lama karena pembeliannnya pas lebaran thanks a lot,,
481,bagus banget sih pengirimannya juga cepet tapi sayang ga dapet bonus filmnya,,
482,kualitas barang sangat bagus pengiriman cepat sampai harga barang sesuai dengan kualitasnya terima kasih,kualitas barang sangat bagus pengiriman cepat sampai harga barang sesuai dengan kualitasnya terima kasih,
488,produk sangat baik bahkan dilempar kurir pun masih berfungsi normal terimakasih,,
499,paket mulus dgn sempurna,,
501,pengiriman cepat banget barang juga dalam keadaan baik,pengiriman cepat banget barang juga dalam keadaan baik,
503,pesan tgl dikirik tgl eh tgl udh tibaa padahal ini ke sulawesi lohhhh yeayyyyyyyy seneng dpt warna ungu lg tapi kamera nya blm di tess soalnyaaa kertas yang aku pesan belum datanggg semoga ajaaa bagus ya kameranya,,
509,barangnya sampai dengan aman pengiriman cepat,barangnya sampai dengan aman pengiriman cepat,
538,baguss respond adminnya agak lama pengiriman kepotong sama sabtu minggu yg lainnya oke,,
541,mungkin untuk packaging paket kiriman bisa diberi stiker fragile agar kurir pengantar tidak melempar paket meski didalam packaging paket sudah ada bubble wrap,,
545,pengirimannya aja rese jne bone palingg adminya dichat ehh malah di blok apa sih nda jelas tp kualiats brng oke dong super okeeee,,
552,mohon sistem pengirimannya diperbaikisaya pesan yang sameday tapi sampainya lama sekali pengiriman terlalu lama terimakasih,,
571,pengirimanpengemasan nya sangat baik,,
583,produknya sangat bagus pengiriman juga cepat terima kasih,produknya sangat bagus pengiriman juga cepat terima kasih,
597,sesuai pesanancm lambat pengiriman,,sesuai pesanancm lambat pengiriman
605,pengiriman cepat harga murce,pengiriman cepat harga murce,
610,purplenya kereennn pengiriman cepat,purplenya kereennn pengiriman cepat,
612,bagus bgt pengiriman juga cepet,,
620,pengiriman lama,,
631,barang sampai dgn selamat lengkap semuanya pengiriman jg aman kameranya pake bubble wrap kartu garansi jg ada cuma wkt itu ada noda sedikit dikameranya tapi gapapaa bisa dibersihin amannn thankyou sellershopee,,
636,kualitas produk sangat baik dan kecepatan pengiriman produk sangat baik,kualitas produk sangat baik dan kecepatan pengiriman produk sangat baik,
638,barang sudah sampai dengan selamat dan baik pengirimannya sangat cepat dan baik pakingnya juga baik terima kasih,barang sudah sampai dengan selamat dan baik pengirimannya sangat cepat dan baik pakingnya juga baik terima kasih,
643,packing aman pengiriman cepettt sayang bgt yg free paper cuma putih sama abu doangg,,
647,kameranya datang dengan selamat warnanya juga bagus pengiriman sangat cepat dan aman pokonya sesuai dengan digambar,kameranya datang dengan selamat warnanya juga bagus pengiriman sangat cepat dan aman pokonya sesuai dengan digambar,
659,good cuma pengirimannya agak lama,,
662,stok terbatas banget pengiriman nya juga bisa dibilang cukup lama untung masih sempet buat dikadoin gpp lah yg penting barang oke didalem kardus nya ternyata cuma ada kamera suratan dan pelindung tombol kecewa nya gak ada kaca cembung warna warni yg biasa nya termasuk kedalem kardus,,
