,"Reviews with the words courier, delivery etc",Reviews with the word fast,Reviews with the word slow
0,hargaekonomis kualitasstandar desainlucu alhamdulillahpesananku sampai jg cpt lagi dan sesuai tp sayang ada yg gompel bagian atas dan bagian bawahnya pemasangan jg sedikit rumit tp akhirnya selesai jg dibantu pak su tp lucu jg klo sdh terpasang mskh shopee mksh reseller mksh kurir,,
3,hargamurah kualitasbagus desainunik bagus cepet bgt pengirimannya admin fast respon real pict ga kecil kok guys mantep,,
6,meja nya udah sampe pengiriman dan pengemasan cepet cuman aku bingung ini kaki mejanya emang miring ya apa gimana tapi makasih bonus nya,,
8,hargasesuai kualitasbaik desainoke barangnya sesuai pesanan pengmasan cepet pengirimanya cepet pas banget dikasih vas bunga lucu terima kasih banyakkkkk,,
17,bagus bener bener aesthetic pengiriman sangat cepat dapat bonus hiasan dinding tadi sempet bingung cara masangnya tapi bisa juga berkat suamiku,bagus bener bener aesthetic pengiriman sangat cepat dapat bonus hiasan dinding tadi sempet bingung cara masangnya tapi bisa juga berkat suamiku,
38,desainbagus hargabaik kualitasbagus alhamdulillah paket nya sampai dengan selamatpengemasan cepatpengiriman juga cepatmeja nya bagusterima kasih,"desainbagus
hargabaik
kualitasbagus
alhamdulillah paket nya sampai dengan selamatpengemasan cepatpengiriman juga cepatmeja nya bagusterima kasih",
43,bagus meja nya udh lama datang langsung di rakit dan di kasih bunga pengiriman karna pake yg paling murah jadi nya lama,,
44,desaincakep rapi dan kokoh hargasangat terjangkau dgn harga promo hanya rupiah kualitassangat bagus produk sangat bagus real pict cakep harga amat sangat terjangkau apalagi dpt harga promo hanya rp rupiah toko amanah fast respon pemrosesan produk sangat cepat packing rapi pengiriman express sangat memuaskan belanja disini terimakasih semoga berkah,"desaincakep rapi dan kokoh
hargasangat terjangkau dgn harga promo hanya rupiah
kualitassangat bagus
produk sangat bagus real pict cakep harga amat sangat terjangkau apalagi dpt harga promo hanya rp rupiah toko amanah fast respon pemrosesan produk sangat cepat packing rapi pengiriman express sangat memuaskan belanja disini terimakasih semoga berkah",
45,hargaya kualitasjos desainok alhamdulillah barang sudah di terima dengan baik no cacat pokoknya mantap lah gak nyesel kang kurir juga ramah top,,
46,makasih ka barang udah sampe wort it banget sama harganya pengirimannya juga cepet bangeet thank u,,
56,hargamurah kualitasbagus desainestetik baguussspengiriman cepat packing amaan dan harga muraahh,"hargamurah
kualitasbagus
desainestetik
baguussspengiriman cepat packing amaan dan harga muraahh",
66,hargamurah kualitassesuai harga desaincantik pesanan dah sampai kurir langganan gak bisa pasang dipsang msh oleng,,
72,hargamurah bgt kualitasbagusss desainokk bgt sumpah respon penjual baik bgt dan barang juga bagus bgt murah sekali dan sesuai ekspektasi pengiriman juga cepet bgt nyampe thanks seller thanks shopee thanks kurir,,
78,barang nya lengkapbagus pengiriman cepat terima kasih pasti order lagi disini deh,barang nya lengkapbagus pengiriman cepat terima kasih pasti order lagi disini deh,
80,hargapromo cuma rupiah aja kualitasbagus desainminimalis pengiriman cpt barang sudah sampai dr kemaren tp blm sempet riveaw ajaadpt hrga promo cuma rupiah ajaa dpt meja minimalis lumayan buat hiasan di kamar,,
82,hargamurah bangeeet kualitasbagus desainlucu pengiriman cepat sekali bahan bagus suka banget trimakasihhhhh,"hargamurah bangeeet
kualitasbagus
desainlucu
pengiriman cepat sekali bahan bagus suka banget trimakasihhhhh",
83,terimakasi reseller sudah kirim sesuai pesanan cuman di bagian kakinya aj karna gk pande pasangnya jdi tpi dri material smpek dengan selamat gak ad yg kurang dan pengirimanya aja yg lama tapi ok lah dengan harga segini mahalan ongkir dari pada barangnya next bakal order lgi di toko ini,,
87,hargamurah bangetttt kualitasbaguss desainestetik worth to buy banget untuk harga segini sayang nya kurang ada instruksi pemasangan nya kadi mintol temen pasangin pengiriman nya juga cepet,,
91,aman pengemasanny walau agk lama pengirimanny blm dipsang krn gk ada panduanny saran aja bnus stiker diganti tulisan cara psangny gimana biar tau maklum disini cwek semua,,
103,pengiriman oke pckaging juga oke harga prduk murah sch kualitas juga bagus,,
114,hargamurah kualitaslumayan desainbagus pengemasan agak lama tapi pengiriman aman sampai tujuan semoga berkah ya,,
117,hargamurah kualitasbagus desainluci lumayan dengan harga segitu barangnya oke pokoknya sesuai dengan harga pengiriman agak lama karna di satuin dengan meja makasih seller pokoknya,,
127,pengiriman cepat datengnya semoga aweta barangnya simple,pengiriman cepat datengnya semoga aweta barangnya simple,
135,kualitasstandar desainminimalis hargamurah pengiriman lumayan cepat packing produk tidak terlalu aman walaupun dengan bubblewrapkarena kardus sedikit sobekbubblewrap tidak menutup produk keseluruhan walaupun lapis kaki meja ada sedikit retakdan bonus tidak ada lain kali diperiksa kembali kelengkapan da keamanan produknya terimakasih,"kualitasstandar
desainminimalis
hargamurah
pengiriman lumayan cepat packing produk tidak terlalu aman walaupun dengan bubblewrapkarena kardus sedikit sobekbubblewrap tidak menutup produk keseluruhan walaupun lapis kaki meja ada sedikit retakdan bonus tidak ada lain kali diperiksa kembali kelengkapan da keamanan produknya terimakasih",
149,untuk gambar itu bagian bawah meja yg udah ditandain tp tetep aja bingung gmn pasang nya saran aja biar sekalian dilubangi yg sama seperti di kayu nya foto ketiga bagian atas meja foto ke empat itu free gift nya berupa hiasan dinding pengiriman lumayannn harga terjangkau thanks seller,,
157,pengiriman cukup lama bukan barang ready stok seperti dalam keterangan sebelumnya segi kualitas biasa aja sesuai mungkin dengan hargajgn berharap lebih pengerjaan kurang rapi tanda buat pemasangan kaki juga asal ga centeroverall cukup lumayanga ada bonus jam jugapromonya palsu,,
162,hargamurah meriah kualitassangat oke desainsangat modern barang oke harga murah meriah pengiriman sangat cepat hanya agak kebingungan saat merakitnya,"hargamurah meriah
kualitassangat oke
desainsangat modern
barang oke harga murah meriah pengiriman sangat cepat hanya agak kebingungan saat merakitnya",
163,hargamurah kualitasbagus desainbagus akhirnya dateng walaupun kakinya jamuran wkk mungkin karna lamaa di pengiriman kali yaa hihiii so far semuaa baguss,,
166,hargaok kualitasok desainok pengiriman ok pelayanan ok cuman freenya memancing menarik perhatian padahal frame dindingnya kecil bgt udah sempet ga kekirim freenya terus dikirim ulang tapi ternyata kecil tau gitu ga dikirim juga gpp,,
167,hargamurah kualitassesuai harga desainbagus pada dasarnya mudah utk pasang cuman ada yg lupa dibolongin untungnya kayunya mudah utk dibolongin sendiri overall utk harga segini cukup happy pengiriman cpt bgt thanks,,
168,hargastandart kualitasbaik desainbaik alhamdulillah sdh nyampek pengiriman termasuk cepet ya meskipun sy gak dpt bonus tp gpp semoga sellau amanah,,
171,hargabagus kualitasbagus desainbagus ngga ada yang kurang komplit dapet gratisan pajangan hehe kokoh realpict termurahh top bgt pokoknyaaa sukaaaaaaakkk buat meja sudut tcakeup pengiriman dan pengemasan cepatt thanks seller,"hargabagus
kualitasbagus
desainbagus
ngga ada yang kurang komplit dapet gratisan pajangan hehe kokoh realpict termurahh top bgt pokoknyaaa sukaaaaaaakkk buat meja sudut tcakeup pengiriman dan pengemasan cepatt thanks seller",
175,hargamurah kualitaslumayan desainmenarik alhamdulillah paket sudah sampai menurut aku barangnya bagus ya lumayan untuk harga segitu buat decorasi ruangan menarik terimakasih semoga berkah yah,,
182,produk sesuai harga ukuraannya gk pas dan free giftnya gk jalan cm gpp untuk harga segitu sesuai jdnya dipasang agak miring karna ukurannya gk pas dan pengiriman cm pakai kardus tp worth it dan bagus bgt,,
184,hargamurce kualitasok desainbundar unyu sekali mejanya lumayan deh buat dekor ruang tengah biar nda bgt thx seller pengiriman cepet sukses selalu,,
185,hargaterjangkau kualitasbagus desainaesthetic dengan harga segini termasuk worth it yaaa aesthetic banget pengiriman cepet bagus bangetttt bakalan repeat order sih kalo gini thx seller semoga semakin lancar usahanya,,
191,barang sudah sampaibagus dan sesuai orderanpackingan aman dan rapih pengiriman cepat,barang sudah sampaibagus dan sesuai orderanpackingan aman dan rapih pengiriman cepat,
196,pengiriman lumayan cepat pengemasan cukup bagus tapi gatau kenapa ada nya di dimeja putih nya itu but its okee over all aku suka kok makasih seller,"pengiriman lumayan cepat
pengemasan cukup bagus tapi gatau kenapa ada nya di dimeja putih nya itu
but its okee over all aku suka kok
makasih seller",
198,hargaterjangkau kualitasoke suka bgt sama mejanya murah tapi kuaitas bagus trus dpt bonus pula pengiriman lumayan cepat,"hargaterjangkau
kualitasoke
suka bgt sama mejanya murah tapi kuaitas bagus trus dpt bonus pula pengiriman lumayan cepat",
200,pengiriman lumayan barang bagus cuma agak kurang presisi aja selebihnya oke,,
217,hargabagus kualitasbagus desainbaguss pengiriman cepet sehari sampai harga juga pas lagi diskon awalnya bingung cara ngrakitnya trs dirakitin bapak deh thank you kak,,
220,hargaterjangkau kualitaslumayan desainsesuai gambar bahannya mudah mudahan bagus dan mudah mudahan bisa awet untuk harganya sangat terjangkau pengiriman cepatt goodd,"hargaterjangkau
kualitaslumayan
desainsesuai gambar
bahannya mudah mudahan bagus dan mudah mudahan bisa awet untuk harganya sangat terjangkau pengiriman cepatt goodd",
225,hargamurah kualitaslumayanlah dgn harga segitu desainbagus paketnya aman dan pengirimannya cepat thank youu,"hargamurah
kualitaslumayanlah dgn harga segitu
desainbagus
paketnya aman dan pengirimannya cepat thank youu",
230,harga murah banget kualitas sangat baik sesuai dengan foto desain bagus ga ada yang cacat allhamdulillah paket datang dengan selamat ga nyesel bener barangnya bagus sesuai dengan di foto good pokonya ga akan nyesel,,
240,bagussss harganya murah banget dapet bonus jam jugaa mejanya lupa di foto hehehe tapi baguss kualitasnya pengirimannya cepet banget tapi lama pada pengemasan mungkin karena worth to buy banget lah,,
248,hargamurah kualitaslumayan desainbagus pengiriman agak lama spesial ramadhan katanya ada bonus poster namun saya sama sekali tidak menerima poster yauda deh gapapa ikhlasin aja,,
251,hargamurah terjangkau kualitasbagus desaincantik bagus n murah loh pemasangannya jg mudah pengemasan aman pengiriman ga tll lama desainnya bagus ga kalah sama yg mahal,,
252,hargabaik kualitasbaik desainbaik pengiriman baik pengemasan baik kualitas produk baik next kalau boleh saran dikasi cara pasang nya ya ka karna bingung pasang nya gimana,,
253,hargamurah kualitasoke desainbagus pengiriman cepat harga murah bgt tp kualitas oke recomended bgt pokoknya,"hargamurah
kualitasoke
desainbagus
pengiriman cepat
harga murah bgt tp kualitas oke
recomended bgt pokoknya",
256,hargamurah kualitassesuai desaincantique minimalize pengirimannya cepet uda mo sampe tapi transit dulu jam buat aku yang gasabaran agak gemezz tapi yauda nyampenya pas sabtu sabtu gini bisa buat kegiatan terimakasih seller ssmoga rejeki lancar untuk kita semua aamiin,,
260,bagusss murah tapi gamurahann masangnya juga ga susahh cuma repot harus ngelubangin satu satu haha tapi overall oke pengemasan pengiriman cepet dapet bonus pula hihii,,
261,paket telah diterima dengan baik packing ok pengiriman cepat barang yang dikirim sesuai dengan deskripsi barang original kualitas barang sangat baik terimakasib seller,paket telah diterima dengan baik packing ok pengiriman cepat barang yang dikirim sesuai dengan deskripsi barang original kualitas barang sangat baik terimakasib seller,
263,hargasangat murah kualitasbagus desainbagus suka sekali harga murah design bagus hanya pengirimannya kemarin agak lama tp its oke saya suka produk nyatrims,,
264,terimakasih banyak produk baikpengiriman baikharga terjangkau tp bonus tdk dpt,,
268,hargamurah meriah kualitasmantap desainbagus pengiriman standar packing aman sesuai dengan pesanan terima kasih ya bagus mejanya sesuai dengan yang saya inginkan,,
275,paket telah diterima dengan baik repeat order selalu puas dengan toko ini recomended seller thanks seller shopee,,
276,hargamurah kualitasok desainok mejanya bagus muraaaah bgt utk harga segitu pengiriman cepat packing juga rapi barang sampe aman ga ada cacat makasiiiiii seller n shopeeeeeeeeee,"hargamurah
kualitasok
desainok
mejanya bagus muraaaah bgt utk harga segitu pengiriman cepat packing juga rapi barang sampe aman ga ada cacat makasiiiiii seller n shopeeeeeeeeee",
277,hargabagus kualitasbagus desainbagus terima kasih paket sudah sampai saya suka sekali,,
280,pengemasan dan pengiriman cepat kualitas produk sesuai harga bagus sih tapi ada sedikit cacat di mejanya,pengemasan dan pengiriman cepat kualitas produk sesuai harga bagus sih tapi ada sedikit cacat di mejanya,
281,barang bagus banget kamarku terlihat estetik tapi masangnya susah banget klo nggk pakek bor nggk kuat tadinya pake obeng masih rekomended pokonya terimakasih seler shoppe n kurir,,
282,mejanya bagus barangnya sesuai dgn gambar harganya terjangkau tp gaada panduannya takut salah pengemasan lama pengiriman cepat terimakasihhh,mejanya bagus barangnya sesuai dgn gambar harganya terjangkau tp gaada panduannya takut salah pengemasan lama pengiriman cepat terimakasihhh,
289,pengiriman cepat dan kemasan juga aman banget yaa bahan nya bagus produk yang dihasilkan pun bagus terimakasih,pengiriman cepat dan kemasan juga aman banget yaa bahan nya bagus produk yang dihasilkan pun bagus terimakasih,
295,hargagood kualitasgood desaingood kualitas nya oke sesuai harganya barang dikirim terpisah jadi harus rakit sendiri pengiriman cepat dan sampai tepat waktu overall oke kurangnya karena susah di pemasangan saran buat penjual tolong disiapkan lubang baut dan tanda lokasi kakinya karena ribet harus buat lubang sendiri,"hargagood
kualitasgood
desaingood
kualitas nya oke sesuai harganya barang dikirim terpisah jadi harus rakit sendiri pengiriman cepat dan sampai tepat waktu overall oke kurangnya karena susah di pemasangan saran buat penjual tolong disiapkan lubang baut dan tanda lokasi kakinya karena ribet harus buat lubang sendiri",
299,mejanya bagus tidak ada cacat pengiriman dari seller pun cepat,mejanya bagus tidak ada cacat pengiriman dari seller pun cepat,
301,hargamantaaap muraahh kualitasbagussss desainbagussss pengiriman cepat packing aman admin baik cmn sayaa ga libter ngerakit nya jadi rada goyaangg gituu baut nya ga kenceenggg,"hargamantaaap muraahh
kualitasbagussss
desainbagussss
pengiriman cepat packing aman admin baik cmn sayaa ga libter ngerakit nya jadi rada goyaangg gituu baut nya ga kenceenggg",
302,hargamurah kualitasoke desainbagus pengemasan dan pengirimannya cepet banget barangnya bagus cuma rada ribet pasangnya,,
303,hargalumayan kualitaslumayan desainbagus packing aman krn di tambahin buble warp kecepatan pengiriman ok krn jnt,"hargalumayan
kualitaslumayan
desainbagus
packing aman krn di tambahin buble warp kecepatan pengiriman ok krn jnt",
312,request kaki yang bundar dikirim yang kotak minta warna yg sedikit cerah dikirim yang gelap mana kaki gak kokoh lagi geser pake tangan udah kaya mau roboh pengirimannya mundur sehari pulak kacau lah,,
314,bagus dengan harga segitu pengiriman juga cepat makasih yaaa,bagus dengan harga segitu pengiriman juga cepat makasih yaaa,
316,hargamurah kualitassesuai harga desainsimple minimalis belum dipasang sih nanti tunggu dipasangin makasih pengirimannya lumayan cepet suksesssss selalu seller,,
318,mejanya bagus pengiriman cepat terima kasih seller hsjdgfjfjjghgjfjdjhdjfjfbdhhfhfhdhhdgdhfhfjhfbshdhbdhfhdhdhhfhfhghhfhfjejjdhfhfjfjjfjfjfjhghgiekdjjfjgjgjjfjfhejsjjdjfjjf,mejanya bagus pengiriman cepat terima kasih seller hsjdgfjfjjghgjfjdjhdjfjfbdhhfhfhdhhdgdhfhfjhfbshdhbdhfhdhdhhfhfhghhfhfjejjdhfhfjfjjfjfjfjhghgiekdjjfjgjgjjfjfhejsjjdjfjjf,
320,kualitas produk sangat baik pengiriman cepat respon penjual bagusproduk sesuai di gambar original,kualitas produk sangat baik pengiriman cepat respon penjual bagusproduk sesuai di gambar original,
328,super minimali dan cute banget murah juga bagus sih dengan harga segitu pengiriman aman,,
329,kualitas produk sangat baik produk original harga produk sangat baik pengiriman cepat thx shoope n seller well,"kualitas produk sangat baik produk original harga produk sangat baik pengiriman cepat thx shoope n seller
well",
330,pengiriman cepat sekali utk pemasangan cukup sediakan paku saja sudah diberikan tanda bagian mana yg akan dipaku hanya saja menurut saya tanda tsb kurang center,pengiriman cepat sekali utk pemasangan cukup sediakan paku saja sudah diberikan tanda bagian mana yg akan dipaku hanya saja menurut saya tanda tsb kurang center,
335,mau dibelikan kuota internet oleh temankeluarga balas sms ini dgn yes nomor temankeluarga untuk minta paket mb contoh yes,,
337,hargaterjangkau kualitasokee desaincomel ukurannya pas pengirimannya cepet,,
338,hargamurah kualitasbiasa desaincukup pengiriman lama butuh hr after co baru di kirim bonus pajangan dinding jg di luar ekspektasi karena di kirain beneran pajangan dinding ternyata hanya printan di kertas biasa dan papan tipis pengemasan juga hanya sebatas kardus yg di,,
340,bagus banget mejanya murah pula harganya cuma pengiriman agak lama sedikit,,
343,bagus meja nya minimalis halus pengiriman cepat harga wow murah banget dapet bonus juga top,bagus meja nya minimalis halus pengiriman cepat harga wow murah banget dapet bonus juga top,
345,hargasesuai kualitaslumayan desainok barang sudah smpai packing rapiii pengiriman juga lumayan cepatharga lumayan lah terjangkau pokonya oke,"hargasesuai
kualitaslumayan
desainok
barang sudah smpai packing rapiii pengiriman juga lumayan cepatharga lumayan lah terjangkau pokonya oke",
350,hargaok kualitasok desainok terimakasih banyaaaaak kakaaaa paketan nya sudah diterima,,
351,paket sudah sampai terima kasih seller sellernya ramah kualitas meja nya bagus juga keren deh buat meja rokok suami,,
352,pengemasan n pengiriman nya cepet banget padahal pake ekspedisi hemat harganya terjangkau banget kualitas nya bagus,,
353,hargaterjangkau kualitaslumayan desainminimalis pengemasan cepat pengiriman juga nggak ada panduan buat masangnya terimakasih semoga awet,"hargaterjangkau
kualitaslumayan
desainminimalis
pengemasan cepat pengiriman juga nggak ada panduan buat masangnya terimakasih semoga awet",
356,hargamurce kualitastop bgt desainminimalis pesanan sesuai dengan deskripsi so gemey harga murah dan pengiriman aman cepat,"hargamurce
kualitastop bgt
desainminimalis
pesanan sesuai dengan deskripsi so gemey harga murah dan pengiriman aman cepat",
361,puas sekaliiiii syukaaaaaaaaaaaa pengiriman cepat banget baguuuuus sangat puas sangat syukaaaaaaa terimakasih banyak,"puas sekaliiiii
syukaaaaaaaaaaaa
pengiriman cepat banget
baguuuuus
sangat puas
sangat syukaaaaaaa
terimakasih banyak",
362,product kecil rupanya tapi harus di rakit lagipengiriman nya mahal jdi harganya sama dgn beli langsung di toko yg setara itu,,
367,bagus murah pengiriman juga cepet cocok mengisi liburan akhir tahun,,
368,bagusss bangetttt meja nya cocok buat skincare an pengiriman lumayan lama tapi gak lama banget respon penjual agak slow yang paling keren sekarang gratis jam dinding,,
369,kualitas produk sangat baik pengiriman cepat respons penjual sangat baik dan harganya sangat murah dan mejanya bagus,kualitas produk sangat baik pengiriman cepat respons penjual sangat baik dan harganya sangat murah dan mejanya bagus,
373,mejanya cakep tp msh bnyak minusnya bonusnya enggak ada trus kaki mejanya berjamur packing aman double kardus tp pengiriman lmyan lama,,
395,bagusssss pengiriman cepattttt packing aman gak bakal ada yg sangka sih harganya segitu mau beli lg,"bagusssss
pengiriman cepattttt
packing aman
gak bakal ada yg sangka sih harganya segitu
mau beli lg",
396,pengiriman cepet barangnya okee gemess bgt realpict harga murahh semoga awetttt recomended seller,,
399,pengiriman cepat bahan bagus kayu kuat packaging rapi dan aman thank you seller,pengiriman cepat bahan bagus kayu kuat packaging rapi dan aman thank you seller,
404,pengiriman cepat dan harga murah dan barang nya sesuai dengan apa yang ada di foto,pengiriman cepat dan harga murah dan barang nya sesuai dengan apa yang ada di foto,
408,hargamurmer kualitasbagus desainunik barangnya sudah sampai pengiriman nya agak lama,,
412,hargaaffordable kualitasgood desainnice semoga mejanya awet yaa lucu sih mejanya mungilll pengemasan lumayan pengiriman okay thank you so much,,
415,hargamurah banget kualitasokee desainkeren pengiriman cepat packing juga amann thanks seller,"hargamurah banget
kualitasokee
desainkeren
pengiriman cepat packing juga amann thanks seller",
418,pengiriman cepat suka banget deh harga murah kualitas oke lagi recomended bgt pokoknya,"pengiriman cepat
suka banget deh
harga murah kualitas oke lagi
recomended bgt pokoknya",
419,keren abis barangnya dgn harga semurah ini tapi hasilnya cakeepp rapi bagus gk nyangka lah effordeble mana paketnya super kilat hari ini checkout hari ini di kirim kurir dong hari langsung sampai puasss bgttt mantapp,,
423,produk original harga produk sangat baik kecepatan pengiriman baik kualitas baik,produk original harga produk sangat baik kecepatan pengiriman baik kualitas baik,
424,mejanya baguss banget pengiriman standar sii cuma aku cewe sendiri jadi kesusahan masangnya sediiii jadi harus manggil temen,,
425,mantap bang jago gak expect bakal sebagos ini si pengiriman cepet bet dah barang sampai kondisi baik perjuangan bet ya ceu pasang bautnya,,
429,barang sesuai gambar pengiriman cepat sampai perakitan mudah kualitas sesuai harga kalau awet nanti beli lagi di toko ini trimakasih,barang sesuai gambar pengiriman cepat sampai perakitan mudah kualitas sesuai harga kalau awet nanti beli lagi di toko ini trimakasih,
431,asiiiiiiikkkkkkk barangggg sudahhhh sampaiiiii rekomendeddd dehhhh belanja di toko iniiiiii selain harganya murahhh meriahhh muntahhh campur bahagiaaaaaaa pelayanan nyaaa jugaaaa ramahhhhhhh syekaliiiiiiiii pengemasan dan pengiriman secepattttt kilatt next aku ordeer toko ini lagi heheheheheheheh,asiiiiiiikkkkkkk barangggg sudahhhh sampaiiiii rekomendeddd dehhhh belanja di toko iniiiiii selain harganya murahhh meriahhh muntahhh campur bahagiaaaaaaa pelayanan nyaaa jugaaaa ramahhhhhhh syekaliiiiiiiii pengemasan dan pengiriman secepattttt kilatt next aku ordeer toko ini lagi heheheheheheheh,
437,paket udh nyampe cuman lagi diluar kota jadi gabisa buka dan liat paketnya sayang banget semoga bagus yaa hihi thanks seller,,
448,kualitas produk baik harga produk baik kecepatan pengiriman baik,kualitas produk baik harga produk baik kecepatan pengiriman baik,
451,biar deh meja nya juga yg pnting barang datang dgn baik mksh buat toko pengiriman lumayan cepet walaupun dr luar jawa,,
455,hargasangat terjangkau kualitasoke paket sudah diterima kualitas produk sangat bagus dengan harga segitu murah tapi gak keliatan murahan cuman ukurannya lumayan kecil tapi gakpapa si tetep kece aja pengemasannya juga rapi dan mengedepankan keamanan produkpengiriman juga cepet walaupun pengemasannya lumayan lama,,
460,produk bagus pengiriman cepat packing aman thankyou seller,produk bagus pengiriman cepat packing aman thankyou seller,
463,barang memuaskan tidak ada cacat apapun pengiriman cepattt bakalan repeat order,barang memuaskan tidak ada cacat apapun pengiriman cepattt bakalan repeat order,
467,bagusss pengiriman juga cepet sehari nyampe dari jepara ke pwt cuma lama di pengemasan aja si wkwk makasi seller,,
472,pengiriman oke thank youu seller brg oke kualitas okeeeee,,
474,harga murah banget barang nya bagus pengiriman nya lumayan agak lama bahan nya jg ok lumayan,,
477,barang sesuai pesanan packing aman dan pengiriman cepat,barang sesuai pesanan packing aman dan pengiriman cepat,
479,meja ya bagus pengiriman cepat harga produk sangat baik,meja ya bagus pengiriman cepat harga produk sangat baik,
483,barangnya nyampe dengan selamat pengiriman cepat packing rapi barangnya bagus ga ada yang cacat terima kasih banyak,barangnya nyampe dengan selamat pengiriman cepat packing rapi barangnya bagus ga ada yang cacat terima kasih banyak,
492,pengirimannya agak lambat mungkin karena produk kayu belum dipasang tp kalau dilihat produknya bagus,,"pengirimannya agak lambat mungkin karena produk kayu
belum dipasang tp kalau dilihat produknya bagus"
500,packing pengemasan cepat pengiriman cepat memuaskan sekali barang sesuai prediksi trimakasih,packing pengemasan cepat pengiriman cepat memuaskan sekali barang sesuai prediksi trimakasih,
502,hargabagus kualitasbagus desainbagus kualitasnya bagus harganya terjangkau pengirimannya juga cepet pokoknya love deh,,
506,barangnya bagus kondisi bagus pengiriman lumayan tapi gangerti pasangnya harus pake bor kah,,
509,hargaharga murah bangeeet kualitasokey desainlucu bagus harga murah pas buat sudut ruang tamu pengiriman cepatpacking amaan bangetsampai dengan selamat tanpa cacatmakasih sellersukses selalu ya,"hargaharga murah bangeeet
kualitasokey
desainlucu bagus
harga murah pas buat sudut ruang tamu pengiriman cepatpacking amaan bangetsampai dengan selamat tanpa cacatmakasih sellersukses selalu ya",
510,hargabaik kualitasbaik desainbaik sesuai pesanan pengiriman cepat packing rapi thanks seller,"hargabaik
kualitasbaik
desainbaik
sesuai pesanan pengiriman cepat packing rapi
thanks seller",
512,paket sudah sampai sesuai dengan pesanan terima kasihhhhh,,
514,pemgemasan rapi dan aman produk mulus tanpa cacat realpict tapi sayang pengiriman lama,,
519,paket sampai dengan aman walau agak lama so far puas sesuai harga thankyou seller,,
524,barang bagus harga pas pengiriman cepat mantaplahhhhhhhhh,"barang bagus
harga pas
pengiriman cepat
mantaplahhhhhhhhh",
525,barang sudah tiba tpi belum dibuka soalx masih diluar pengiriman agk lama sih,,
533,pengiriman cepat belum sempat buka semoga sesuai harapan terima kasih,pengiriman cepat belum sempat buka semoga sesuai harapan terima kasih,
538,terbaik sebaguuuussssss itu harga murah barang original cepat dalam pengiriman dan ku sangaaattt sukaaaa,"terbaik sebaguuuussssss itu
harga murah barang original cepat dalam pengiriman dan ku sangaaattt sukaaaa",
539,semoga barang sesuai pesanan pengiriman cepat sukaaaaaaaaaaaaaa,semoga barang sesuai pesanan pengiriman cepat sukaaaaaaaaaaaaaa,
541,mejanya lucu banget semoga awet ya wkwkwk pengiriman agak lama tapi ngga papa,,
543,kualitas produk baik pengiriman baik harga terjangkau kualitas produk baik pengiriman baik harga terjangkau,,
546,pengiriman sangat cepat barang bagus harga sangat terjangkau,pengiriman sangat cepat barang bagus harga sangat terjangkau,
564,bahan bagus harga sangat terjangkau dan banyak promonyaa pengiriman barang juga cepat banget dari jepara ke jabodetabek,bahan bagus harga sangat terjangkau dan banyak promonyaa pengiriman barang juga cepat banget dari jepara ke jabodetabek,
567,bagus murah okee lah cepet pengirimannya oke adminnya thx,,
568,produk bagus cumaa bagian kaki seberti kayu glondong biasa saran harusnya diplitur biar bersih yang lain aman dari packaging dan fisiknya karna masih satu provinsi pengirimannya cepat,produk bagus cumaa bagian kaki seberti kayu glondong biasa saran harusnya diplitur biar bersih yang lain aman dari packaging dan fisiknya karna masih satu provinsi pengirimannya cepat,
569,pengiriman cepat packing lumayan terima kasih seller,"pengiriman cepat packing lumayan
terima kasih seller",
571,paket sampai dengan selamatttttttttttttttttttttttt,,
575,lumayan untuk harga segitu pengiriman standar barang aman,,
576,kualitasnya sangat baik pengiriman juga cepat harganya terjangkau banget,kualitasnya sangat baik pengiriman juga cepat harganya terjangkau banget,
581,produk baguspengiriman cepatrespon penjual baikinsya allah next order lg yaaterima kasih banyaksukses selalu,produk baguspengiriman cepatrespon penjual baikinsya allah next order lg yaaterima kasih banyaksukses selalu,
583,paket udah sampai sesuai sama pesenan suka makasih bonusnya,,
599,hargamurah kualitasbagus bgttt maaf berantakan soalnya lg renovasi rumah biar estetik hehe maaf vidio dan gambar gk sesuai krn paket udah di beri ke yg pesan hehe kualitas baguss kok,,
605,hargasesuai barang kualitasstandart desainunik belinya pas lagi promo tapi lucu juga sih tambahannya dapat lukisan dinding meskipun kecil untuk pengiriman termasuk nya cepet,,
616,hargaterjangkau kualitasbagus desainelegan dan minimalis barangnya realpict dan pengiriman cepat,"hargaterjangkau
kualitasbagus
desainelegan dan minimalis
barangnya realpict dan pengiriman cepat",
617,barangnya baguuusss sesuai sama ekspektasi ku pengiriman juga cepet bgt padahal lg tahun baru makasiii seller bakal repeat order lagii,,
622,hargamurah sekali kualitasok desainbagus murah sekali mejanya okjangan lupa beli ditoko ini yapengiriman cepat,"hargamurah sekali
kualitasok
desainbagus
murah sekali mejanya okjangan lupa beli ditoko ini yapengiriman cepat",
633,bener bener buagus rekomended banget suka pengiriman cepat pengiriman n kurir juga baik packing nya juga super duper aman bener bagus rek suka,bener bener buagus rekomended banget suka pengiriman cepat pengiriman n kurir juga baik packing nya juga super duper aman bener bagus rek suka,
637,pengiriman cepat fastrespon seller ramah baik pengemasan aman dan rapi pemasangan nunggu suami pulang dulu semoga awet harga terjangkau kayunya kokoh,pengiriman cepat fastrespon seller ramah baik pengemasan aman dan rapi pemasangan nunggu suami pulang dulu semoga awet harga terjangkau kayunya kokoh,
638,pengiriman lumayan cepet packingan juga aman cuma masangnya aja yang agak ribet dan lumayan susah,,
660,desainminimalis hargamurah kualitaslumayan lumayan buat pengguna baru harganya cuma walaupun ongkir jadi pas event ini buat nambah2 aksesoris dirumah hehe senenh banget cepet pengirimannya,,
662,bagusss harga murahhh meriahhh pengiriman cepettt mantapppp,,
668,hargaok kualitasok desainok hanya saja tidak ada bonusnya yg tertera sesuai iklanbonus stiker dindingnya tidak ada di dalam paketkurang teliti saat packing barangnyasehingga kurang telitidan utk packing tidak menggunakan lapistidak memakai bubble wrapbarang rentan patah dan lebih teliti lagi,,
670,hargaok kualitassesuai harga desainok barang murah buat pajangan bagus tolong dikasih buku panduan kasian kalo yang beli mbak mbak kos ga ada cowok dirumah bisa tetep pasang pengiriman lama,,
671,hargabiasa kualitasbiasa desainbiasa pengirimannya super lama peletakan kakinya ga simetris jadi miring duh g worth it hadiah buat pajamgannya juga gabisa disebut pajangan,,
677,hargaterjangkau kualitasbagus desainsimpel bagus sekali pengiriman cepat pengemasan rapi dan aman dapat hadiah juga sesuai dengan gambar sama persis si cuman emang ukurannya kecil ya guys untuk sesuai harga dan kualitas kayu bagus pemasangan emang agak ribet karna memang harus pake mur biar kuat bagus,"hargaterjangkau
kualitasbagus
desainsimpel
bagus sekali pengiriman cepat pengemasan rapi dan aman dapat hadiah juga sesuai dengan gambar sama persis si cuman emang ukurannya kecil ya guys untuk sesuai harga dan kualitas kayu bagus pemasangan emang agak ribet karna memang harus pake mur biar kuat bagus",
680,hargamurah kualitasbagus bgt desainmantapp pengiriman cepat jepara magetan hari sampai barang bagus recommended buat yang mau hias rumah suka banget,"hargamurah
kualitasbagus bgt
desainmantapp
pengiriman cepat jepara magetan hari sampai
barang bagus recommended buat yang mau hias rumah
suka banget",
693,terima kasih kak paket sudah sampai dengan selamat bagus barang nya murah pisan terima kasih kak paket sudah sampai dengan selamat bagus barang nya murah pisan terima kasih kak paket sudah sampai dengan selamat bagus barang nya murah pisan,,
708,harga standar kualitasokr desainbagus paket udah nyampe dengan selamat gak ada cacat sedikitpun kurirnya ramah,,
737,meja nya mudah dirakit nya pengiriman cepat dan barang aman thanks seller,meja nya mudah dirakit nya pengiriman cepat dan barang aman thanks seller,
739,hargaterjangkau sesuai kualitasok desainok packing rapi desain okkualitas sesuai harga respon penjual cepatpengiriman cepatpenjual ramahkurirnya juga baik,"hargaterjangkau sesuai
kualitasok
desainok
packing rapi desain okkualitas sesuai harga respon penjual cepatpengiriman cepatpenjual ramahkurirnya juga baik",
741,hargamurah meriah kualitassedang desainsuper estetik alhamdulillah paket sudah datang sesuai pesanan recomend nih temen2 harga sangat terjangkau mudah dipasang masih bisa tanpa bor tp pake tenaga dalem ya hihii free hiasan dinding mini gemes alhamdulillah namanya jg gratis yakan terima kasih sukses selalu,,
742,hargaok kualitasok desainok udah chat penjual sih untuk bonusnya udah di ok in juga tp sayang sekali pas paket datang dan dibuka gak ada pajangan dindingnya seller dichat gak dibls ya wis,,
747,hargamantul kualitasjosss desainminimalis kualitas produk sangat bagusharga terjangkau pengiriman barang cepatrespon penjual baikkproduk original,"hargamantul
kualitasjosss
desainminimalis
kualitas produk sangat bagusharga terjangkau pengiriman barang cepatrespon penjual baikkproduk original",
748,desainoke hargamurah kualitaslumayan suka produk nya pengiriman cepat gercep gak ada cacat,"desainoke
hargamurah
kualitaslumayan
suka produk nya
pengiriman cepat
gercep
gak ada cacat",
750,kualitasbaik desainminimalis hargamurah pengiriman sangat cepat pengemasan standar akan tetapi barang sampai dengan aman,"kualitasbaik
desainminimalis
hargamurah
pengiriman sangat cepat pengemasan standar akan tetapi barang sampai dengan aman",
751,pengiriman cepat harganya terjangkau terima kasihh,pengiriman cepat harganya terjangkau terima kasihh,
765,hargabik kualitasbagus desainbagus pengiriman cepet banget mejanya belum dipasang dapet bonus hiasan dinding keren banget,,
766,bagus sih pengiriman cepat gapake lama oacking aman tidak ada kerusakan warna bagus foto bagus tidak lecet bahan kayanya bagus sih pengiriman cepat gapake lama oacking aman tidak ada kerusakan warna bagus foto bagus tidak lecet bahan kayanya kokoh,bagus sih pengiriman cepat gapake lama oacking aman tidak ada kerusakan warna bagus foto bagus tidak lecet bahan kayanya bagus sih pengiriman cepat gapake lama oacking aman tidak ada kerusakan warna bagus foto bagus tidak lecet bahan kayanya kokoh,
770,hargamurah kualitasbaik desainminimalis respon seller baik dan ramah pengirimannya cepat dan baik saran jangan dibuat duduk,"hargamurah
kualitasbaik
desainminimalis
respon seller baik dan ramah pengirimannya cepat dan baik saran jangan dibuat duduk",
773,hargamurah kualitasgood desainminimalis aman sentosa gk ada yg lecet pengiriman nya cpt banget kurir ramah gk ada bonus nya gk di kirim,,
780,hargamurah kualitasbagus desainbagus bagus banget pengiriman juga cepet banget kewren,,
784,produk sangat baik kualitas bagus pengiriman aman dan cepat terimakasih,"produk sangat baik
kualitas bagus
pengiriman aman dan cepat
terimakasih",
787,hargarp kualitasbagus desainunik bagus makasih seller makasih kurir mantap oke keren sip mantullity,,
796,kualitasbagus desainkeren hargamurah barangnya dah dateng pake kargo dan pengirimannya ckup cpat tapi emang agak susah rakitnya sih karena saya sndiri nggak pinter rakit btw bagus bangetttt,,
812,barang bagus harga terjangkau pengiriman cepat packing rapih makasih seller,barang bagus harga terjangkau pengiriman cepat packing rapih makasih seller,
826,hargabagus kualitasbagus desainbagus kualitas produk baik produk original kecepatan pengiriman baik thanks,"hargabagus
kualitasbagus
desainbagus
kualitas produk baik produk original kecepatan pengiriman baik thanks",
838,hargadapat harga cuma rupiah kualitasoke banget desainminimalis pengiriman cepat makasih seller makasih kurir,"hargadapat harga cuma rupiah
kualitasoke banget
desainminimalis
pengiriman cepat makasih seller makasih kurir",
839,desainkerenn hargamurah banget kualitassangat baik kualitas meja sangat baik original harganya murah banget pengirimannya cepat dan penjual responsif good job seller,"desainkerenn
hargamurah banget
kualitassangat baik
kualitas meja sangat baik original harganya murah banget pengirimannya cepat dan penjual responsif good job seller",
854,kualitasbarang nya bagus pengiriman cepat aekali padahal dari jepara ke bandung,kualitasbarang nya bagus pengiriman cepat aekali padahal dari jepara ke bandung,
855,kualitasbagus rapih syg bngt paket punyaku pdahl udah di chat tpi ttep ga di kasih bonus ggp lah yg penting meja sesuai dngan yg di pict,,
858,desainminimalis hargaterjangkau kualitasoriginal barang original kualitas bagus pengiriman cepat terimakasih,"desainminimalis
hargaterjangkau
kualitasoriginal
barang original kualitas bagus pengiriman cepat terimakasih",
872,pengiriman lama sekali bonus tambahan gak sesuai req kualitas standar bilangnya kuat buat galon trnyta gak kuat,,
877,harga mayanlah kualitasmantap desaincakep tp rada susah masang nya wkwk cakeeppppppp syukaaaa ih luv luv dah pokoknya mahh best pengiriman jg cpt kok,,
886,hargasangat murah pas di kantong kualitassangat baik mulus desainok cantik peking tapi aman tidak ada sedikitpun yg lecet pengiriman super cepat penjual memberikan yang terbaik buat pelanggan selamat semoga toko semakin maju dan sukses selalu,"hargasangat murah pas di kantong
kualitassangat baik mulus
desainok cantik
peking tapi aman tidak ada sedikitpun yg lecet
pengiriman super cepat
penjual memberikan yang terbaik buat pelanggan
selamat semoga toko semakin maju dan sukses selalu",
891,sesuai pesanan pengiriman dan pengemasan cepat makasih kak,sesuai pesanan pengiriman dan pengemasan cepat makasih kak,
904,hargamuraj kualitaslumayan desainok pengemasan cepat pengiriman cepat barang belum dirakit,"hargamuraj
kualitaslumayan
desainok
pengemasan cepat pengiriman cepat barang belum dirakit",
909,hargamurah kualitasstandar desainminimalis cantik pelayanan seller sangat ramah pengemasan dan pengiriman baik produk tidak ada cacat hanya sj banyak yg kurang rapih tp overall baik,,
912,hargamurah kualitasok desainok products lumayan sesuai harga pengiriman cepet bgt pdhl dr jepara mantap lah pokokny a kurir ramah,,
913,hargaterjangkau kualitasoke desainoke pengemasan cepat pelayanan baik pengiriman cepat sampai dan sesuai pesanan,"hargaterjangkau
kualitasoke
desainoke
pengemasan cepat pelayanan baik pengiriman cepat sampai dan sesuai pesanan",
925,hargamurah kualitasbagus desainminimalis cuman dipengiriman aja tolong ditingkatkan terlalu lama,,
927,hargamurahh kualitasbaguss pengiriman sangat cepattt,"hargamurahh
kualitasbaguss
pengiriman sangat cepattt",
935,hargamantaps murce say kualitasbagusb desainminimalis keren sedep pokoknya pengiriman cepat banget,"hargamantaps murce say
kualitasbagusb
desainminimalis keren
sedep pokoknya pengiriman cepat banget",
941,hargamurah kualitaslumayan desainokay pengiriman cepat respon penjual baguust,"hargamurah
kualitaslumayan
desainokay
pengiriman cepat respon penjual baguust",
942,bagus banget simple tp bagus dan mudah dipasang pengiriman juga cepat,bagus banget simple tp bagus dan mudah dipasang pengiriman juga cepat,
951,hargamurah kualitasbagus desainkeren bagus bgt cm dlm pengiriman ckup lama tp overall bagus lah,,
964,kualitas barang sangat baik sampai dg aman harga murah walau ongkir lumayan tp gpp kecepatan pengiriman standar pakai pos adminnya baik sekali baguss bgt kapan kapan kalo ada rezeki lg mau beli lg terima kasih,"kualitas barang sangat baik sampai dg aman harga murah walau ongkir lumayan tp gpp kecepatan pengiriman standar pakai pos adminnya baik sekali baguss bgt kapan kapan kalo ada rezeki lg mau beli lg
terima kasih",
965,alhamdulillah barangnya nyampe pengirimannya rada lma tp msh wajr krn pake darat yg pertama dikirim kertas doang pake jnt sedangkan barang dikirim pake pos indo barang nyampe tanpa cacat utk harga termasuk bagus makasihh,,
967,ini meja paling murah yg sy sempet cari cari udah gitu brngnya asli gak ngecewain bahannya tebel kokoh gitu pengiriman jg lumayan cepet barang dtng dengan aman tak ada kerusakanpdhl cuma pake dus gitu ma lakbangak pake wrap gituuntung selamatmakasihmau nyoba pasang gampang,,
969,barang bagus sih cuman ya itu kalo buat pesenan orang mah kudu sabar bget superlama pengirimannya yg pertama malah refund karena kelewat barang bagus cuma management penjualannya yg payah tolong diperbaiki lagi pengirimannya lainya mantap,,
972,selamat paket gb gb omg hari rp telah aktif berlaku sd tgl pkl wib cek statusberhenti berlangganan melalui my telkomsel apps atau hub info,,
980,barang sdh sampai dgn selamat packing rapi dan pengiriman standar thanks seller,,
981,hargaterjangkau kualitasbaik desainlucu asli bagus banget tebel juga bahanya pengiriman sangat cepat,"hargaterjangkau
kualitasbaik
desainlucu
asli bagus banget tebel juga bahanya
pengiriman sangat cepat",
988,barang sudah diterima dengan kondisi baik packaging sempurna sudah sangat baik gak ada yg cidera bonusnya hiasan quotes selalu dikasih thanks kk selalu melayani dengan baik dan respon cepat recomended seller,barang sudah diterima dengan kondisi baik packaging sempurna sudah sangat baik gak ada yg cidera bonusnya hiasan quotes selalu dikasih thanks kk selalu melayani dengan baik dan respon cepat recomended seller,
989,bagusss meja nyaaa murahh pengiriman cepet ttthankyouuu,,
991,kualitasoke desainoke barang sudah diterima dengan baik lebih better dr pengiriman pemesanan pertama kondisi bagus,,
993,paket sudah diterima dengan baikternyata ga terlalu tinggitp ya ckup laahhmejanya bagushanya saja untuk kaki kakinya ko sprti kurang kokohtp kembali lagi untuk harga sekian termasuk baguswalaupun ongkirnya lebih dri harga barangckup puas dgn harga kualitasthanx s,,
996,terima kasih barang sudah sampai kaki meja yang sebelumnya pecah karena pengiriman juga diganti seller ramah dan bertanggung jawab,,
997,hargaterjangkau kualitasbagus desainaesthetic bgt bagus si kayaknya gak ada yg lecet cuman gak tau cara masangnya wkwkk pengiriman cepet bgt krne ke jogja ajaa terimakasih,,
999,meja nya bagus tp ada lecet sedikit udah gt bautnya cuman yg mempan bwt tembus sampe bawah pdahal dah pke bor hhe jd pake baut sendiri pengiriman lumayn lama tp terobati krna mejanya bgs,,
1006,aku salah pilih jasa kirim daaaannnnnn lama banget nyampenyaaaaaa bikin kesel liat pengirimannya keterangannya paket ada dimana balik lagi kemana eh nyampe aja untungnya penjual ramah terimakasih ya,,
1013,hargaterjangkau kualitaslumayan bagus dan akan lebih awet dan anti jamur jika bagian kaki meja di plitur desainsimple minimalis pengiriman ke mjokerto jatim lumayan cepat hari sudah sampai rumah memanfaatkan kegiatan wfh di rumah dengan hal positif sperti penataan furniture yang simple dan minimalis untuk reseller sehat semangat terus jualanya dan semoga berkah,"hargaterjangkau
kualitaslumayan bagus dan akan lebih awet dan anti jamur jika bagian kaki meja di plitur
desainsimple minimalis
pengiriman ke mjokerto jatim lumayan cepat hari sudah sampai rumah memanfaatkan kegiatan wfh di rumah dengan hal positif sperti penataan furniture yang simple dan minimalis untuk reseller sehat semangat terus jualanya dan semoga berkah",
1020,hargacukup murah kualitasbagus desainbagus pengiriman lama ngga namanya juga paket hemat tapi ampuuun masangnya pake obeng manualcat nya mungkin agak yg kuat dikit deh krn gampang ngelotokmakasih ya seller meja nya bagusssa,,
1021,barangnya bagus bangeett sesuai ekspektasi ditambah lagi dapet bonus jam dinding blm dicoba sih bisa atau enggak tapi overall bagus banget harganya juga terjangkau pengiriman termasuk cepat recomended bgt sih thankyou seller,barangnya bagus bangeett sesuai ekspektasi ditambah lagi dapet bonus jam dinding blm dicoba sih bisa atau enggak tapi overall bagus banget harganya juga terjangkau pengiriman termasuk cepat recomended bgt sih thankyou seller,
1024,terimaksih ya meja nya udah sampaiwalo pengiriman nya lamatapi puas krn barang nya bagushanya saja janji berhadiah jam ternyata tidak ada jam nyagantinya gantungan temboktapi gpp lah yg penting ada ganti free nyajadi bukan php,,
1027,produk dibuat pre order mencegah terjadinya cancle otomatis dari shopee paket tetap akan dikirim sampai gambar no hanya untuk referensi warna saja model bando small ruffle nya seperti gambar no bisa pilih warna semua warna ready setiap hari langsung checkout saja warnanya s,,
1036,kualitas bagus packing nya aman sih ini sampe susah bukanya barangnya bagus untuk harga segitu kokoh bagus bed lha meskipun ada kendala saat pengiriman tapi good,,
1037,hargamurahh kualitasbagus kokoh desainsimple pengiriman cepat harga murah dpt meja sebagus ini alhamdulillah,"hargamurahh
kualitasbagus kokoh
desainsimple
pengiriman cepat harga murah dpt meja sebagus ini alhamdulillah",
1039,pengiriman cepat harga oke kualitas produk bagus original responnya juga cepat hanya pemasangan agak susah krn tidak pny bor utk pasangnya sukses terus untuk kedepannya ya,pengiriman cepat harga oke kualitas produk bagus original responnya juga cepat hanya pemasangan agak susah krn tidak pny bor utk pasangnya sukses terus untuk kedepannya ya,
1042,terima kasih seller pengirimannya aman sellernya responsif pengirimannya juga cepet banget barangnya juga sesuai ekspektasi manteps amanah deh pokoknya makasih yah,,
1043,walaupun masangnya agak ribet tp cukup puas kok sama barangnyaa kecil cocok dibuat dipinggir kasur gitu pengiriman di jne jtr agak lama tp dr sellernya cepet trimakasih seller,,
1051,packinganya rapi amann bgttt cepet pengiriman nya kurirnya super ramah sekaliiiokeee bgt sih,,
1056,bagus lumayan tebel jg meja nya harga rb dapet meja kyk gini bagus bgt cuma emng ongkir agak mahal masang nya keras butuh tenagaaa pengiriman cpt bgt,,
1057,hargamurah kualitasbagus desainbaguss packingnya aman banget modelnya lucukkkharga juga murah banget pengiriman super cepat recomended,"hargamurah
kualitasbagus
desainbaguss
packingnya aman banget modelnya lucukkkharga juga murah banget pengiriman super cepat recomended",
1059,untuk produk baguss cuman sayang pengemasan sanggat lama order tgl sampai tgl resi belum keluar ku batalin tali di tolak bilangnya proses pengiriman padahal resi belum keluar tanggal sore resi keluar smpai tgl belum proses hinggaa malem proses berjalan cuman hari smpai di rumah,,
1061,sempet degdegan karna ada trouble pas pengiriman jd sampenya laa bgt tp sellernya ramah dan fast respon untungnyamakasih banyak yaaa sama masukan satu mungkin nanti dibikinin buku panduan biar ga bingung pasangnya,,
1062,hargamurahnya kebangetan kualitasbagus desaincantik dong pengirimannya parah deh cepetnya hr da nyampek jkt ramah bngeeeeet pelayananya,,
1063,pengemasan dan pengiriman melebihi waktu yg ditentukanpacking pake kardus tapi aman sampe lokasi pasangnya harus di palu dan sendiri biar tidak jomplang karena yg ditandai kurang pas,,
1070,alhamdulillah paket sudah sampai mejanya bagus memuaskan cuma bingung cara pasangnya aja karena tidak ada petunjuk pemasangan,,
1077,hargastandarr kualitaslumayan buat nyandar bunga desainlucu pengiriman cepat kek hati ku padamu pandangan pertama,"hargastandarr
kualitaslumayan buat nyandar bunga
desainlucu
pengiriman cepat kek hati ku padamu pandangan pertama",
1078,hargaterjangkau kualitasbaguss desainoke punya terima kasih kak paket sudah diterima dengan baikga nyangka sebagus ini barangnya,,
1079,produk real pict meskipun gambar buat pasang kaki mejanya gak center tapi masih bisa dibenahi jamnya lucupengiriman juga cepat meski agak telat karena pihak pengiriman yang telat anter kerumah overall suka banget,produk real pict meskipun gambar buat pasang kaki mejanya gak center tapi masih bisa dibenahi jamnya lucupengiriman juga cepat meski agak telat karena pihak pengiriman yang telat anter kerumah overall suka banget,
1082,hargaoke kualitasoke desainbagus banget muraah dan bagusss pemasangan cepat tidak ada yg lecet pengiriman sangat cepet,"hargaoke
kualitasoke
desainbagus banget
muraah dan bagusss pemasangan cepat tidak ada yg lecet pengiriman sangat cepet",
1087,walopun di awal pengiriman ada kesalahan ga di krm kaki nya tp seller sangat bertanggung jawaaaab thanks seller sukses selaluuuuuuu,,
1091,masyaallahalhamdulillah sampai sesuai pesanan barang original respon penjual ramah pengiriman cepat packing aman dan rapii,masyaallahalhamdulillah sampai sesuai pesanan barang original respon penjual ramah pengiriman cepat packing aman dan rapii,
1093,pengemasan pengiriman cepet belom d buka karena blm plg ke bdg huhu semoga bagusss dan tidak kurang suatu apapun thankyou,,
1095,sukak bnget sm paketnyaa packingnyaa aman pengirimannyaa juga cepat walaupun lama di kemas respon penjualannya juga baik,"sukak bnget sm paketnyaa packingnyaa aman pengirimannyaa juga cepat walaupun lama di kemas
respon penjualannya juga baik",
1098,terimakasih barang sampai dengan selamat tanpa cacat proses pengiriman cepat recomended seller bakal langganan yaa,terimakasih barang sampai dengan selamat tanpa cacat proses pengiriman cepat recomended seller bakal langganan yaa,
1102,hargamurah kualitasok desainok paket sudah diterima lengkap dan langsung eksekusipengiriman lumayan lamamakasih ya,,
1103,hargaharga bersahabat kualitaskualitas bagussssss desain barang sesuai ekspektasi pengiriman aman dan cepat hanya ada kekurangan sedikit kemungkinan waktu pengecatan papan putihnya belum sepenuhnya kering sehingga pas dibungkus plastik ada cap plastiknya tapi gapapa tetep ok ajaa,"hargaharga bersahabat
kualitaskualitas bagussssss
desain
barang sesuai ekspektasi pengiriman aman dan cepat
hanya ada kekurangan sedikit kemungkinan waktu pengecatan papan putihnya belum sepenuhnya kering sehingga pas dibungkus plastik ada cap plastiknya tapi gapapa tetep ok ajaa",
1104,barangnya bagus pengiriman cepat dan dikasi bonus jam makasi kakak,barangnya bagus pengiriman cepat dan dikasi bonus jam makasi kakak,
1106,'an ga bakal abis setaun semurah itu kualitasmantabbb desaindesign minimalis cakepp gampang kok ngrakit nya di kasih panduan nya cepet lagi pengiriman nya thx you,,
1107,hargamurah bgt kualitasbagus desainok terimakasih barang sudah kami terima dalam kondisi yg baik packing aman pengiriman cepat kwalitas bagus suka bgtsukses terus,"hargamurah bgt
kualitasbagus
desainok
terimakasih barang sudah kami terima dalam kondisi yg baik packing aman pengiriman cepat kwalitas bagus suka bgtsukses terus",
1109,respon penjuall sangat baikk hanya kendala pengirimanya ajakesalahan dari kurir semoga rejekinya lancarrrr aamiin,,
1113,pengiriman cepat packing aman cuma sayang meja nya dengdek kalo bahasa sunda mah tp gpapa masih kepake ko dan ttp cantik makasih seller,pengiriman cepat packing aman cuma sayang meja nya dengdek kalo bahasa sunda mah tp gpapa masih kepake ko dan ttp cantik makasih seller,
1116,belum dibuka semoga bagus pengiriman cepat harga murah terimakasih seller,belum dibuka semoga bagus pengiriman cepat harga murah terimakasih seller,
1117,barangnya bagus dan kokoh tapi packing dan pengirimannya agak ribet krna beberapa kali pengembalian dan disuruh repurchase tapi dg harga yg berbeda tapi seller sangat responsif,,
1118,barang original kualitas produl sangat baik pelayanan memuaskan pengiriman cepat dan packing aman,barang original kualitas produl sangat baik pelayanan memuaskan pengiriman cepat dan packing aman,
1120,baguss sekaliharga murmerpengiriman kilatterima kasih sekaliiiii,,
1126,fast response seller ramah barang okpengiriman cepat dpt bonus pula terima kasiiiiiihhhh,fast response seller ramah barang okpengiriman cepat dpt bonus pula terima kasiiiiiihhhh,
1127,paket orderan sdh ditrima dgn keadaan baik n utuh trimakasih shopee seller n kurir,,
1136,gilasih iniharga murah kualitas bagus pengiriman lumayan cepat dapat bonus jam lagi,gilasih iniharga murah kualitas bagus pengiriman lumayan cepat dapat bonus jam lagi,
1137,bagusss banget pengiriman cepat benerbener estetik banget recommended banget bakalan order yang lain lagi terimakasih banyak kak,"bagusss banget
pengiriman cepat
benerbener estetik banget
recommended banget
bakalan order yang lain lagi
terimakasih banyak kak",
1138,paket sudah sampai dan dpt bonus jam tp blm dirakit pengiriman standar saran utk seller meja sekalian dibolongin biar lbh gampang rakitnya,,
1142,mkasih kak sdh sampe paketnya barangnya oke pngiriman cepat,mkasih kak sdh sampe paketnya barangnya oke pngiriman cepat,
1143,cm dpt surat aja kagett barang nya ternyata dipaketin dipos dan lama kecil,,
1145,mejanya bagus packing aman harganya terjangkau pengiriman lumayan cepat,mejanya bagus packing aman harganya terjangkau pengiriman lumayan cepat,
1148,produk murahh dengan kualitas lumayan okehlah yaapengiriman cepet dan dpaking aman sukses terus seller,,
1157,awalnya bingung masangnya kayak gimana tapisnetelah dipasing ini lucu banget mejanya murah lagi pengirimannya cepet,,
1159,lumayan bagus harga murah kecepatan pengiriman ok pokoknyaaaaaaaa dabessst,lumayan bagus harga murah kecepatan pengiriman ok pokoknyaaaaaaaa dabessst,
1163,mejanya bagus banget cocok buat di teras rumah pengiriman juga cepat,mejanya bagus banget cocok buat di teras rumah pengiriman juga cepat,
1164,pengiriman cepat packaging rapiihh bangett barang aman selamat sampai tujuaaan mejanya lucuuk lucuuk harga murah,pengiriman cepat packaging rapiihh bangett barang aman selamat sampai tujuaaan mejanya lucuuk lucuuk harga murah,
1166,barang sudah sampai proses dan pengiriman cepat kualitas produk baik,barang sudah sampai proses dan pengiriman cepat kualitas produk baik,
1172,pengiriman lumayan cepat kondisi pengemasan bagus produk bagus kokoh next time akan order disini kembali terima kasih,pengiriman lumayan cepat kondisi pengemasan bagus produk bagus kokoh next time akan order disini kembali terima kasih,
1175,kualitastidak sesuai deskripsi dan foto tidak ada panduan pemasangan digambar coklat tapi yg datang kaya gini pengiriman dan pengemasan sangat lama,,
1176,lucuuu bgt bentuknya hihi sesuai ekspetasi makacii banyak kaka cepet bgt pengirimannya ke tangsel gasampe hari,,
1181,pengiriman sangat cepat produk original respon penjual baik,"pengiriman sangat cepat
produk original
respon penjual baik",
1186,pengemasan amaaan bagussss barang sampai dengan baik pengiriman cukup lamaaa tapi tetep suka dengan barangnyaaa,,
1190,belum di buka pengiriman lmyan cepat seller past respon ini orderan yg ke alhamdulillah jdi langganan,belum di buka pengiriman lmyan cepat seller past respon ini orderan yg ke alhamdulillah jdi langganan,
1192,bagus banget banget bangetttttt pengirimannya juga cepet sehari sampe cuma ngerakitnya yg lama butuh kesabaran,,
1197,lucuuu untuk harga segitu ini bagusss bangett alhamdulillah gada yg rusak jg pengiriman aman giftnya lucu kirain cm kertas doang ternyata ada kayunya jugaa gemesssssshh,,
1201,produk ditrima dalam keaadaan baik pengirimannya jga cepat terimakasih seller and shope,produk ditrima dalam keaadaan baik pengirimannya jga cepat terimakasih seller and shope,
1203,kualitas produksi sangat bagusss dapet harga murah kemasan okeee pengiriman okeh suka ama meja nya,,
1207,bagus banget gak nyesel beli disini cantik banget kokoh dan packagingnya mantap pengiriman juga cepatt,bagus banget gak nyesel beli disini cantik banget kokoh dan packagingnya mantap pengiriman juga cepatt,
1212,bagus banget untuk harga segitu worth it to buy pengirimannya juga lumayan cepet thank you,,
1213,barang sesuai pesanan pengiriman cepat seller ramah rekomen bgt amanah,"barang sesuai pesanan
pengiriman cepat
seller ramah
rekomen bgt
amanah",
1217,hargamurah kualitasbagus desainelegant pengiriman sangat cepat,"hargamurah
kualitasbagus
desainelegant
pengiriman sangat cepat",
1220,kualitas produk baik pengiriman lama terimakasih banyak semoga kedepannya proses pengiriman cepat,kualitas produk baik pengiriman lama terimakasih banyak semoga kedepannya proses pengiriman cepat,
1221,paketnya udah sampe lumayan cepet cuman blm bisa kasih gambar nya krn blm dibuka dan dirakit semoga memuaskan,,
1223,barang bagus pengerjaan rapih pengiriman tepat waktu responsive seller thanks,,
1227,kualitas produk sangat baik produk original kecepatan pengiriman sangat baik,kualitas produk sangat baik produk original kecepatan pengiriman sangat baik,
1230,hargagood kualitasgood desaingood recommended barang dan kualitas baik pengiriman cepat packing rapisesuai yg diharapkan good matab pelayanan prima semoga semakin baik dan sukses,"hargagood
kualitasgood
desaingood
recommended barang dan kualitas baik pengiriman cepat packing rapisesuai yg diharapkan good matab pelayanan prima semoga semakin baik dan sukses",
1236,hargamurah banget kualitasbagus desainkeren honestly mau kasih bntg dah bgs bgtdr respon penjualpengirimanbahkan brgnya ok bgt di harga segitucm aku mau kasih masukan ajaharusnya kayu udh dibolong dr awaljadi pembeli tinggal pasang bautnyabiar ga kesusahanapa lg yg ga punya alat borjd keteteran deh pasangnyakyk aku,,
1237,barang bagussempurna mulus no packing aman rapih bagus banget pokoknyaa seller ramah nya super kurir nya super ramah dan sopan semoga makin lancar usaha nya sis,,
1239,bagus bgt walaupun pengiriman lama barang tidak cacat makasih yaa,,
1243,pengirimannya cukup cepat ke kalimantan puasss bangettt,pengirimannya cukup cepat ke kalimantan puasss bangettt,
1253,terimakasih barang udah diterima dengan baik pengiriman cepat dan terima kasih juga hadiah nya semoga sukses selalu,"terimakasih barang udah diterima dengan baik pengiriman cepat dan terima kasih juga hadiah nya
semoga sukses selalu",
1271,bagus bngt suka murah lg dan pengirimannya super super cuepet best quality lah terimakasih seller dan shopee mantabbb,,
1275,ukurannya pendek untuk harga murmer dan pengiriman cepat,ukurannya pendek untuk harga murmer dan pengiriman cepat,
1277,rekomen bgt belanja disini next pasti order lagi respon penjual baik pengiriman cepet bgt,,
1279,kualitas produk baik pengiriman cepat barang sesuai dapet bonus jam tempel dengan bahan mdf tapi sayang nggak ada buku panduan masangnya bingung deh ini gimana masangnya terimakasih seller,"kualitas produk baik pengiriman cepat barang sesuai dapet bonus jam tempel dengan bahan mdf tapi sayang nggak ada buku panduan masangnya bingung deh ini gimana masangnya
terimakasih seller",
1283,"barang bagus bgt pengiriman cepet tapi sayang masangnya rada susah butuh tenaga laki"" buat pasang mur ke meja haha but overall it's worth to buy terimakasih seller",,
1285,alhamdulillah barang datang dengan selamat packaging nya rapi banget ga ada cacat aku sangat suka sekali sesuai ekspetasiku dapat hiasan dinding jga sukses ya seller nya jg fast respon pengiriman juga gercepp pokoknya harus langganan harga jga murah banget cocok buat low budget,,
1289,kualitas barang bagus pengiriman cepat packing aman,kualitas barang bagus pengiriman cepat packing aman,
1292,pengiriman cukup lama barang sesuai deskripsi kualitas barang baik kondisi baik tidak ada cacat dapat bonus jam jugatapi ini masangnya gimana gatauu terimakasihhh,,
1294,meskipun aga lama pengirimannya mungkin karena jaraknya lumayan jauh tapi suka dengan barangnya,,
1308,hargamurah kualitasbaikk desainsederhana bagus mejanya bagus rapi admin ramah and fastrespond pengiriman jga cepettt thankyou,,
1310,barang bagus memuaskan cuman pengiriman aga lambat ajah tapi gpp,,barang bagus memuaskan cuman pengiriman aga lambat ajah tapi gpp
1319,harga murah produk bagus pengiriman lumayan lama tapi bingung gimana cara pasangnya soalnya ngga ada petunjuk bonusnya ternyata kecillll,,
1320,hargamurse kualitas desainkeren sesuai gambar real picpengiriman cepatkurir ramahrekomended yabbuat yg belalanha jangan kwatir barangnya baguuuuus,"hargamurse
kualitas
desainkeren
sesuai gambar real picpengiriman cepatkurir ramahrekomended yabbuat yg belalanha jangan kwatir barangnya baguuuuus",
1322,hargabagus kualitasbagus desainbagus terima kasih paketnya sudah diterima,,
1323,hargamurah sekali kualitasbaikk desainminimalis pengemasan dan pengiriman cepet banget harganya juga murah sekali good,,
1327,baguus meja nya pengiriman cepat free jam jg pas blom dirakit,baguus meja nya pengiriman cepat free jam jg pas blom dirakit,
1329,bagus banget dpet gratis jam juga harganya juga murah banget pengirimannya juga cepet dan aman masangnya juga ga ribet,,
1333,mantaaaap udah sampe nih mejanya trmksih atas pengirimanya sukses slalu amin,,
1334,barangnya bagus murah pengirimannya juga cepet nggak nyangka cuma bisa dapet meja estetik,,
1336,hargaharga murah kualitasbarangnya bagus alhamdulillah paketnya udah datang bahannya bagus nanti mau order lagi,,
1339,bagus sih walapun bingung untuk masangnya karna gk ada panduannya tp overall baik dlm pengiriman jgbarang tdk lecet sama sekali tks seller,,
1344,pengiriman sangat cepatamanlumayan lah dengan harga segitu dapet baramg bgs,pengiriman sangat cepatamanlumayan lah dengan harga segitu dapet baramg bgs,
1347,hargaharga murah sekalee kualitaskualitas nya bagus pengiriman cepat sekali kualitas sampe tangan saya jga terjaga cuma belom d bor meja nya jadi blm bsa make tapi good lah,"hargaharga murah sekalee
kualitaskualitas nya bagus
pengiriman cepat sekali kualitas sampe tangan saya jga terjaga cuma belom d bor meja nya jadi blm bsa make tapi good lah",
1352,hargaoke kualitasokey desainpokoknya mah oke gak nyesel beli di sini sayang kenapa sy gak beli yg satu paket aja y,,
1358,hargaharga standar kualitasbagus bgt desainkayu bagus banget kurir nya ramah,,
1360,pengiriman lumayan lama walaupun hanya jprdemak tapi gapapa tetep murah,,
1361,hargaharga terjangkau kualitasbagus desainelegan barang bagus dan pengiriman cukup cepat kurir baik,"hargaharga terjangkau
kualitasbagus
desainelegan
barang bagus dan pengiriman cukup cepat kurir baik",
1363,mantap barang sudah sampai dengan aman belum di rakit harga murah pengiriman cepat cuma,mantap barang sudah sampai dengan aman belum di rakit harga murah pengiriman cepat cuma,
1365,pengiriman aja yang kurang cepet barang oke si thanks,,
1392,baguss bgt pengiriman cepatt,baguss bgt pengiriman cepatt,
1395,hargamurah kualitasbagus desainbagus terimakasih seller pengiriman cepatttt,"hargamurah
kualitasbagus
desainbagus
terimakasih seller pengiriman cepatttt",
1446,pengiriman lumayan barang bagus cuma agak kurang presisi aja selebihnya oke,,
1502,hargaterjangkau kualitasbaik desainbaik kualitas produk cukup baik produk original sesuai etalase harga ramah kantong kecepatan pengiriman baik kecepatan pengemasan juga baik respon penjual sangat baik next time order lagi deh,"hargaterjangkau
kualitasbaik
desainbaik
kualitas produk cukup baik produk original sesuai etalase harga ramah kantong kecepatan pengiriman baik kecepatan pengemasan juga baik respon penjual sangat baik next time order lagi deh",
1505,hargamurah kualitasbagus sesuai harga desainbagus minimalis pengirimannnya agak lama sejujurnya cuma produknya sesuai dgn harga thanks seller sorry barangnya blm saya rakit jd gabisa foto,,
1510,hargamurah bgtt dpt hrga rp kualitasoke baguss desainminimalis pengiriman cepettt bgtttpesen kemarin hari berikutnya nyampe,,
1512,makasih kaka kurir nya baik mudahan toko dan kurir nya sehat selalu dan bahagia selalu,,
1547,hargamurah kualitasb aja sesuai harga bautnya gak lengkap sama kaki mejanya juga ga simetris di pasang huhu tapi yaaa namanya ada harga ada rupa kan yaa jadi ya begitu lahhh btw pengiriman cepet bgt,,
1554,pembelian keduabelum sempet dipasangsemoga brngnya bagus mulus kyk pertama kali beli pengiriman jg lumayan cepet suka dengan meja inipengemasan jg lumayan amanmakanya barang dtng no cacat makasih yaada uk lebih gede lg donk,,
1563,barang belum sampai kalau sudah ganti bintang dan lebih baik kalau cust tanya tolong dibalas online tapi alasannya ada aja mna resi juga susah jadi lebih baik jujur dri awal sistem pengirimanny kyk gimana biar cust juga ga bingung dan si seller ga tau terima masukan,,
1569,pengirimannya lama harga memamg murah instruksi pemasangan tidak ada dalam kemasan sehingga hub penjual dulu baru diberitau cara memasangnya setelah dipasang mengikuti petunjuk ternyata kursinya agak miring dan kaki kursinya tidak di plitur berbeda dengan yg digambar,,
1580,hargamurah kualitasstandar desainlucuu bagus pokoknya baguus suka bangeett thankyou seller pengirimannya cepat dan amaan,"hargamurah
kualitasstandar
desainlucuu
bagus pokoknya baguus suka bangeett thankyou seller pengirimannya cepat dan amaan",
1600,paket sudah sampai dgn selamatterima kasih,,
1605,hargamurah kualitasbagus desainbagus barangnya ada dirumah cilebut saya dijakarta jd lumayan jauh dan tdk bkisa difoto pengiriman lumayan cepet dan kondisi bagus,,
1606,hargaharga relatif murah kualitasbagus desainbagus pengiriman sangat cepat hanya selang sehari ke jabar sudah datang overall sangat memuaskan,"hargaharga relatif murah
kualitasbagus
desainbagus
pengiriman sangat cepat hanya selang sehari ke jabar sudah datang overall sangat memuaskan",
1610,hargaaffordable kualitasok desainlucu simple cepet banget pengiriman kirim ke jakarta gak sampe hari udah sampai,,
1613,makasih seller dan abang kurir yg gercep bgt nganter paket paket dari jepara ke cikarang cuma hari aja,,
1621,mantab banget murah pengirimannya agak lama tapi,,
1640,kualitas produk sesuai harga cukup kokoh dan cantik pengiriman tepat waktu pasti lebih bagus kalau petunjuk pemasangan kaki meja lebih jelas arah posisinya,,
1676,hargamurah kualitasbagus desainminimalis overal bagus cuma pengiriman ny lama bgt hari baru sampek,,
1714,okee pengirimann mantapppppppppppppppp packing amnnnnnnnnnnnnnnnnnnnnnn,,
1818,hargamurah kualitasbagus desainmantapp pengiriman nya cepat,"hargamurah
kualitasbagus
desainmantapp
pengiriman nya cepat",
1837,paket sudah mendarat imut lucu mejanya,,
1839,pengiriman lama dikemasnya pun lama free giftnya mengelupas kertasnya free giftnya wall decor gtu,,
1864,hargamurah bgt kualitasbagusss desainbagus produknya bagus banget respon penjual baik pengirimannya cepat juga,"hargamurah bgt
kualitasbagusss
desainbagus
produknya bagus banget respon penjual baik pengirimannya cepat juga",
1865,bagus pengiriman cepat mantap lah thanks seller,"bagus pengiriman cepat
mantap lah thanks seller",
1866,mantap bgt si cmn di pengiriman agka lama dn sngkain aku walldecor nya besar eh ternyata kecil dn di gambar nya kek ada garis garis gituuuuu,,
1877,makasih kak alhamdulillah dah sampai paketnya,,
1903,hargamurah kualitasb aja desainminimalis pengiriman lama banget gak ada petunjuk untuk masangnya,,
1948,pengirimannya bisa ditingkatkan lagi yah kecepatannuatapi barang bagus overall,pengirimannya bisa ditingkatkan lagi yah kecepatannuatapi barang bagus overall,
1955,pengiriman aga lama soalnya aku gatau kalo ini po barangnya keren apalagi harganya murah banget tapi ini mejanya harus di bolongin sendiri ya aga rumit juga,,
1972,barang bagus pengiriman cepat,barang bagus pengiriman cepat,
2002,paket sudah sampai terima kasih,,
2009,maaf belum saya rangkaiproduk bagus rapi penjual ramah pengiriman cepat the best lah,maaf belum saya rangkaiproduk bagus rapi penjual ramah pengiriman cepat the best lah,
2012,pengiriman cepat barang bagus sayang nya pemotongan kaki meja kurang rapi,pengiriman cepat barang bagus sayang nya pemotongan kaki meja kurang rapi,
2052,cepet banget pengirimanya ga ngerti lagi,,
2064,pengiriman cepat,pengiriman cepat,
2069,brg okepengiriman lamarespon chat jg lama,,
2082,pengiriman baik owner fast respon sukses selalu,,
2092,pengiriman lama banget,,
2113,pengiriman nya lambaaat,,
2171,thnks paket udh diterima customerku pengemasan lama bgt pengiriman nya mah cepet jnt kargo tp barang dikemasss brp hari dropship amann tp dikomplain sma customer kelamaan ngirim,,
2173,hargaterjangkau kualitasbagus desainbagus pengiriman sangat cepat barang aman bagus,"hargaterjangkau
kualitasbagus
desainbagus
pengiriman sangat cepat barang aman bagus",
2190,harga murah kualitas ok pengiriman cepat,harga murah kualitas ok pengiriman cepat,
2205,bagus bgt real pict sekaliii pengiriman jg cpt,,
2218,kualitas produk baik original bagus sekali pengiriman juga cepat dan pengemasan super aman sekali tidak ada kurang atau rusak recomended banget belanja d toko ini,kualitas produk baik original bagus sekali pengiriman juga cepat dan pengemasan super aman sekali tidak ada kurang atau rusak recomended banget belanja d toko ini,
2224,pengiriman capat barang bagus harga murah overall bagus dan puas makasih seller,,
2234,kualitas produk sesuai harga pengiriman sesuai seller ok,,
2244,paketan sudah sampai dengan aman minus bonusnya cuma dikasih pcs sya kasih bintang ya karna gak sesuai deskripsi semoga bermanfaat mejanya,,
2248,kecepatan pengiriman sangat baik susah banget masang nya mas brooo,kecepatan pengiriman sangat baik susah banget masang nya mas brooo,
2251,pengiriman nya lama bgtttt,,
2252,paket sudah tiba pengemasan baik respon cepat barang sesuai pesananu sesuai gambar trimakasih,"paket sudah tiba
pengemasan baik
respon cepat
barang sesuai pesananu
sesuai gambar
trimakasih",
2256,hargamurah meriah kualitaslumayan oke desainlucu pengemasan oke banget kurir biasa langganan super ramah dan meja nya bagus dapet bonus juga makasiihh penjual semoga laris manis berkah barokahh nggih,,
2274,brg sesuai harga pengiriman cepat mudahmudagan pelapak jualannya laris manis barokah,brg sesuai harga pengiriman cepat mudahmudagan pelapak jualannya laris manis barokah,
2281,mantap pengiriman cepet banget parah barangnya tidak mengecewakan kok sesuai harga cuman pemasangan memang butuh keribetan yg bikin kaum mager harus lebih bekerja kali ini wkwkwk maaf gambar nggak sesuai karna lagi nggak disamping barangnya,,
2282,hargamurah kualitastop desaingemoy udah beli disini pengiriman cepat dan barang sesuai trs gemoy bgt mejanya unyu kecil sukses seller makasih yaaa,"hargamurah
kualitastop
desaingemoy
udah beli disini pengiriman cepat dan barang sesuai trs gemoy bgt mejanya unyu kecil sukses seller makasih yaaa",
2283,hargamurah banget kualitasbagus desainbagus harganya murah banget mejanya bagus pengirimannya juga cepat bmbcxdydllucjuxkjyjrsysjjsrhsrdhhdjvdhcsrsyhdhsdhcsrhsdhcsrycsucsy,"hargamurah banget
kualitasbagus
desainbagus
harganya murah banget mejanya bagus pengirimannya juga cepat bmbcxdydllucjuxkjyjrsysjjsrhsrdhhdjvdhcsrsyhdhsdhcsrhsdhcsrycsucsy",
2294,hargamantul kualitasbagus desaingood pengiriman nya lama banget tapi gapapa sih kayanya barangnya bagus belum dibuka soalnya thanks,,
2297,kualitas produk sangat baik harga juga worth it pengiriman standar,,
2310,keren laah pengiriman lumayan barang sesuai harga bagusssssssss,,
