,"Reviews with the words courier, delivery etc",Reviews with the word fast,Reviews with the word slow
5,pengiriman cepat kualitas sesuai hargadari samping keren kalo dari atas agak jelek lemny ada yang gk rapih tapi gpp saya suka,pengiriman cepat kualitas sesuai hargadari samping keren kalo dari atas agak jelek lemny ada yang gk rapih tapi gpp saya suka,
12,bagus no cacat murce kurir ramah next order lagi thx u seller,,
17,pengiriman cepat barang real pict seller ramah harga termurah thnk seller,pengiriman cepat barang real pict seller ramah harga termurah thnk seller,
19,sangat suka ini nomor barang bagus sesuai gambar pengiriman cepat pokoknya patennttttt,sangat suka ini nomor barang bagus sesuai gambar pengiriman cepat pokoknya patennttttt,
28,tetep aku kasih bintang walaupun pengiriman agak lama ya mungkin karena libur kirain bakal ada kardusnya tau nya cuma pake plastik tapi engga apa apa lah,,
30,alhamdulillah sesuai dengan pesanan dan gambar pengiriman cepat seller ramah harga juga murah pertahankan seller,alhamdulillah sesuai dengan pesanan dan gambar pengiriman cepat seller ramah harga juga murah pertahankan seller,
39,paket realpick banget cma agak kebesaran aj,,
60,alhamdulillah barangnya bagusdan pengirimannya jga cepat,alhamdulillah barangnya bagusdan pengirimannya jga cepat,
61,sangat kecewa udah pengiriman lamaproduk ga sesuai pictkecewa bgtkapok order di toko ini,,
64,pengiriman waktu memang tepat tapi sayang pesanan kali ini ko alamatnya bisa salah cetak jd tdk sampai ke alamat saya malah ke alamat orang lain untung orang nya jujur langsung hubungi saya tolong yah perhatikan lagi,,
69,pengiriman cepat barang lumayan bagus untuk harga segitu min paket tidak menggunakan kotak khusus sepatu,pengiriman cepat barang lumayan bagus untuk harga segitu min paket tidak menggunakan kotak khusus sepatu,
78,pengiriman cepet packing juga rapi top mazseehh,,
88,mantap cepet banget pengirimannya,,
89,barangnya oke lah maaf gk smpat foto pesanan orang pengiriman cepat packing standar klo bisa tambahin kardus lah,barangnya oke lah maaf gk smpat foto pesanan orang pengiriman cepat packing standar klo bisa tambahin kardus lah,
