,"Reviews with the words courier, delivery etc",Reviews with the word fast,Reviews with the word slow
4,barang lumayan bagus cuma ukuran saja kurang lebar dan yg datang hanya pcs g mau belik lagi cukup x saja pengiriman lumayan cepat thanks,barang lumayan bagus cuma ukuran saja kurang lebar dan yg datang hanya pcs g mau belik lagi cukup x saja pengiriman lumayan cepat thanks,
5,desainoke hargaoke bahanmaterialoke pengiriman cepat bahan bagus alhamdulillah cakep sekali rekomendasi harga murah meriah tapi bahan bagus,"desainoke
hargaoke
bahanmaterialoke
pengiriman cepat bahan bagus alhamdulillah cakep sekali rekomendasi harga murah meriah tapi bahan bagus",
12,hargalumayan bahanmaterialvinly desainoke untuk karpetnya ak suka dya bahannya tebel pengirimannya jg cepet agak sedikit penyok2 ya pas nyampe tpi gpp mngkin dipengiriman kerepotan makasih seller,,
13,harga terjangkau bahanmaterial super tebel banget desain sesuai dengan gambar real pack packing nya rapi pake bubble juga pengiriman nya juga cepet,,
23,paket sudah diterima barang dikemas dengan baik dan aman pengiriman sangat baik respon seller luar biasa malam order hari itu juga langsung proses dan kirim sukses sukses suksesteks yang disalin akan otomatis ditampilkan di sini,,
24,hargapas bahanmaterialbagus tebal desainok terimakasihhhh cuma agak kecewa di pengiriman nya bagian tengahnya keriput berbekas padahal udah ya mungkin susah abang bawanya,,
25,seller responsif pengiriman cepet banget bahan tebal cuma harus order lagi karna kurang yg minusnya karna di ekspedisi kelipet lipet jdnya berbekas terimakasih shopee,,
27,paket sudah diterima barang dikemas dengan baik dan aman pengiriman sangat baik respon seller luar biasa malam order hari itu juga langsung proses dan kirim sukses sukses suksesteks yang disalin akan otomatis ditampilkan di sini,,
28,pengiriman cepat tp sy blom buka datangnya sdh malam sesuai orderan dan tidak ada yg lecet makasi ya kl bagus nanti mau beli lg buat ruang yg lain,pengiriman cepat tp sy blom buka datangnya sdh malam sesuai orderan dan tidak ada yg lecet makasi ya kl bagus nanti mau beli lg buat ruang yg lain,
33,hargabaik bahanmaterialbaik desainbaik pengiriman cepat packing rapi cuma pas nyampe rumah kondisi paket agak kelipet jadi keliatan bekas lipetannya tapi karpetnya memang bagus dan tebal,"hargabaik
bahanmaterialbaik
desainbaik
pengiriman cepat packing rapi cuma pas nyampe rumah kondisi paket agak kelipet jadi keliatan bekas lipetannya tapi karpetnya memang bagus dan tebal",
35,hargabaik bahanmaterialbaik desainbaik alhamdulillah paketnya sudah sampai kondisinya blm dibuka sesuai dengan orderan mmmmaaaakkkkaaassssiiihhh shoooopppppeeee,,
36,hargahemat di kantong bahanmaterialbagus desainbagus alhamdulillah orderanku sudah sampai trimkasi shoope and trimakasi reseller pengiriman bagus pengepakan bagus barang bagus,,
40,hargabersaing bahanmaterialcukup baik desaincukup response penjual cepat pengiriman cepat kualitas barang sesuai harga,"hargabersaing
bahanmaterialcukup baik
desaincukup
response penjual cepat pengiriman cepat kualitas barang sesuai harga",
47,kualitas produk baik produk original harga produk baik kecepatan pengiriman baik packing produk baik,kualitas produk baik produk original harga produk baik kecepatan pengiriman baik packing produk baik,
50,kecepatan pengiriman produk baik kualitas produk original,kecepatan pengiriman produk baik kualitas produk original,
52,hargabagus bahanmaterialbagus desainsesuai deskripsi pengiriman lumayan cepat suka juga pketan nyaa rapi pokok nyaa bagus menurut ku terima kasih,"hargabagus
bahanmaterialbagus
desainsesuai deskripsi
pengiriman lumayan cepat suka juga pketan nyaa rapi pokok nyaa bagus menurut ku terima kasih",
54,barang bagus kualitas barang oke pengemasan baik pengiriman cepat terima kasih,barang bagus kualitas barang oke pengemasan baik pengiriman cepat terima kasih,
56,bagus karpetnya nya sukaaa krna harganya murah saya pkir bkal jelek ternyata bahan nya lumayan pengiriman nya juga cepat thanks shopee,"bagus karpetnya nya sukaaa
krna harganya murah saya pkir bkal jelek ternyata bahan nya lumayan pengiriman nya juga cepat
thanks shopee",
60,pengirimannya cepetttttttttttttttttt motifnya sesuaiiiiiiiii sukaaaaaaa terimakasihhhhhhhhhhhhhhh,,
62,makasihhhh udh sampaibagus sesuai pesanan tp ga bs di fotoin krn udh diambil sm yg punyaaanext bakalan order lg dsnipengirimannya cpt,,
63,makasih bos barang udah nyampe smoga awet sukses selalu pengiriman okgood job,,
65,hargabaik bahanmaterialkarpet desainbgus pengiriman standarbrang blum dbuka blm liat jd saya ksih bintang dluklo beneran suka nanti order lagi thank buat kurirnya kasian bwa nya kesusahan,,
66,"harga lumayan worthit lah ya bahanmaterialsedikit kurang sih tpi okelah desainbagusss kayanya harus di perhatiin lagi di bagian pngiriman deh soalnya yang saya karena jadi di lipet"" sama kurir dan hasilnya yaa itu karpetnya jadi rusak",,
73,emang murah karena lebarnya cm cmpengiriman cepatthx shopee juga seller,emang murah karena lebarnya cm cmpengiriman cepatthx shopee juga seller,
74,produk sangat baik dan memuaskan pengiriman cepat terimakasih,produk sangat baik dan memuaskan pengiriman cepat terimakasih,
79,kualitas produk baik kecepatan pengiriman produk baik terima kasih,kualitas produk baik kecepatan pengiriman produk baik terima kasih,
81,makasihh blm dibuka tp paketnya semoga bagus ga mengecewakanrespon adminnya ramahnext order lg,,
86,terimakasih kak barang nya udah sampai dan paket nya wowsekali ya dan terima kasih happy shopping yes is my friends,,
89,alhamdulillah paket sudah nyampe terimakasih bnyk kak,,
91,bahan nya bagus banget tebell... cmn sayang banget packing nya kurang safety jadi rusak pas pengiriman klo bisa kasii packing tambahan gpp ada biaya tambahan jga yg penting safety,,
93,pembelian kedua agak kecewa mgkn sm kurirnya ditekuk jadinya agak lecek dan dilokasi yg lecek ada sobekan,,
100,hargamurah bahanmaterialkurang bagus desainbagus pengiriman di lipat jd pas dibuka jadinya berkerut dan gak lurus pas dipasang,,
101,hargamurce bahanmaterialtebal desainbagus suka banget cuman kurir nya lamaaa bangetttt dri pihak seller ramah juga but overall bahannya bagus,,
112,hargabsbdb bahanmaterialbrnnd desainbennd pengiriman lamakarpet nya ga terlalu lebar maaf kalau bintang,,
125,hargalumayan bahanmaterialgatau desainbagus udh order disini alhamdulillah bagus pengiriman jiga cepat yang dikirim juga sesuai pesanan,"hargalumayan
bahanmaterialgatau
desainbagus
udh order disini alhamdulillah bagus pengiriman jiga cepat yang dikirim juga sesuai pesanan",
127,hargastandart bahanmaterialkurang baranh yg diterima mgkn pd saat pengiriman dilipat jd bahan pecah dan jelek desainsesuai deskripsi barang yg dikirim kayak barang sisa bekas lipatannya bikin karpet,,
129,alhamdulillah sampai dengan selamat dan pengiriman cepat,alhamdulillah sampai dengan selamat dan pengiriman cepat,
138,desainkayu hargaterjangkau bahanmaterialpvc pembelian kedua yg pertama cma test tapi pengiriman kedua ini lebih baik ga ada yg rusak mngkn karna pengirimannya pakai mobil paket di kirim mulus aman dan baik makasih ya seller awet makasih juga ya untuk kurirnya,,
148,hargaoke bahanmaterialbagus desainbagus karpetnya bagus proses dan pengiriman cepat pengiriman digulung cuma sepertinya sama expedisikurir dilipat akhirnya jadi rusak di tengah sepanjang barang yg dipesan masukan untuk seller kedepannya bagaimana jika disertakan pipa atau sesuatu di tengah untuk mencegah barang dilipat kurir,"hargaoke
bahanmaterialbagus
desainbagus
karpetnya bagus proses dan pengiriman cepat
pengiriman digulung
cuma sepertinya sama expedisikurir dilipat akhirnya jadi rusak di tengah sepanjang barang yg dipesan
masukan untuk seller kedepannya bagaimana jika disertakan pipa atau sesuatu di tengah untuk mencegah barang dilipat kurir",
149,hargastandart bahanmaterialbagus desainbagus pengiriman cepat seller ramah dan fast respon hanya saja sama kurirnya ditekuk jd ada bekas tekukannya jelek dehsemoga pas dipasang bekas tekukannya hilang,"hargastandart
bahanmaterialbagus
desainbagus
pengiriman cepat seller ramah dan fast respon hanya saja sama kurirnya ditekuk jd ada bekas tekukannya jelek dehsemoga pas dipasang bekas tekukannya hilang",
153,hargastandar bahanmaterialbiasa aja sepertinya salah pengiriman karpet d lipat jd rusak,,
160,hargaterjangkau bahanmaterialbagus dan tebal desainbagus barang dikirim sesuai pesanan pengiriman cepat,"hargaterjangkau
bahanmaterialbagus dan tebal
desainbagus
barang dikirim sesuai pesanan pengiriman cepat",
162,pengiriman cepat tp belum di buka paketnya mudah2an awet sukses selalu untuk sellernya,pengiriman cepat tp belum di buka paketnya mudah2an awet sukses selalu untuk sellernya,
168,hargaterjangkau bahanmateriallumayan ga tipis tipis banget desainbagus suka yg motif kayu pengiriman nya cukup tidak terlalu lama terimakasih,,
174,hargaekonomis bahanmaterialoke desainbagus terimakasih barang sudah sampaipengiriman cepat dan barang bagus sesuai gambarsuka suka suka,"hargaekonomis
bahanmaterialoke
desainbagus
terimakasih barang sudah sampaipengiriman cepat dan barang bagus sesuai gambarsuka suka suka",
175,kurirnya gaasik banget udah tau alamatnya bener mala ngomel,,
177,hargaaffordable bahanmaterialplastik finishing glossy desainkayu bagus tp ternyata kurang gede ada cacat dikit akibat tertekuk saat pengiriman benar kata seller harus order bubble wrap lagi supaya mulus,,
181,hargastd bahanmaterialagak tipis desainok paket diterima lengkap tipis dan lecek banget bagian tengah mudah robek,,
183,hargaterjangkau bahanmaterialsesuai desainsesuai untuk pengiriman barang tolong lebih dipehatikan kembali untuk selebihnya oke saler sigap semoga lebih amanah dan semoga jualannya laris manis ya kak semoga awet,,
193,paket sampai dengan selamat ga di ukur semoga pas bahan bagus,,
199,sudah sampai nih karpet nya bagus banget pengiriman jg cepet next bkalan order lagi,,
201,kecewa dengan bahan nya penyuk di pengiriman di luar ekpitasi,,
205,produk bagus tp pengiriman lama mungkin krn ongkir kecil ternyata yah harga sama aja bli disini,,
219,bagus barangnya motif dan warnanya juga pengirimanya jg cepatcuma packingnya kurang rapih jadi di karpetnya berkerut banyak bekas gitu tolong d perbaikin lg packingnya ya kak,bagus barangnya motif dan warnanya juga pengirimanya jg cepatcuma packingnya kurang rapih jadi di karpetnya berkerut banyak bekas gitu tolong d perbaikin lg packingnya ya kak,
220,bagus warna jg motif nya sesuai sm gambarpengirimannya jg cepatdan packingnya sudah rapiterus tingkatkan lg ya kakbiar tokonya laris terusss,bagus warna jg motif nya sesuai sm gambarpengirimannya jg cepatdan packingnya sudah rapiterus tingkatkan lg ya kakbiar tokonya laris terusss,
221,bagus sesuai dengan yang dipesan pengirimannya cepat terimakasih,bagus sesuai dengan yang dipesan pengirimannya cepat terimakasih,
222,bagus sesuai dengan yang dipesan pengirimannya cepat terimakasih,bagus sesuai dengan yang dipesan pengirimannya cepat terimakasih,
223,bagus sesuai dengan yang dipesan pengirimannya cepat terimakasih,bagus sesuai dengan yang dipesan pengirimannya cepat terimakasih,
224,pengiriman na sangat cepat packing na aman harga na murah next pesan lagi disini thanks,"pengiriman na sangat cepat
packing na aman
harga na murah
next pesan lagi disini
thanks",
225,pengiriman na sangat cepat packing na aman harga na murah next pesan lagi disini thanks,"pengiriman na sangat cepat
packing na aman
harga na murah
next pesan lagi disini
thanks",
226,bagus sesuai sama yang dipesan pengiriman nya cepat terimakasih,bagus sesuai sama yang dipesan pengiriman nya cepat terimakasih,
231,udh lecek sobek pulaaa pengiriman lamaaa padahl udh di chat biar lbh hatiw dlm pengemasan,,
232,hargaterjangkau bahanmaterialbagus juga desainoke toko sangat ramah dan fast respon pengiriman juga hitungannya cepat walau utk luar daerah produk dibungkus rapi dan aman gak ada cacat sedikitpun dan ukuran yg ditanya pun sangat passsss terima kasih,"hargaterjangkau
bahanmaterialbagus juga
desainoke
toko sangat ramah dan fast respon pengiriman juga hitungannya cepat walau utk luar daerah produk dibungkus rapi dan aman gak ada cacat sedikitpun dan ukuran yg ditanya pun sangat passsss terima kasih",
237,bahan ok cuma jasa pengiriman kurang bagus karpet digulung dan dilipat karpetnya jadi rusak perlu di infokan kalo kirim jgn dilipat,,
240,paket nya dateng langsung dicek dan dipasangsukakmakasih yak,,
245,terimakasih barangnya sdh sampai pengirimannya lama banget karpetnya bagus tebal,,
257,hargakwalitas brg jelek diterima brg udh packingan dan pengiriman krg bgs,,
262,hargamurahh bahanmaterialplastiknya tebell baguss sukak bangett sama karpetnyaa bahannya tebal juga dan pengirimannya sangat cepatt dan amann sipp pokoknya dehh,"hargamurahh
bahanmaterialplastiknya tebell baguss
sukak bangett sama karpetnyaa bahannya tebal juga dan pengirimannya sangat cepatt dan amann sipp pokoknya dehh",
265,tolong next jangan bilang kurirnyahabis lecek n jelek banget jadinya,,
269,harga murah kualitas sesuai bentuk sesuai barang sesuai pengiriman cepat barang lengkap tidak ada kerusakan berfungsi dengan baik pokoknya mantepp tidak menyesal terimakasih seller,harga murah kualitas sesuai bentuk sesuai barang sesuai pengiriman cepat barang lengkap tidak ada kerusakan berfungsi dengan baik pokoknya mantepp tidak menyesal terimakasih seller,
273,hargaterjangkau bahanmaterialkarpet licin desainbgus bagus pengiriman cepat lumayan buat di lantai,"hargaterjangkau
bahanmaterialkarpet licin
desainbgus
bagus pengiriman cepat lumayan buat di lantai",
275,hargamantap bahanmaterialmantap desainmantap pengiriman cukup super cepat barang sampai dengan selamat packing lumayan lah ya walaupun sama kurir dilipet jadi agak keliatan lipetannya overall mantappu djiwa hatur nuhun kamsahamnida,"hargamantap
bahanmaterialmantap
desainmantap
pengiriman cukup super cepat barang sampai dengan selamat packing lumayan lah ya walaupun sama kurir dilipet jadi agak keliatan lipetannya overall mantappu djiwa hatur nuhun kamsahamnida",
277,hargalumayan bahanmaterialbaik desainunik pengiriman lumayan cepet dan karpet ny juga membantu hasil yg baik dan cantik jadinya trimakasih seller,,
281,bagusssssss tapi kezelll kurirnya gatau gimana bawanya jadi pada kusut sama risek gitu deh aaaaa beteee beli yg pertama bagus yg kedua,,
282,bagus brgnya respon penjual baik packing baik pengiriman baik,,
289,hargaok bahanmaterialtipis desainok barang sudah sampai pengiriman agak lama desain bagus terima kasih banyak,,
293,hargabaik bahanmaterialbaik desainbagus kualitas produk baik produk original harga produk baik kecepatan pengiriman baik,"hargabaik
bahanmaterialbaik
desainbagus
kualitas produk baik produk original harga produk baik kecepatan pengiriman baik",
295,hargalumayan bahanmaterialbagus desainbagus kualitas baguspengiriman lumayan cepat,"hargalumayan
bahanmaterialbagus
desainbagus
kualitas baguspengiriman lumayan cepat",
296,pengirimanny di lipet dua yaudah deh jadinya rusak begini,,
300,paket bru di buka baikkk,,
308,paket sudah sampaikemasan rapihmksih sopee,,
325,mantapp sesuai pesanan pengiriman cepatt kurir sudah langganan,mantapp sesuai pesanan pengiriman cepatt kurir sudah langganan,
326,hargaterjangkau bahanmaterialbaik desainbagus respon chat pengiriman cepat sukaa si motifnya simple juga fotovideo tdk sesuai karena dipasang dikantor,"hargaterjangkau
bahanmaterialbaik
desainbagus
respon chat pengiriman cepat sukaa si motifnya simple juga
fotovideo tdk sesuai karena dipasang dikantor",
328,hargabagus bahanmaterialbagus desainbagus pengiriman cpet bnget,,
329,hargabaik bahanmaterialkurang suka karena ad yg peot peot desainbagus desain ngan dilipet sama si kurir na teh jd peot,,
330,pengiriman cepat tapi ukurannya ya ampun kecil banget kiro nyukup gulungan untuk ternyata butuh gulungan utk kamar kalo begini ukurannya,pengiriman cepat tapi ukurannya ya ampun kecil banget kiro nyukup gulungan untuk ternyata butuh gulungan utk kamar kalo begini ukurannya,
337,hargasesuai bahanmateriallumayan desainbagus vnyl nya lumayan bagus sesuai dengan hargapengiriman cepatrespon penjual cepatmksh seller,"hargasesuai
bahanmateriallumayan
desainbagus
vnyl nya lumayan bagus sesuai dengan hargapengiriman cepatrespon penjual cepatmksh seller",
348,hargaterjangkau bahanmaterialvinyl desainoke belum dibuka baru diintip aja dikit tp lumayan sih untuk warnanya sama design sesuai ekspektasi pengiriman juga lumayan cepet ko,,
363,hargarelatif bahanmaterialbagus desainkece mantulmaknyoss mantap tap pokoknya mah pekingan oke kecepatan pengiriman okwis pokoknya mantap terimakasih seller,"hargarelatif
bahanmaterialbagus
desainkece
mantulmaknyoss mantap tap pokoknya mah pekingan oke kecepatan pengiriman okwis pokoknya mantap
terimakasih seller",
367,pengiriman pake shopee express super lamaaaaaaaaaaaa masa sampe haritlong dong diperbaiki jadwal pengiriman dari shopee nya karena selalu begitu kalo pake shopee express,,
370,hargabagus bahanmaterialbagus desainbagus kali ini prodak sangat bagus dan pengiriman dibungkus bublewrap mantap pokoknya,,
375,hargamurceeeee bahanmaterialtebel bagus berkualitas desainrapih pengiriman cepet bangetpacking nya juga rapihpkk nya the besssttttt,,
380,barang karpet oke good bagus tp kurirnya hari br sampe di drop di counter dljd gk sampe sampe,,
383,mantap pengiriman cepat aman dan barang sesuai deskripsi,mantap pengiriman cepat aman dan barang sesuai deskripsi,
390,oke terima kasih banyak untuk seller kualitas bagus sesuai harga pengiriman cepat saya suka saya suka saya suka,oke terima kasih banyak untuk seller kualitas bagus sesuai harga pengiriman cepat saya suka saya suka saya suka,
408,agak lama pengirimannya tapi barang bagus tebal,,
416,hargamurah bahanmaterialbagus desaingood hanya pengirimannya aj lama,,
420,pengiriman lama bayar untung harga nya murah,,
437,kecewa pengiriman lama tidak sesuai pesanan pesanan datang cuman satu,,
440,paket nya baru sampe bagusss bnget maaf gak sempet foto,,
441,alhamdulillah paket nya dah sampe dgn cepat n produk nya memuaskan terimakasih,alhamdulillah paket nya dah sampe dgn cepat n produk nya memuaskan terimakasih,
442,pengiriman cepat penjual dan expedisi pengiriman tanggap dan ramah,pengiriman cepat penjual dan expedisi pengiriman tanggap dan ramah,
478,pengiriman lama,,
490,paket diterima dalam kondisi baik,,
511,bagus sesuai pesanan udah langsung dicoba mau buat foto produk pengiriman cepet thanks seller,,
517,pengiriman super super cepat seller responsif sesuai pesanan semoga awet kuat karpet vynil nya terimakasih shopee,pengiriman super super cepat seller responsif sesuai pesanan semoga awet kuat karpet vynil nya terimakasih shopee,
518,bagus tp terlipat oleh kurir jd bertanda deh,,
522,hargamurah sekali bahanmaterialbagus desainmenarik pengemasan dan pengiriman lumayan cepet gaada yg mantap,,
524,kualitas produk sesuai hargapengiriman cepat kurir ramah,kualitas produk sesuai hargapengiriman cepat kurir ramah,
528,produk sesuai dengan gambar dan deskripsi pengiriman cepat acking aman dan rapih,produk sesuai dengan gambar dan deskripsi pengiriman cepat acking aman dan rapih,
529,kualitas produk saangat baik pengiriman cepat respon penjual baik terima kasih ya,kualitas produk saangat baik pengiriman cepat respon penjual baik terima kasih ya,
543,respon cepat pengiriman cepat,"respon cepat
pengiriman cepat",
