,"Reviews with the words courier, delivery etc",Reviews with the word fast,Reviews with the word slow
0,hargasesuai kualitasbagus mungkin belum dipasang tapi sesuai dgn pesanan ntar mau pesan lagi nyicil tokox amanah maaf foto gak sesuai terima kasih abang kurir,,
2,kualitasbagus hargamurah alhamdulillah masih kurang banyak mau order lg beli nyicil coz suami cm tukang ojek aja demi kamar anak estetik terima kasih seller jgn melayani saya yg belix nyicil ya,,
5,hargamurah dibanding tokotoko lain kualitasbarang sesuai harga lain kali chek lagi ya min saat pgiriman pembelian pertama aman mau beli byak ragu krn ada beberapa penilaian bhwa jumlah yg dikirim kurangtidak sesuai jumlahnya pengiriman ke pesan datangnya kurang chat berkali kali dan kirim video unboxing byak gagalnyaakhirnya yg msuk pengembalian dana,,
9,baguss sesuai tapiiiii paraahhh kecewa entah dari kurirr atau seller vinyl nya patah nya gmn siiihh kalo boleh saran pakai kardus dong packing nyaa biar aman,,
19,pesanan sudah sampai sesuai gambar saya suka pengen pesen lagi terima kasih pengirimannya juga cepet,,
28,bagusssssssss tapi packing kurang memperhatikan keamanan produk hanya dibungkus dgn plastik karung tidak diberi tambahan kardus dan ada beberapa lembar vinyl yg rusakmungkin karna kurir pengiriman,,
35,kualitas produk sangat baik produk original harga produk sangat baik kecepatan pengiriman barang sangat baik respon penjual sangat baik beli banyak ga masalah packing bagus tidak ada yang kurang ataupun rusak,kualitas produk sangat baik produk original harga produk sangat baik kecepatan pengiriman barang sangat baik respon penjual sangat baik beli banyak ga masalah packing bagus tidak ada yang kurang ataupun rusak,
42,hargaterjangkau murah kualitasbagus desainokeee sukaa bangettt sm desainnyarumah jd keliatan bersih dan rapiwlwpun ada kendala dari waktu pengiriman karena overload mnjelang lebarantp overall bagussss semuanya,,
47,aman belum di buka masih di segel pengiriman juga cepet ok lah,,
49,hargaterjangkau kualitasbaik pengiriman cepat pengemasan rapi harga terjangkau semoga selalu amanah,"hargaterjangkau
kualitasbaik
pengiriman cepat pengemasan rapi harga terjangkau semoga selalu amanah",
54,kualitasbagus banget hargaterjangkau material nya bagus warna nya suka banget dan sesuai belum d aplikasi kan pengiriman cepat cuma packing nya kurang tebal kardus nya tapi overall semua nya bagus dan barang nya ngga kurang dan ga rusak thanks,"kualitasbagus banget
hargaterjangkau
material nya bagus warna nya suka banget dan sesuai belum d aplikasi kan pengiriman cepat cuma packing nya kurang tebal kardus nya tapi overall semua nya bagus dan barang nya ngga kurang dan ga rusak thanks",
56,hargaterjangkau kualitasbagus pengiriman cepat,"hargaterjangkau
kualitasbagus
pengiriman cepat",
61,kewrenn penjual juga responnya gercep pengirimannyapun cepet,,
64,hargamurah kualitasbagus desainbagus cepet banget pengirimannya sehari sampe mantapbagus juga pas udh dipasang,,
67,hargamurah kualitasbaik desainelegan yg ini lengkap tinggal nunggu respon penjual karena paket yg sebelumnya kurang pcs semoga bisa dikirim ya pcsnya lagi kecepatan pengiriman baik,"hargamurah
kualitasbaik
desainelegan
yg ini lengkap tinggal nunggu respon penjual karena paket yg sebelumnya kurang pcs semoga bisa dikirim ya pcsnya lagi
kecepatan pengiriman baik",
69,hargamurah kualitasbagus desainoke sllu puas belanja di toko ini gk pernah ada yg salah pengiriman cepat packing rapih banget gk nyesel blnj di toko ini,"hargamurah
kualitasbagus
desainoke
sllu puas belanja di toko ini gk pernah ada yg salah pengiriman cepat packing rapih banget gk nyesel blnj di toko ini",
76,hargaplg murce bingit kualitasbgs adem klw udh di pasang desaintipis brkualitas reaposcpt pengiriman jg cpt cmn knp ada cacat gw kyk wkt prntama x bli cacat bgt ini,,
80,hargabaik kualitasbaik desainbaik makasih seller packing dan pengiriman cepattt harga termurah sih dabest vynil nya bagus high quality pdhl harga murah beli disini lg deh nnti pastiiii,"hargabaik
kualitasbaik
desainbaik
makasih seller packing dan pengiriman cepattt harga termurah sih dabest vynil nya bagus high quality pdhl harga murah beli disini lg deh nnti pastiiii",
81,hargaok kualitascukup desainok mantap nih seller harga ekonomis respon cepat pengiriman cepat bakal jadi langganan terima kasih shopee,"hargaok
kualitascukup
desainok
mantap nih seller harga ekonomis respon cepat pengiriman cepat bakal jadi langganan terima kasih shopee",
84,hargamurah kualitasoke desainpersegi alhamdulilahpaket sdh dtg sesuai pesanan murah lagi amanah banget tokokny pengiriman cepat packing rapih dan aman,"hargamurah
kualitasoke
desainpersegi
alhamdulilahpaket sdh dtg sesuai pesanan murah lagi amanah banget tokokny pengiriman cepat packing rapih dan aman",
85,hargasesuai keadaan produk setelah diterima sesuai treatment trusted si code produk ori hongzhuo sayang pengemasan kurang smart aja coba klo treatment nya lebih bagus jga seller responsif tpi biasa aja kecepatan pengiriman bagus tq,"hargasesuai keadaan produk setelah diterima
sesuai treatment
trusted si code produk ori hongzhuo sayang pengemasan kurang smart aja coba klo treatment nya lebih bagus jga seller responsif tpi biasa aja kecepatan pengiriman bagus tq",
87,bagus bangeeet bahan nya tebal pokoknya rekomendet pengiriman juga cpat bangeeet nyampe ajaa bakal langganan sihhh ok ok ok ok ok tetap pertahanin pelayanan dan kualitas yaaa gan,,
90,maaf bukan foto sebenarnya tapi bahan vinyl lumayan bagus harga murah kurir juga ramah terimakasih seller shopee,,
91,sampai lagi paketannya super ngebut pengirimannya toko ini keren banget lah pokonya hahahaha nggak diragukan lagi,,
96,pengiriman cepatwarna nya cantikserat kayunya terasalemnya kuatharga relatif murahsayangnya seller kurang ngirimnytp gpp,pengiriman cepatwarna nya cantikserat kayunya terasalemnya kuatharga relatif murahsayangnya seller kurang ngirimnytp gpp,
97,paketnya udsh sampeee dirumah tp lg ga dirumah heheh makasi ya bagus bgttttt trs paling murah belinya satuan biar gakena ongkir,,
98,hargamurah kualitasmantapss desainbagus elegan kecepatan pengiriman baik packing karung respon penjual aja yang agakagak,"hargamurah
kualitasmantapss
desainbagus elegan
kecepatan pengiriman baik packing karung respon penjual aja yang agakagak",
99,hargaterjangkau kualitassangat baik desainsangat baik barang sesuai ekspetasi pengiriman cepat packingnya rapih harus beli lagi karna ternyata kurang untuk lantai tangga hahaha,"hargaterjangkau
kualitassangat baik
desainsangat baik
barang sesuai ekspetasi pengiriman cepat packingnya rapih harus beli lagi karna ternyata kurang untuk lantai tangga hahaha",
101,kualitas produk sangat baik produk original harga produk sangat baik kecepatan pengiriman barang sangat baik respon penjual sangat baik,kualitas produk sangat baik produk original harga produk sangat baik kecepatan pengiriman barang sangat baik respon penjual sangat baik,
102,alhamdulillaah respon dan pengiriman cepat packing aman dan harga oke terimakasih,alhamdulillaah respon dan pengiriman cepat packing aman dan harga oke terimakasih,
107,hargamurahh kualitasbagusss desainelegan kecepatan pengirimannya mantap packing bahan karung kalo beli sedikit dan mau aman kasih di catatan jangan dilipat,"hargamurahh
kualitasbagusss
desainelegan
kecepatan pengirimannya mantap packing bahan karung kalo beli sedikit dan mau aman kasih di catatan jangan dilipat",
109,hargaoke kualitasoke desainoke barang oke packing rapi pengiriman cepet bahan oke harga oke recommend seller top markotop dah,,
114,paket sudah sampai penjual amanah murah dan bagus semoga awet,,
118,hargaok kualitasok desainok mantap nih seller harga ekonomis respon cepat pengiriman cepat bakal jadi langganan terima kasih shopee,"hargaok
kualitasok
desainok
mantap nih seller harga ekonomis respon cepat pengiriman cepat bakal jadi langganan terima kasih shopee",
120,kualitasmantul udah langganan dan pembelian ke xxxxx kalinya selalu puasa pengiriman cepaaattt makasih banyak yaaaaaaaaaaaaaa,,
121,paketnya udsh sampeee dirumah tp lg ga dirumah heheh makasi ya bagus bgttttt trs paling murah belinya satuan biar gakena ongkir,,
122,paketnya udsh sampeee dirumah tp lg ga dirumah heheh makasi ya bagus bgttttt trs paling murah belinya satuan biar gakena ongkir,,
124,hargamurah kualitasbagus mantap desainelegan kecepatan pengiriman baik packing karung respon penjualnya aja yang agakagak,"hargamurah
kualitasbagus mantap
desainelegan
kecepatan pengiriman baik packing karung respon penjualnya aja yang agakagak",
130,hargamurah kualitasbaguss desainbaguss kecepatan pengiriman baik packing karung respon penjual aja yang agakagakk,"hargamurah
kualitasbaguss
desainbaguss
kecepatan pengiriman baik packing karung respon penjual aja yang agakagakk",
131,kualitaskualitas mantap sesuai pesanan ga nyesel beli di sini pengiriman cepat,kualitaskualitas mantap sesuai pesanan ga nyesel beli di sini pengiriman cepat,
134,kualitas mantap sesuai pesanan ga nyesel beli di sini pengiriman cepat,kualitas mantap sesuai pesanan ga nyesel beli di sini pengiriman cepat,
138,hargamurah bangetttttttttt kualitasbagus bangetttttttttt respon baik pengiriman cepat nga nyesel beli ditoko in,"hargamurah bangetttttttttt
kualitasbagus bangetttttttttt
respon baik
pengiriman cepat
nga nyesel beli ditoko in",
139,hargamurah bangetttttttttt kualitasbagus bangetttttttttt respon baik pengiriman cepat nga nyesel beli ditoko in,"hargamurah bangetttttttttt
kualitasbagus bangetttttttttt
respon baik
pengiriman cepat
nga nyesel beli ditoko in",
140,paket sudah sampai paket sesuai pesanan semoga awet penjual amanah,,
158,hargamurah kualitasmantab pengiriman cepat penjual bagus barang original,"hargamurah
kualitasmantab
pengiriman cepat penjual bagus barang original",
159,hargamurah kualitasmantab pengiriman cepat penjual bagus barang original,"hargamurah
kualitasmantab
pengiriman cepat penjual bagus barang original",
160,hargamurahh kualitas baguss desainbagusss pengiriman okkkk aman gak ada cacattt,,
161,hargamurah kualitasbagus desainelegan bagus cuman packing nya aja kurang aman bundaa bundaa udah gitu sama kurir nya di tekuk tekuk bundaaa pengen nangis banget gak siiii but produk nya chackeepppp,,
176,hargamurah kualitasbagus bagus banget barang datang sesuai pesanan pengiriman sangat cepat,"hargamurah
kualitasbagus
bagus banget
barang datang sesuai pesanan
pengiriman sangat cepat",
177,hargamurah kualitasbagus bagus banget barang datang sesuai pesanan pengiriman sangat cepat,"hargamurah
kualitasbagus
bagus banget
barang datang sesuai pesanan
pengiriman sangat cepat",
179,pengiriman agak lama kemarin dari pihak ekspedisinya gatau kenapaaa tp barang selalu bagus thankyou seller,,
181,packing diterima dengan baek pengiriman cepat sangaat bagus terima kasih,"packing diterima dengan baek
pengiriman cepat
sangaat bagus
terima kasih",
183,warna aslinya lebih merah ya barang bagus lagi nyicil tapi barang habis semoga cepat restok yaa pengiriman dan pengemasan cepat terimakasih seller,warna aslinya lebih merah ya barang bagus lagi nyicil tapi barang habis semoga cepat restok yaa pengiriman dan pengemasan cepat terimakasih seller,
184,hargatermurah kualitas baik desainbagus pengemasan dan pengiriman cepat sampai hanya dengan hitungan jamkwalitas barang bagussesuai deskripsi,"hargatermurah
kualitas baik
desainbagus
pengemasan dan pengiriman cepat sampai hanya dengan hitungan jamkwalitas barang bagussesuai deskripsi",
185,hargamurah kualitasbbagus next order lg baru beli jajal dlu trnyta kurang banyak next order lg pengiriman jg cepat,"hargamurah
kualitasbbagus
next order lg
baru beli jajal dlu trnyta kurang banyak
next order lg
pengiriman jg cepat",
187,kualitas barang bagus banget warna sesuai pesanan packing aman tidak ada yang cacat pengiriman cepat,kualitas barang bagus banget warna sesuai pesanan packing aman tidak ada yang cacat pengiriman cepat,
189,respon admin baik pengiriman juga cepatttt barang sesuai pesanan thankyouuuuu,respon admin baik pengiriman juga cepatttt barang sesuai pesanan thankyouuuuu,
191,hargamurah kualitasbagus desainbagus pengiriman cepat harga terjangkau produk bagus semoga awet digunakan,"hargamurah
kualitasbagus
desainbagus
pengiriman cepat harga terjangkau produk bagus semoga awet digunakan",
192,terima kasih barang sesuai dengan pesanan pengiriman cepat sekali,terima kasih barang sesuai dengan pesanan pengiriman cepat sekali,
193,terima kasih barang sesuai dengan pesanan pengiriman cepat sekali,terima kasih barang sesuai dengan pesanan pengiriman cepat sekali,
206,hargamurah kualitasblm dicoba desainmantab sticker karpet sudah diterima dengan baik pengiriman cepat harga murah tks,"hargamurah
kualitasblm dicoba
desainmantab
sticker karpet sudah diterima dengan baik pengiriman cepat harga murah tks",
212,paket sdh sampai dgn aman kualitas produk baik harga ok kecepatan pengiriman dan respon penjual baik tks,paket sdh sampai dgn aman kualitas produk baik harga ok kecepatan pengiriman dan respon penjual baik tks,
214,hargalumayan kualitasbagus desainoke bagus kualitas bagus pengiriman standart tp karena produk bagus jd tetap memuaskan,,
216,hargaterjangkau kualitasbaguss bgtt desainbagus pengiriman cepat packing aman ketuk pada klip untuk menempelnya pada kotak teks,"hargaterjangkau
kualitasbaguss bgtt
desainbagus
pengiriman cepat packing aman ketuk pada klip untuk menempelnya pada kotak teks",
221,produk baik pengiriman cepat seller ramah dan responsif thanks seller,"produk baik pengiriman cepat seller ramah dan responsif
thanks seller",
222,kurang lebih warna nya hmpir sama foto ini mgkin lebih merah sdkit aslinya pengiriman dan pengemasan cepat terimakasih seller semoga cepat restok,kurang lebih warna nya hmpir sama foto ini mgkin lebih merah sdkit aslinya pengiriman dan pengemasan cepat terimakasih seller semoga cepat restok,
229,baguuussss sesuai harganya murah jugaaaa pengiriman cepat thankyouuuuuu,baguuussss sesuai harganya murah jugaaaa pengiriman cepat thankyouuuuuu,
234,b a g u s pengiriman termasuk cepet,,
237,hargaoke kualitasoke desainoke kualitas oke pengiriman cepat packing rapih harga bersahabat semoga awet dan menjadi langganan,"hargaoke
kualitasoke
desainoke
kualitas oke pengiriman cepat packing rapih harga bersahabat semoga awet dan menjadi langganan",
247,hargaterjangkau kualitassangat baik desainmotif kayu alhamdulillahpsn km sdh dtg dlm keadaan baikvariasi sesuai yg dipsnproduk original kwalitas produk sangat baikpengiriman sangat cptrespon penjual baik,,
249,hargaterjangkau kualitasbagus desainbagus pengiriman cepat produk bagus,"hargaterjangkau
kualitasbagus
desainbagus
pengiriman cepat produk bagus",
254,hargaterjangkau kualitasterbaikkkk sih desainbaguuussss banget kayak kayu asli kualitas produkkkk baguussss padahal harga segitu tapi produk nya bagus bangettt pengiriman cepat di kemas dengan baikkk gak ada cacat,"hargaterjangkau
kualitasterbaikkkk sih
desainbaguuussss banget kayak kayu asli
kualitas produkkkk baguussss padahal harga segitu tapi produk nya bagus bangettt pengiriman cepat di kemas dengan baikkk gak ada cacat",
259,hargaterjangkau kualitasbagus pengiriman cepat,"hargaterjangkau
kualitasbagus
pengiriman cepat",
263,ok lah pengiriman juga cepet,,
265,kualitasbaguuuus hargaworth it to buy bagus bahan nya murah juga pengiriman cepat,"kualitasbaguuuus
hargaworth it to buy
bagus bahan nya murah juga pengiriman cepat",
266,pengiriman cepat dan packing aman kualitas bagus mantap lah,"pengiriman cepat dan packing aman
kualitas bagus
mantap lah",
268,harga murah kualitasbagus desainbagus vinil nya bagus bngt dong harga paling murah dari yg lain mana pengirimannya cepet lagi juara sih,,
269,hargamurah kualitasbagus keren seller amanah baru nyoba semoga tetap amanah n bisa jadi langganan makasih mas kurir sampe tetap diantar,,
271,harga paling murah kualitasbagus bngt desainbagus puas bngt beli disini gak pernah kecewa ini beli disini dong pengirimannya juga cepet,,
272,hargamurah kualitasoke banget alhamdulillah sampe pengiriman cepat barang baguspengemasan rapi mantap,"hargamurah
kualitasoke banget
alhamdulillah sampe pengiriman cepat
barang baguspengemasan rapi mantap",
274,hargaterjangkau kualitasbaik desainbaik pengemasan nya kl beli byk apakah ttp pake karung gini y pengirimannya cpt kamis order sabtu sdh nyampe ke demakterimakasih semuanya,,
276,hargaterjangkau kualitasbagus banget desainmantap bagus banget gada cacat sama sekali pengiriman juga cuma cepet banget,,
278,walaupun ada keterlambatan pengiriman tp akhirnya puas dgn hasil nya belum terpasang semua baru setengah ruangan tp kayaknya kurang deh mau order lg thank you seller,,walaupun ada keterlambatan pengiriman tp akhirnya puas dgn hasil nya belum terpasang semua baru setengah ruangan tp kayaknya kurang deh mau order lg thank you seller
279,pengiriman cepat banget sesuai pesanan barang oke sesuai deskripsi,pengiriman cepat banget sesuai pesanan barang oke sesuai deskripsi,
281,hargamurah kualitasok desainok serat terasa walaupun cm cuma sayangnya packing goni tanpa bubble jd ini ditekuk kurirnya untung tidak patah,,
285,hargaok kualitasok desainok pengiriman cepet bahan oke harga oke recommend seller package rapi top markotop dah recommend seller,,
298,paket sampai suka bgt packing juga amannnnn,,
312,produk sesuai dengan gambarpaket cepat datang,produk sesuai dengan gambarpaket cepat datang,
323,paketnya udsh sampeee dirumah tp lg ga dirumah heheh makasi ya bagus bgttttt trs paling murah belinya satuan biar gakena ongkir,,
324,kualitasbaik tebal hargamurah pembelian ke uda bandingin ma store lain dg harga sama di toko ini barang lebih berat yg lainnya ringan bgt mudah ngelupas tapi tumben paket yg ini uda kondisi sobek bungkusnya untung masih lengkap isinya,,
333,hargaterjangkah kualitasbagus barang bagus gak terlalu tipis pengiriman cepat nex order lgi soal nya masih kurang,"hargaterjangkah
kualitasbagus
barang bagus gak terlalu tipis pengiriman cepat
nex order lgi soal nya masih kurang",
334,paketnya udsh sampeee dirumah tp lg ga dirumah heheh makasi ya bagus bgttttt trs paling murah belinya satuan biar gakena ongkir,,
335,hargamurah kualitasbagus pengemasan rapih pesanan lengkap pengiriman pengemasan cepat,"hargamurah
kualitasbagus
pengemasan rapih pesanan lengkap pengiriman pengemasan cepat",
336,belum di buka nanti saja klo mo di pasang baru di buka keliatan tebal packing aman pengiriman cepat tks semuany,belum di buka nanti saja klo mo di pasang baru di buka keliatan tebal packing aman pengiriman cepat tks semuany,
337,hargamurah kualitasbagus bagus banget barang datang sesuai pesanan pengiriman sangat cepat,"hargamurah
kualitasbagus
bagus banget
barang datang sesuai pesanan
pengiriman sangat cepat",
343,kualitasbagus hargabersaing respon admin cepat pengiriman cepet bgt kualitas produk oke thanks seller,"kualitasbagus
hargabersaing
respon admin cepat pengiriman cepet bgt kualitas produk oke thanks seller",
348,pengiriman cepat barang sesuai dengan gambar diterima dengan baik makasi seller,pengiriman cepat barang sesuai dengan gambar diterima dengan baik makasi seller,
349,pengiriman cepat barang sesuai dengan gambar diterima dengan baik makasi seller,pengiriman cepat barang sesuai dengan gambar diterima dengan baik makasi seller,
351,kualitasbagus hargamurah pengemasan oke pengiriman oke sudah beli berkali kali soal nya beli nyicil nyicil alhamdulillah smp skrng blm pernah kecewa semoga smp dgn seterusnya ga pernah dikecewakan ya,,
352,hargaterjangkau kualitaslumayan kualitas baguss saya pesan variasi ternyata aslinya seperti ini natural ada guratan motif hitamnya kecee bahan sedang tidak terlalu tebal dan tidak terlalu tipis pengiriman pake sameday karna lagi khawatir overload hanya saja packingnya tolong lebih di perhatikan karna cuma pake karung,,
354,ok pesan sudah sampai sesuai yg di mau pengiriman nya jg cepet pesan rabu kamis udh datang terima kasih,,
356,hargamurah kualitasbagus pengiriman cepat smpebarang baguspengemasan rapioke deh,"hargamurah
kualitasbagus
pengiriman cepat smpebarang baguspengemasan rapioke deh",
364,mantaaappp makasiiihh seller pengemasan n pengiriman super cepat order yg kedua kalinya krna yg prtama kurang,mantaaappp makasiiihh seller pengemasan n pengiriman super cepat order yg kedua kalinya krna yg prtama kurang,
368,kualitasbagus hargasesuai kualitas alhamdulillah paket dateng sesuai pesanan mau nyoba dulu kalo bagus nanti beli lg,,
369,pengemasan pengiriman cepat pengemasannya jg aman dan rapi gak ada yg cacat barangnya mantab murah meriah tp gak keliatan murahan,pengemasan pengiriman cepat pengemasannya jg aman dan rapi gak ada yg cacat barangnya mantab murah meriah tp gak keliatan murahan,
373,kualitasok hargastandar bagus bahannya pengiriman cepat,"kualitasok
hargastandar
bagus bahannya pengiriman cepat",
377,kualitasok hargaok terimakasih paket sudah sampai barangnya ok,,
379,kualitasok hargamurah bahannya bagus dan pengirimannya cepat terima kasih banyak seller,"kualitasok
hargamurah
bahannya bagus dan pengirimannya cepat terima kasih banyak seller",
380,ok pesanan sudah sampai sesuai gambar tertera udh beli yg ke kali nya bagus pengiriman jg cepet langsung proses sm pihak tokoy sy suka,,
382,ok pesanan sudah sampai sesuai yg di gambar terima kasih sy suka cuma stikernya langsung diambil sm yg pesan pengirimannya jg cepet pokonya suka udh pesan yg ke nya,,
383,kualitasoke hargamurah pembelian cocok ga terlalu tipis gak licin pengiriman sameday jadi bisa langsung dipasang,,
384,kualitassangat bagus hargaterjangkau kwalitas barang sgt bagus toko ini sgt amanahtdk mengecewakanpokoknya ok bangetmksh byk ya kaudah yg kdua kali saya bli ditoko iniyg pertama agak lama pengirimannya yg kedua cuma tambah yakin kalo toko ini sgt amanah,,
385,ga kecewa pesanan sesuai yg di pesan order untuk yg ke x nya pengiriman pakai sameday cepat bgt thanks kk,"ga kecewa pesanan sesuai yg di pesan
order untuk yg ke x nya
pengiriman pakai sameday cepat bgt
thanks kk",
386,hargaokee cukuppppppppppp memuaskan nnnnnnnnnnnn mantap zzzzzzz zzzzzz pengiriman cepat respon seller bagus,"hargaokee
cukuppppppppppp memuaskan nnnnnnnnnnnn mantap zzzzzzz zzzzzz pengiriman cepat respon seller bagus",
388,hargaterjangkau pengiriman cpt perkiraan blm sampe ternyata lebih cpt pdahal msih d luar kota untung kurir hubungi dlu terimakasih semoga selalu amanah,,
389,pengiriman cpt perkiraan blm sampe ternyata lebih cpt pdahal msih d luar kota untung kurir hubungi dlu terimakasih semoga selalu amanah,,
390,pengiriman cpt perkiraan blm sampe ternyata lebih cpt pdahal msih d luar kota untung kurir hubungi dlu terimakasih semoga selalu amanah,,
391,pengiriman cpt keren pdhal perkiraan blm sampe pas juga msih d luar kotauntung kurirnya hubungi thnks ya smoga selalu amanah,,
396,hargamurah banget kualitaslumayan desainoke sellernya gercep lagi tanggal merah proses pengiriman pake kurir instan tetep cepet jumlahnya pas sesuai pesanan gampang dipasang dan seru masangnya wkwk kalo kualitas tahan lama atau ga ga terlalu expect sih karena harganya murah makasi ya,,
398,kualitaskualitas bagus harga terjangkaubahan lumayan tebal pengiriman juga cepat thanks,"kualitaskualitas bagus
harga terjangkaubahan lumayan tebal pengiriman juga cepat thanks",
401,hargaterjangkau kualitasbagus saya seneng banget paket diterima dengan keadaan bagus no cacat jumlah pas seller amanah,,
418,paket sudah sampai paket sesuai pesanan semoga awet penjual amanah,,
420,bagus harga lebih murah drpd toko sebelah pengiriman cepet bgt tks,,
421,bagus banget harga murah dibnding toko sebelah pengiriman cepat,bagus banget harga murah dibnding toko sebelah pengiriman cepat,
423,hargaok kualitasok gatau deh keberapa kalinya mantul buangett harga juga terjangkau pengiriman cepet,,
424,hargaok kualitasok desainok package rapi barang oke pengiriman cepet bahan oke harga oke recommend seller top markotop dah,,
425,mantap keren abisss barang berkualiatas pengiriman jg cepet pisann,,
435,hargasangat standar kualitasbagus banget barng nya oke banget pengiriman nya juga cepet banget next order lagi,,
436,hargastandar kualitasoke barang nya sangat oke dan pengiriman nya sngat cepat puas banget belanja disinih,"hargastandar
kualitasoke
barang nya sangat oke dan pengiriman nya sngat cepat puas banget belanja disinih",
437,hargaoke kualitasoke pengirimannya rada lama mkn krn berat ya,,
440,overall bagusaq suka cm aq gtw ini kesalahan dr kuriratau packing nyaatau anakkusoal nya aq tahu nya sudah dibuka sama anakku dan patah ginikata anakku sih memang dtg sudah kelipattp masih bs dipakesemoga lain waktu ngga dpt seperti ini lg terimakasih,,
441,khualitasnya bagus sekali ada tekstur nya dan yg paling wow itu pengirimannya cepettt banget,,
443,hargasesuai kualitasbgs terimakasihh barang sampai dgn selamattttttttttttttttttt pengiriman agak lama tapi oke brgnyaaaa,,
444,hargamurah kualitastop bintang paketnya udah sampe kak lengkap sesuai pesanan produknya bagus kualitas oke harga bersahabat murah tapi gak murahan respon cpt packing rapi dan aman next order lagi terima kasih kakak,,
445,hargamurah kualitasbaguscuma daya rekatnya kurang bagus bahanya baguswarnanya jugakurangnya daya rekatnya kurang bagus gk terlalu kuat jadi rontok terus harus ditambahn lem lagiuntuk packingnya cepet bangetpengirimannya juga cepetsemoga laris terusdan makin sukses untuk tokonyaterimakasih,,
449,cuma saran aja yah penting bgt pake bubble ujungnya aja karna kalo samperusak ujungnya itu pas nempelin jelek hasilnya jadi kaya ke kelopek ada yg patah pula buat antisipasi barang ga rusak pas di kirim kurir makasih,,
458,hargamurah kualitasbaik desainwarna sesuai pesanan mudah di aplikasikan pengiriman cepat pesan sore besok pagi nya sampai,"hargamurah
kualitasbaik
desainwarna sesuai pesanan mudah di aplikasikan
pengiriman cepat pesan sore besok pagi nya sampai",
460,hargaharga nya murah dari toko yang lain kualitaskwalitasnya bagus ga cepet patah desainsuka sama desainnya sama seperti yang di foto sukaaaaaa pengiriman nya juga cepat pesan langsung di kirim karna memang pakai yg instan untuk pengiriman nya jd cepat sampai,"hargaharga nya murah dari toko yang lain
kualitaskwalitasnya bagus ga cepet patah
desainsuka sama desainnya sama seperti yang di foto
sukaaaaaa pengiriman nya juga cepat pesan langsung di kirim karna memang pakai yg instan untuk pengiriman nya jd cepat sampai",
461,hargalumayan kualitasbagus bagus barang nya rebel lumayan pengiriman cepat aman di bawa sama kurir nya ramah tokonya,"hargalumayan
kualitasbagus
bagus barang nya rebel lumayan pengiriman cepat aman di bawa sama kurir nya ramah tokonya",
462,hargamurahh kualitasbagus banget pengiriman cepet bangett parahh kemaren bayar hari ini udh sampee seller juga fast responn semuanya sesuai ekspetasii makasih yaaaaa,,
464,harganmurah kualitasoke desainpersegi alhamdulilahpaket dtg dgn slmtgk ad yg patah bagus semuasesuai pesananpacking baikpengiriman super cepat,"harganmurah
kualitasoke
desainpersegi
alhamdulilahpaket dtg dgn slmtgk ad yg patah bagus semuasesuai pesananpacking baikpengiriman super cepat",
466,hargamurah kualitasoke desainpersegi bagus sesuai pesanan semoga awet pengiriman cepat packing rapih dan aman,"hargamurah
kualitasoke
desainpersegi
bagus sesuai pesanan semoga awet pengiriman cepat packing rapih dan aman",
470,paket sudah di terima kak packingan nya amansehingga vinyl nya ga rusak udh di pasangbaguss motif di kirim sesuai yg di pesan makasih kaksukses selalu,,
471,paket sudah di terima kak packingan nya amansehingga vinyl nya ga rusak udh di pasangbaguss motif di kirim sesuai yg di pesan makasih kaksukses selalu,,
472,paket sudah di terima kak packingan nya amansehingga vinyl nya ga rusak udh di pasangbaguss motif di kirim sesuai yg di pesan makasih kaksukses selalu,,
473,paket sudah di terima kak packingan nya amansehingga vinyl nya ga rusak udh di pasangbaguss motif di kirim sesuai yg di pesan makasih kaksukses selalu,,
477,hargamurcee kualitasmantappp desainbaguss yeayyyyyyyy akhirnyaaaaa paketnyaaaa udah nyampe pengiriman nya cepat banget pengemasannya juga super rapi banget pokoknya rekomended deh belanja di sini makasiiii selllerrrr,"hargamurcee
kualitasmantappp
desainbaguss
yeayyyyyyyy akhirnyaaaaa paketnyaaaa udah nyampe pengiriman nya cepat banget pengemasannya juga super rapi banget pokoknya rekomended deh belanja di sini makasiiii selllerrrr",
487,hargabaik kualitasmantap terbaik engga terlalu lama pengirimannya terimakasih next mudah mudahan bisa belanja di toko ini lagi,,
495,hargamurah kualitasoke desainkeren pengiriman cepat order kmrin jm dtg jm pgiwalau ada sedikt patah diujung tp gpp mgkn resiko djalan seller gk ngeh krn order lmyn bykthanks seller n id xpress slalu laris n berkah ya,"hargamurah
kualitasoke
desainkeren
pengiriman cepat order kmrin jm dtg jm pgiwalau ada sedikt patah diujung tp gpp mgkn resiko djalan seller gk ngeh krn order lmyn bykthanks seller n id xpress slalu laris n berkah ya",
496,ini untuk kedua kalinya beli di sini yabagus barangnyatebel pengiriman jg cepat thank you seller,ini untuk kedua kalinya beli di sini yabagus barangnyatebel pengiriman jg cepat thank you seller,
500,hargaokey kualitasmantap terbaik engga terlalu lama pengirimannya terimakasih next mudah mudahan bisa belanja di toko ini lagi,,
501,pembelian kesekian kali nya krn ga bs beli sekaligus banyakjd nya cekout per pc aja selama ini puas bangetpackingan jg aman motif di kirim sesuai yg di pesanjd nya ga dah lantai vinyl nya thanks sellersukses selalu yaa thanks kurirpaket selalu bagus pas di terima,,
502,pembelian kesekian kali nya krn ga bs beli sekaligus banyakjd nya cekout per pc aja selama ini puas bangetpackingan jg aman motif di kirim sesuai yg di pesanjd nya ga dah lantai vinyl nya thanks sellersukses selalu yaa thanks kurirpaket selalu bagus pas di terima,,
503,pembelian kesekian kali nya krn ga bs beli sekaligus banyakjd nya cekout per pc aja selama ini puas bangetpackingan jg aman motif di kirim sesuai yg di pesanjd nya ga dah lantai vinyl nya thanks sellersukses selalu yaa thanks kurirpaket selalu bagus pas di terima,,
504,pembelian kesekian kali nya krn ga bs beli sekaligus banyakjd nya cekout per pc aja selama ini puas bangetpackingan jg aman motif di kirim sesuai yg di pesanjd nya ga dah lantai vinyl nya thanks sellersukses selalu yaa thanks kurirpaket selalu bagus pas di terima,,
505,pembelian kesekian kali nya krn ga bs beli sekaligus banyakjd nya cekout per pc aja selama ini puas bangetpackingan jg aman motif di kirim sesuai yg di pesanjd nya ga dah lantai vinyl nya thanks sellersukses selalu yaa thanks kurirpaket selalu bagus pas di terima,,
514,hargamurah kualitasbagus desainbagus sticker vinyl lantainya bagus dan murah membuat lantai jadi lebih keren pengirimannya juga cepet siang baru checkout malamnya udah sampai hehehehe,,
518,pengiriman cepat sekali barang bagus terimakasih,"pengiriman cepat sekali
barang bagus
terimakasih",
525,hargabagus kualitasbagus maaf ya kak barangnya kok patah mungkin salah kurirnya ato karena emang gak dikasih plastik double,,
529,paket sudah diterimamaaf br di nilai skrg krn baru di pasangbagussss packingan aman sehingga vinyl nya tidak rusak makasih kaksukses selalu,,
530,harga standar kualitasbagus kereb desainlucu cakep bagus terimakasih paket sudah diterima langaung tempel selalu puas dan suka kualitas bagus harga,,
531,hargaterbaikk terima kasih kepada bapak kurir yang menjaga paket dengan baik dan benar bangett,,
533,kualitaskeren bingitsss terima kasih seller terima pak kurir cepat banget datangnya,kualitaskeren bingitsss terima kasih seller terima pak kurir cepat banget datangnya,
535,kualitasproduknya bagus sebenernya produkny bagus tp kurir nya bloon nganternya ditekuk gt jd pada patah smua kesel bangettttttt lain kali kurirr shopee gausah asal gitu bisa gaksih hadeuuu,,
536,bagus bagus yaaaaa coraknyaaaaaaaa harganya juga murah pengirimannyaaaaaaaaaa cepat,bagus bagus yaaaaa coraknyaaaaaaaa harganya juga murah pengirimannyaaaaaaaaaa cepat,
538,bagus bertekstur dan tidak licin barang cepat sampai dan tidak ditekuk terimakasih seller dan kurir,bagus bertekstur dan tidak licin barang cepat sampai dan tidak ditekuk terimakasih seller dan kurir,
539,pengirimannyaaaaaaa cepat harganyaaaaaaaaaa murah packingnyaaaaaaa aman,pengirimannyaaaaaaa cepat harganyaaaaaaaaaa murah packingnyaaaaaaa aman,
553,baguss pengiriman cepat pemasangan juga gampang,baguss pengiriman cepat pemasangan juga gampang,
556,hargabaik kualitasbaik desainbaik sekali terima kak paketnya sampai dgn aman dan bagus bakalan langganan nih kak,,
582,mantap pengiriman nya expresss bgt,,
598,paket dtg cepet pagi psn siang udh dtgvinylnya bagus tp sayang kurang tebel sedikittp its oklahtq ya,,
601,pesanan baru saya terima hari ini dan jumlah vinil sesuai paket lama di ekspedisi saran dong kak kalau bisa sediakan lagi pilihan pengiriman melalui gojek ini sekarang hanya ada reguler dan lamaaa banget di ekspedisinya,,
610,hargaterjangkau kualitasbagus produk originalpngiriman cpatkurir ramah,,
611,kualitasnya bagus warnanya juga sesuai pengiriman cepat tapi packagingnya hanya plastik dan pas sampai sudah robekrobek jadinya vinilnya mungkin di jalan dan ad yg sedikit rusak pinggirnya tp overall oke thank you,kualitasnya bagus warnanya juga sesuai pengiriman cepat tapi packagingnya hanya plastik dan pas sampai sudah robekrobek jadinya vinilnya mungkin di jalan dan ad yg sedikit rusak pinggirnya tp overall oke thank you,
617,harga murah kualitasbagus bngt desainbagus puas bngt beli disini gak pernah kecewa ini beli disini dong pengirimannya juga cepet,,
619,hargastandar kualitasbagus bahan bagus suka kurir jg ramah terimakasih,,
620,hargaoke kualitasoke desainoke packing aman pengiriman cepet sukaaaaaaaaaaa makasih seller semoga berkah selalu usahanyaaa amiin yra,,
621,hargaaffordable kualitassedikit lebih tipis desainwarna bagus seratnya kurang mirip kayu barang yang dikirim tidak sesuai dus beda warna pengiriman cepat karena menggunakan ojek online,"hargaaffordable
kualitassedikit lebih tipis
desainwarna bagus seratnya kurang mirip kayu
barang yang dikirim tidak sesuai dus beda warna
pengiriman cepat karena menggunakan ojek online",
629,pengiriman lumayan packing aman kualitas belum di cek masih dirumah orang tua,,
631,hargamurah kualitasoke maaf baru konfirmasi barang nya udah sampe aman bagus kualitasnya oke pengiriman juga cepat harga murah banget,"hargamurah
kualitasoke
maaf baru konfirmasi barang nya udah sampe aman bagus kualitasnya oke pengiriman juga cepat harga murah banget",
632,hargamuraaahhhh kualitasbagus vinylnya lumayan agak tebal pengiriman juga cepet bangeeettt,,
634,pengiriman cepat packing aman belum cek kualitas karna masih dirumah orang tua,"pengiriman cepat
packing aman
belum cek kualitas karna masih dirumah orang tua",
635,oke semua barangnya bagus pengiriman cepat banget sesuai deskripsi,oke semua barangnya bagus pengiriman cepat banget sesuai deskripsi,
640,pengiriman lumayan packing aman kualitas belum di cek masih dirumah orang tua,,
641,pengiriman lumayan packing aman kualitas belum di cek masih dirumah orang tua,,
642,pengiriman lumayan packing aman kualitas belum di cek masih dirumah orang tua,,
643,pengiriman cepat packing aman belum cek kualitas karna masih dirumah orang tua,"pengiriman cepat
packing aman
belum cek kualitas karna masih dirumah orang tua",
644,pengiriman cepat packing aman belum cek kualitas karna masih dirumah orang tua,"pengiriman cepat
packing aman
belum cek kualitas karna masih dirumah orang tua",
645,pengiriman cepat packing aman belum cek kualitas karna masih dirumah orang tua,"pengiriman cepat
packing aman
belum cek kualitas karna masih dirumah orang tua",
650,barang sudah sampaipengiriman cepat,barang sudah sampaipengiriman cepat,
652,hargamurah kualitasbaik desainbagus ku kira tipis trnyata tebel juga cepet bgt pengiriman nya barang sesuai pesanan good deh thanks saller,,
653,hargalumayan murah kualitasbagus bgt pengiriman cepet bgtkualitas juga bagus pemasangan juga mudahthanks seller,,
655,sudah saya terima dibuat untk meja bagus pengiriman cepat makasih ya efek cahaya jd agak terang disitu reallpict bagus bgt barang tebal,"sudah saya terima dibuat untk meja bagus
pengiriman cepat
makasih ya
efek cahaya jd agak terang disitu reallpict bagus bgt
barang tebal",
673,barang bagus tp pengiriman nya yg bikin kesel malah dilipet ni barang,,
677,kualitas produk sangat baik kecepatan pengiriman sangat baik,kualitas produk sangat baik kecepatan pengiriman sangat baik,
678,kualitasbaik hargabaik sangat mantap sangat berkualitas sempat kaget pas dapet paket dikira saya isinya cuma taunya isinya di lipat lapis saya suka dan insya allah bermanfaat semoga awet terimakasih seller sukses selalu mantap,,
679,hargaterjangkau kualitasbagus pengiriman lama,,
682,hargamurah kualitasoke paketnya udah sampe kak lengkap sesuai pesanan produknya bagus kualitas oke harga bersahabat murah tapi gak murahan packing rapi dan aman terima kasih kakak next order lagi,,
685,hargaterjnagkau kualitasbaik pengiriman cepat pengemasan rapi harga terjangkau semoga selalu amanah,"hargaterjnagkau
kualitasbaik
pengiriman cepat pengemasan rapi harga terjangkau semoga selalu amanah",
689,kecewa beli variasi yg warna tolong lain kali sebelum dikirim benerditeliti kmbali mau beli lagi jadi takut kecewa lgi pengiriman cepat,"kecewa beli variasi yg warna
tolong lain kali sebelum dikirim benerditeliti kmbali
mau beli lagi jadi takut kecewa lgi
pengiriman cepat",
692,kualitasbagus hargamurah kualitas baik respon penjual ramah produk bagus kecepatan pengiriman baik,"kualitasbagus
hargamurah
kualitas baik respon penjual ramah produk bagus kecepatan pengiriman baik",
699,wow banget kecepatan pengirimannya cuma salahnya di ekspedisi ada beberapa yg repis pinggirannya,wow banget kecepatan pengirimannya cuma salahnya di ekspedisi ada beberapa yg repis pinggirannya,
700,kualitasbagus hargabersaing packing aman respon dan pengiriman cepat terima kasih banyak ka,"kualitasbagus
hargabersaing
packing aman respon dan pengiriman cepat terima kasih banyak ka",
701,kualitasbagus hargaterjangkau pesanan ke di toko ini alhamdulillah barangnya bagus g ada yg rusak sama sekali pengirimannya pake id express cepet nyampenya puas sekali,,
704,kualitasbaik hargabaik pengiriman lama bukan salah tokonya nya tapi respon toko baik,,
706,kualitasbaguuuusss hargaterjangkau kwalitasnya bagus lemnya lgsg nempelkelemahannya hanya pd saat pengirimanlama banget sampai lbh seminggu selain itu ok bangettp saya msh krg lembar lgkalo lgsg pesen bs lgsg dikirim gk ka,,
710,hargamurce kualitasoke bngt produk memuaskanbhn tebalpengiriman super cepatskrg psn lngsg on proses,"hargamurce
kualitasoke bngt
produk memuaskanbhn tebalpengiriman super cepatskrg psn lngsg on proses",
712,bagus bangetttttt harganya paling murah drpd toko sebelah kualitas bagus pengiriman pake instant cepet banget top dah,,
714,hargabersahabat kualitasoke paketnya udah sampe kak lengkap sesuai pesanan produknya bagus kualitas oke harga bersahabat murah tapi gak murahan packing rapi dan aman udah berkali kali beli disini next order lagi terima kasih kakak,,
716,hargamurah kualitasoke paketnya udah sampe kak lengkap sesuai pesanan produknya bagus kualitas oke harga bersahabat murah tapi gak murahan packing rapi dan aman next order lagi terima kasih kakak,,
718,hargaterjangkau kualitasbaik sangat bagus pengiriman cepat,"hargaterjangkau
kualitasbaik
sangat bagus pengiriman cepat",
719,hargamurah banget kualitaskualitas bagus banget pengiriman cepat baru pesan lgsg sampe akan repeat order soon,"hargamurah banget
kualitaskualitas bagus banget pengiriman cepat baru pesan lgsg sampe akan repeat order soon",
729,hargamurah kualitasbagus banget pengiriman nya cepat,"hargamurah
kualitasbagus banget
pengiriman nya cepat",
730,kualitasalhmdulillah paket vinil lantai sdh sy trima lupa vidio krn mmg blm sy buka jg,,
733,hargabersahabat kualitassangat baik mantappp jumlahnya pas product ga ada cacat packing rapi pengiriman tepat waktu bakalan repeat order nih min,,
737,hargamurah kualitasok tebal vynilnya paket sampai dgn aman ga ada kerusakan tebal juga vynilnya mw order lg rencananya,,
749,hargaterjangkau kualitasbaik pengemasan rapi pengiriman cepat semoga selalu amanh,"hargaterjangkau
kualitasbaik
pengemasan rapi pengiriman cepat semoga selalu amanh",
754,hargapaling murah kualitasrelatif lebih tipis ada bbrp bagian yg defect karena produksi desainok harga murah pengiriman lama pengemasannya barang sesuai pesanan jumlah dan motifnya,,
756,kualitastop desain tip makasig banyak sellernya cpet banget respon dan pengirimannya cepat pesan jam terima jam siang di hari yg sama greatttt,"kualitastop
desain tip
makasig banyak sellernya cpet banget respon dan pengirimannya cepat pesan jam terima jam siang di hari yg sama greatttt",
763,hargaharga oke kualitasbagus kedua kalinya order disini respon pengiriman cepat packing baik barang juga oke,"hargaharga oke
kualitasbagus
kedua kalinya order disini respon pengiriman cepat packing baik barang juga oke",
765,pengiriman sangattttt cepat sukses selalu seller,pengiriman sangattttt cepat sukses selalu seller,
768,cakep banget pengiriman kilaaatttt,,
769,paketnya udah nyampe sesuai pesanan ya dan gambarnya real picture makasih ya seller,,
781,harga cukup murah kualitasbagus desainbagus pengiriman ny lambat to syukur kualitas barang ok,,"harga cukup murah
kualitasbagus
desainbagus
pengiriman ny lambat to syukur kualitas barang ok"
792,pengemasan rapih penjualnya ramah pengiriman cepat produk bagus terimakasih banyak,pengemasan rapih penjualnya ramah pengiriman cepat produk bagus terimakasih banyak,
794,hargamurah kualitasbagus bgt bakal beli lagi cuma males bgt pengiriman lama bgt g ampe kesel bgt krna terlalu lama,,
795,seller bertanggung jawab sekali dicarikan solusi yg paling baik karena td ada kendala pengiriman barang bagus tidak ada cacat sukses selalu hanya saja kelemahan di ekspedisinya semoga pakai gosend atau grab instan saja gausah oake shpee instan sudah sering kecewa pake jasa kurir tsb,,
812,kualitasbagus sesua foto kurirnya jg ramah maksi yah seler,,
814,paket sudah diterimamaaf br di nilai skrg krn baru di pasangbagussss packingan aman sehingga vinyl nya tidak rusak makasih kaksukses selalu,,
822,"hargaharga lumayan murah kualitasbagus banget pengiriman secepat kilat bner""kmrin pesen bsk pagi udh sampe","hargaharga lumayan murah
kualitasbagus banget
pengiriman secepat kilat bner""kmrin pesen bsk pagi udh sampe",
829,hargalmyn murah kualitasbagus desainbagus kurirnya bagus banget,,
832,hargam kualitastipis haduhh cuma dibungkus karung tipis ga ada pengaman paket nyampe barang sudah,,
835,kualitaspengiriman cepat barangnya bagus,kualitaspengiriman cepat barangnya bagus,
838,hargaterjangkau kualitassemoga bagus desainsemoga menarik produk dah sampe dengan selamat dan semoga aja sesuai karena ini punya temen jadi gak berani bukanya hehe pengiriman cepet cuma hari,,
842,pengiriman lama respon penjual lama tapi kualitas barang bagus recommended,,
848,hargaoke kualitasoke pengiriman dan pelayanan sangat baiktks,,
856,hargaoke kualitasbahannya tebal ya untuk pengiriman cepat dan pengemasan juga ok bakalan langganan sih,"hargaoke
kualitasbahannya tebal ya
untuk pengiriman cepat dan pengemasan juga ok bakalan langganan sih",
864,hargamurah kualitasbaik bagus pengiriman cepat,"hargamurah
kualitasbaik
bagus pengiriman cepat",
891,pengirimana cepat sekali pengemasan jg rapih next order lg,pengirimana cepat sekali pengemasan jg rapih next order lg,
894,barang bagus sesuai trus harga juga lumayan terjangkau kurir juga ramah,,
967,sangat baik pengiriman sangat bagus,,
975,hargaterjangkau kualitasbaik kualitas baik original harga terjangkau kecepatan pengiriman baik respon penjual baik,"hargaterjangkau
kualitasbaik
kualitas baik original harga terjangkau kecepatan pengiriman baik respon penjual baik",
977,sesuai pesanan pengiriman jg cepat good job,sesuai pesanan pengiriman jg cepat good job,
1003,pengirimannya cepat jumlahnya pas,pengirimannya cepat jumlahnya pas,
1004,pembelian ke pengiriman cepat,pembelian ke pengiriman cepat,
1041,makasih pengiriman cepat barang ok,makasih pengiriman cepat barang ok,
1067,hargamurah kualitasbagus barang bagus gak terlalu tipis pengiriman cepat nex order lgi soal nya masih kurang,"hargamurah
kualitasbagus
barang bagus gak terlalu tipis pengiriman cepat
nex order lgi soal nya masih kurang",
1070,bagus masangnya jg gampang kemasan aman pengiriman cepet juga,,
1073,kualitas produk sangat baik pengiriman standar packing aman,,
1074,kualitas produk sangat baik pengiriman standar packing aman,,
1075,kualitas produk sangat baik pengiriman standar packing aman,,
1076,kualitas produk sangat baik packing sangat baik pengiriman lumayan dari banyak nya order ada beberapa yang rusak,,
1077,pengiriman lumayan packing aman kualitas produk sangat baik,,
1078,kualitas produk sangat baik packing aman pengiriman lumayan,,
1084,hargabaik kualitasbaik desainbaik kualitas produk sangat baik kecepatan pengiriman sangat baik respon penjual sangat baik,"hargabaik
kualitasbaik
desainbaik
kualitas produk sangat baik kecepatan pengiriman sangat baik respon penjual sangat baik",
1085,hargabaik kualitasbaik desainbaik kualitas produk sangat baik kecepatan pengiriman sangat baik respon penjual sangat baik,"hargabaik
kualitasbaik
desainbaik
kualitas produk sangat baik kecepatan pengiriman sangat baik respon penjual sangat baik",
1099,harga bagus mantap kualitasbagus paket sudah sampai paket sesuai pesanan semoga awet penjual amanah,,
1100,kecepatan pengiriman sangat baik kualitas produk sangat baik respon penjual sangat baik,kecepatan pengiriman sangat baik kualitas produk sangat baik respon penjual sangat baik,
1101,hargaoke kualitasoke desainoke package rapi pengiriman cepet bahan oke harga oke banget top markotop dah recommend seller,,
1102,hargagood kualitasgood desaingood packing rapi pengiriman cepet bahan oke harga oke banget dan recommend seller top dah,,
1107,hargaoke kualitasoke desainoke barang oke packing oke pengiriman oke nanti beli lagi semoga awet top bgt deh,,
1110,walazollpun lebaran tetap ada pengiriman cepet banget suka sukaa banget da repeat oder je kali looo,,
1111,walazollpun lebaran tetap ada pengiriman cepet banget suka sukaa banget da repeat oder je kali looo,,
1112,hargabagus kualitasoke desainbaik baguslah pengiriman cepat respon baik semoga lancar rekomen dan makasih,"hargabagus
kualitasoke
desainbaik
baguslah pengiriman cepat respon baik semoga lancar rekomen dan makasih",
1119,kualitas bagus pengiriman lama,,
1122,bagusss bangettttt pengiriman cepat bagusss bangettttt pengiriman cepat bagusss bangettttt pengiriman cepat bagusss bangettttt pengiriman cepat bagusss bangettttt pengiriman cepat bagusss bangettttt pengiriman cepat bagusss bangettttt pengiriman cepat bagusss bangettttt pengiriman cepat,bagusss bangettttt pengiriman cepat bagusss bangettttt pengiriman cepat bagusss bangettttt pengiriman cepat bagusss bangettttt pengiriman cepat bagusss bangettttt pengiriman cepat bagusss bangettttt pengiriman cepat bagusss bangettttt pengiriman cepat bagusss bangettttt pengiriman cepat,
1130,harga cukup murah kualitasoke desainoke pengiriman cepat barang mantuuuuuuuul dengan harga segitu,"harga cukup murah
kualitasoke
desainoke
pengiriman cepat barang mantuuuuuuuul dengan harga segitu",
1131,terima kasih barang sesuai dengan pesanan pengiriman cepat sekali,terima kasih barang sesuai dengan pesanan pengiriman cepat sekali,
1137,baranggggg sudahhh diterimaaa dengan baikkkk pengirimann cepat udahhh jadi langganannnnn,baranggggg sudahhh diterimaaa dengan baikkkk pengirimann cepat udahhh jadi langganannnnn,
