,"Reviews with the words courier, delivery etc",Reviews with the word fast,Reviews with the word slow
2,hargamurahhhhh kualitassangat bagus pengiriman nya cepatbarangnya baguskwalitas barang ajibbbbbjangan ragu beli di toko ini,"hargamurahhhhh
kualitassangat bagus
pengiriman nya cepatbarangnya baguskwalitas barang ajibbbbbjangan ragu beli di toko ini",
6,pengiriman cepatpengemasannya juga aman dan rapihbarang sesuai dengan pesanandeskripsi dan gambar respon sellernya cepatbaiksopan sukses terus untuk sellernya terimakasih,"pengiriman cepatpengemasannya juga aman dan rapihbarang sesuai dengan pesanandeskripsi dan gambar
respon sellernya cepatbaiksopan
sukses terus untuk sellernya
terimakasih",
13,paket udah ditrimabagus walaupun agak tipis hrs karna gampang sobek,,
20,kualitasbarang bagus sesuai pesanan hargaterjangkau pengiriman cepat dan memuaskan,"kualitasbarang bagus sesuai pesanan
hargaterjangkau
pengiriman cepat dan memuaskan",
22,murah kualitassangatsangat okay pengirman sangat cepatkurir sangat ramahmantulll,"murah
kualitassangatsangat okay
pengirman sangat cepatkurir sangat ramahmantulll",
24,kualitasbagus hargabagus barqng yang dikirim sesuai pesanan jumlah lengkap pengiriman cepat seller responsif,"kualitasbagus
hargabagus
barqng yang dikirim sesuai pesanan jumlah lengkap pengiriman cepat seller responsif",
37,kualitaskualitas baiklebih tebal dari vynil gulungam respon penjual baguspengirimannya juga cepet hargalumayanmurah,,
39,pengiriman cepatpengemasannya juga aman dan rapihbarang sesuai dengan pesanandeskripsi dan gambar respon sellernya cepatbaiksopan sukses terus untuk sellernya terimakasih,"pengiriman cepatpengemasannya juga aman dan rapihbarang sesuai dengan pesanandeskripsi dan gambar
respon sellernya cepatbaiksopan
sukses terus untuk sellernya
terimakasih",
41,kualitasgood hargamurah produk bagus cuma ada kendala di pengiriman barang sampe minggu padahal sama sama jakarta tapi its okay lah maklum belinya pas lagi mungkin pengiriman membludak thanks seller and kurirnya,,
42,kualitasbagus hargalumayan paket sampai dengan aman dan lengkap next order lagi,,
48,kualitasbagus hargalumayan paket sudah dtng dari kmrn cmn baru sempet kasih nilai barangnya bagus bnget packingnya juga rapih the best bnget pokoknya makasih seller dan shopee,,
