username,date,variation,rating,comment
lemonncrew,2022-02-13 17:06:24,"oldskool,41",5,Barang bagus bangettt tidak mengecewakan saya sangat suka langganan terus👍
aprilia12_____,2022-01-13 21:47:39,"oldskool,39",1,Mesen Uk 39 dikirim 43 apaini MISKAHHHHH!!!!! NIAT GA SI JUALAN:)
madinlgbabussalam,2021-03-23 16:00:26,"oldskool,40",5,Alhamdulillah barang bagus sesuai harapan ongkirnya murah respon chat cepat Alhamdulillah terima kasih wassalamualaikum warahmatullahi wabarokatuh
fp_storeid,2021-06-11 13:58:21,"oldskool,42",4,"Barang sudah sampai dengan cepat
Barang bagus,
Minus di packing, ga pake pengamanan (dus /bubble)"
rizalne1804,2021-04-25 14:03:37,"oldskool,40",4,"Okey cukup wort it untuk harga segitu,, kalo mau yang kainnya tebel ya beli yg 100 k"
dintro_2608,2022-01-03 12:24:14,"oldskool,44",5,"Pengiriman cepat, kualitas sesuai harga,dari samping keren kalo dari atas agak jelek lemny ada yang gk rapih tapi gpp saya suka 👍"
meiliabellacitra,2021-01-13 20:07:16,"oldskool,43",5,gooooiiiddddddddd cepeeeettttt dtg nyaaaahhhhhh asliiiiiiiii
ekoskw471,2022-03-02 21:36:57,"oldskool,40",5,
destianggari,2021-02-04 20:16:10,"oldskool,42",3,KnpaTalinya cma1 doang😭😭
agoeng1144,2022-03-04 21:37:58,"oldskool,Kaos Kaki",1,tidak sesuai
febrifebri560,2022-01-22 18:17:34,"oldskool,40",1,Bahan tidak sesuai gambar
tohapenggombalcuinta,2021-12-02 13:56:05,"oldskool,42",5,Mantappp
meidyyramandaa,2022-01-11 22:05:56,"oldskool,42",5,"Bagus , no cacat. ,murce , kurir ramah
Next order lagi ,thx u seller"
aldygsx19,2021-10-29 20:16:09,"oldskool,41",2,"Tidak sesuai harapan, Logo Vans di belakang nya hitam putih, terlalu dominan keliatan KW.

Logo Vans di Depan nya juga gak ada, polos banget.

Sesuai harga lah, gocap. Ada yg lebih murah dari ini 1:1 model sama yg ori malah .. Jadi kecewa. Gak amanah. Gak Real Pict."
wiwinkuswara,2021-11-10 16:30:33,"oldskool,42",4,Makasih dah nyampe..tpi tolong nanti lgi di cek yah.. Aq order size 42 dateng 43 kegedean ini... 🙃🙃🙃🙃🙃🙃🙃🙃🙃🙃🙃🙃🙃🙃🙃🙃🙃🙃🙃🙃🙃🙃🙃🙃🙃🙃🙃🙃🙃🙃🙃🙂🙂🙂🙂🙂🙂🙂🙂🙂🙂🙂🙂🙂🙂🙂🙂🙂🙂🙂🙂🙂🙂🙂🙂🙂🙂🙂🙂🙂🙂🙂🙃🙃🙃🙃🙃🙃🙃🙃🙃🙃🙃🙃🙃🙃🙃🙃🙃🙃🙃🙃🙃🙃🙃🙃🙃🙃🙃🙃🙃🙃🙃🙃🙃🙃🙃🙃🙃🙃🙃
u*****8,2022-01-11 05:43:15,"oldskool,39",5,Bagusss bangett tapi sayangg kepanjangan 😂.padahal dah ambil uk.paling kecil
lindha1205,2022-01-06 17:51:23,"oldskool,40",4,Barang nya bagus banget sukakkk.. terimakasih seller.. tapi kurang rapi dalam mencetak..
lhttyeoki3,2021-03-19 11:58:51,"oldskool,40",5,"Pengiriman cepat, barang real pict, seller ramah. Harga termurah. Thnk seller❤"
azilmasha,2022-02-17 14:46:00,"oldskool,41",5,"bagus bro... recomend... 
tapi info aja kalo beli turunin 1 nomer 😂😂
soalnya ak pake size 41 biasa,, ini size 41 gede bgt bgt bgt 😂😂😂"
septinahsihotang,2022-01-18 14:58:57,"oldskool,40",5,sangat suka ini nomor 40 barang bagus sesuai gambar pengiriman cepat pokoknya patennttttt👍👍👍👍
pcgldikj8q,2021-12-09 18:13:41,"oldskool,44",5,"Alhamdulilah barang nya tidak mengecewakan🥰
Makasih🙏"
cukuiktaudent,2021-03-17 07:47:35,"oldskool,42",4,Lumayan lah dengan harga segini..tapi barang nya lama nyampeh agak kcewa dikit lah....smoga awet  spatunya
torislb,2021-03-02 15:45:52,"oldskool,43",5,"Barang ok tpi ngk isi tali mohon disi iya 
Sukseme shoppe kuril rama saya suka mudah2 kedepan lebih lancar lg "
vcr_9fvd07,2021-01-19 16:58:07,"oldskool,Kaos Kaki",5,Bagus bangeut sepatunya... next order lagi.. ngga nyesel order di toko ini.. recomended banget ❤
g2jyvryqzc,2021-01-20 11:19:54,"oldskool,Kaos Kaki",5,Keren banget sepatunya.. nggak nyesel order di toko ini.. recomended 🖤
k*****2,2022-01-08 13:47:58,"oldskool,43",5,Kayanya kekecilan untuk ukuran 43 😪😪😪
a*****1,2021-12-05 14:59:44,"oldskool,42",4,"Tali sepatu yang dikirim putus, astaga"
vivinsonia,2021-10-26 14:17:16,"oldskool,39",5,
rere_resita27,2021-01-09 14:42:38,"oldskool,39",5,"Tetep aku kasih bintang 5 walaupun pengiriman agak lama ya mungkin karena libur 😄
Kirain bakal ada kardusnya tau nya cuma pake plastik tapi engga apa apa lah 😄"
ia2lbfisa8,2021-04-14 14:44:43,"oldskool,Kaos Kaki",5,Mantap.. sangat sesuai dengan aslinya.. recomended seller 👍
3k8jjrfxjd,2021-04-20 19:58:29,"oldskool,Kaos Kaki",5,"Alhamdulillah sesuai dengan pesanan dan gambar, pengiriman cepat, seller ramah, harga juga murah. Pertahankan seller💯👍"
hildaalfina_00,2022-03-02 14:50:14,"oldskool,40",5,Mantap barangnya bagus dan realfict 😍
azilsrp67,2022-03-02 22:16:40,"oldskool,40",2,
cioe4vttye,2022-02-25 15:58:36,"oldskool,41",5,
bayu_raditya1515,2022-02-25 11:59:42,"oldskool,43",5,
p*****0,2022-02-24 16:37:29,"oldskool,40",4,
0_bt8k1m1j,2022-02-14 13:18:27,"oldskool,42",3,Barang bagus tapi nyampe nya lama ya hehe😁
bjubbcctqa,2022-02-11 15:49:36,"oldskool,42",5,oke sih lumayan bagus
iputudikadarmadika,2022-02-11 20:04:16,"oldskool,40",2,
fitasary365,2022-02-08 18:08:34,"oldskool,39",4,Paket realpick banget cma agak kebesaran aj
muamadhusni,2022-01-28 10:33:17,"oldskool,39",5,Barang nya sesuai dengan foto nya
a*****5,2022-01-14 15:35:53,"oldskool,42",5,
hideng31,2022-01-12 17:49:47,"oldskool,43",5,
tyasp23,2021-12-24 22:04:58,"oldskool,43",3,Tali nya kurang satu kak
fachrimiftah,2021-12-18 18:50:02,"oldskool,39",4,👍👍
rexxonrexon,2021-12-19 16:37:53,"oldskool,40",5,
capudinanto024,2021-12-15 10:18:56,"oldskool,42",5,Barang nya sangat bgus kak👍
hendraugfujh,2021-12-07 22:37:42,"oldskool,43",4,
muldiyanur123,2021-12-03 09:58:20,"oldskool,40",4,Agak kecewa karena ukurannya kegedean
adingsummit,2021-11-23 06:31:56,"oldskool,40",5,Mantap
gratisongkir969,2021-11-02 22:52:53,"oldskool,39",5,
teguh_gupret,2020-12-16 16:22:13,"oldskool,42",1,Harga segitu lmyn buat ngrmpt.
pertaaldah.,2021-04-07 15:14:55,"oldskool,41",5,Bagus kok bhn ny
fathma_kenyeh,2021-10-28 23:33:58,"oldskool,44",4,Dengan harga segituuu lumayan lahhhhh semoga awettt yaaaaa
ramdangodam,2022-02-19 15:45:37,"oldskool,40",5,Barang dah sampe tujuan dengan kondisi baik dan bagus 👍
wahyubudiman111,2022-02-14 07:58:32,"oldskool,43",1,"Untuk harga sesuai brang, kurang rapi di sambungan"
1*****t,2022-02-12 22:20:43,"oldskool,41",5,"Barangnya bagus, sesuai yg diinginkan . Trima ksh🙏🙏"
aryasyukri,2022-02-09 21:37:26,"oldskool,41",1,Sya sangat kecewa masa kekecilan padalan udh mesan yg besar detng nh yg no 39
andika_prtma231206,2022-01-29 17:11:12,"oldskool,42",5,"Tipis bgt bawahnya, bahanya tipis juga, sesuai harga si"
feby7546,2022-01-16 13:06:13,"oldskool,42",5,アイテムは悪いです、それはまだ使われていません、それはすでに引き裂かれています、それはsletodと同じくらい薄いです、それはスマックです 固体、基本的にディスプレイと同じ
rannu612,2022-01-18 08:45:05,"oldskool,43",5,"Alhamdulillah barangnya bagus,dan pengirimannya jga cepat👍"
agungcahmblem,2021-11-18 20:53:17,"oldskool,42",1,"Sangat kecewa udah pengiriman lama,produk ga sesuai pict..kecewa bgt,,kapok order di toko ini"
f*****l,2021-10-23 02:39:11,"oldskool,39",2,"Kecewa bgt , sepatunya kebesaran .pilih ukuran 39 sampai rumah ukurannya L ,  pengemasan nya juga lama 2 hari"
n*****i,2021-01-18 09:15:06,"oldskool,40",2,"Helm Agak nyesel sii mesen sepatu nya soal nya yg di pesan apa yg dikirim apaa .saya beli ukuran 40 saya pesen 2 sampai nya emg dua cuman beda"" ukurann hemm"
dinaaaaayuni_,2020-12-14 22:21:57,"oldskool,41",5,"Pengiriman waktu memang tepat tapi sayang pesanan kali ini ko alamatnya bisa salah cetak jd TDK sampai ke alamat saya malah ke alamat orang lain!!.
Untung orang nya jujur langsung hubungi saya..
Tolong yah perhatikan lagi "
satriawirdana12441085,2021-07-05 13:48:27,"oldskool,41",4,Motiv garisnya krg sesuai
o80i68d4is,2021-01-22 15:51:58,"oldskool,43",5,"Toooppp....jshrjrjdjkwhhwhwjjwdvjfkfkwhbwhwjdjhdbevhdjdjevwvshhdbevwpwwbwvvwbwvsbbdbdbdb saya suka ... saya suka ...., pwhdhhehwfaujqvevdjfpsvbdkfjnfbdbbsbbdbbbnjdjsj makasih semua
"
cgy7tu_wm3rba03dqihx1yu9_mml,2021-01-24 18:54:37,"oldskool,41",5,
anurnas,2021-03-26 10:29:35,"oldskool,39",5,Admin nya ramah bgt👍😊 produk nyman di pakai dan bagus 
ritodermawan,2021-06-19 11:54:31,"oldskool,43",4,"pengiriman cepat, barang lumayan bagus untuk harga segitu, min paket tidak menggunakan kotak khusus sepatu"
rizalmoh12,2021-01-29 20:29:17,"oldskool,40",5,
7wd8tx9vb7,2022-01-18 17:40:56,"oldskool,41",1,
egipatama,2022-03-06 16:42:42,"oldskool,42",3,Lebih di rapikan lagi dalam hal pengeliman ya ka
syahruliqbal306,2022-03-04 19:48:35,"oldskool,39",4,Ok lh klo harga segitu
f*****2,2022-03-13 01:14:52,"oldskool,42",4,Produk ini bagus dan berkualitas
i*****4,2022-03-15 05:50:26,"oldskool,40",2,Sepatunya kurang baik kak
anggy440,2022-03-12 17:08:18,"oldskool,42",1,Hahahaha... Ya bgtulah brader...
dimas367577,2022-02-27 18:12:49,"oldskool,39",5,"Sedikit kebesaran tapi GPP, barang bagus"
hafidz738,2022-02-02 23:45:04,"oldskool,39",5,pengiriman cepet packing juga rapi top mazseehh
aminoke155,2022-02-02 19:39:48,"oldskool,40",4,Sepatu nya lebar banget
nanacsila,2022-01-14 19:46:40,"oldskool,41",5,Bagus dan lumayan rapih
f_ac78h4lr,2022-01-13 21:56:24,"oldskool,41",5,Real
syahkianarrasdid,2022-01-09 14:39:53,"oldskool,41",5,Sesui dg hrga kurang lengket lem nya
amirullah.jamil29,2021-12-12 10:32:35,"oldskool,41",4,Mantap
abityusranyusran,2021-12-09 16:08:45,"oldskool,42",5,Bagus
sesidestriani_,2021-11-26 13:53:30,"oldskool,41",5,Sesuai
tvsp5566,2021-11-11 13:49:52,"oldskool,44",5,Oke
robani2003,2021-11-15 10:47:29,"oldskool,40",5,Mantap
123ayif_,2021-11-18 08:42:29,"oldskool,42",5,Mantap cepet banget pengirimannya
h*****7,2021-11-05 12:19:16,"oldskool,39",5,Barangnya oke lah. Maaf gk smpat foto. Pesanan orang. Pengiriman cepat. Packing standar. Klo bisa tambahin kardus lah
kery_al,2021-11-07 15:13:42,"oldskool,40",5,Sayngat bagus ya kak sesuai di foto
pipit_fitriyah1979,2021-10-19 17:51:08,"oldskool,41",4,Sesuai harga
monikaserrywati,2021-10-26 13:47:52,"oldskool,40",5,"Bagus,,
Cuma pengemasannya agak lamaa.."
bintang697865,2021-10-30 18:44:10,"oldskool,42",3,Bagus untuk ukuran harga segitu
nandiwirawan,2021-04-08 16:01:17,"oldskool,44",5,Lumbayan dengan harga segitu
andi240304,2021-08-05 23:03:12,"oldskool,42",2,Lemayan bagus
sigitprayogajrhh,2021-01-16 20:39:02,"oldskool,44",5,Gg geming kata ilham
ptpuspita.sari,2021-04-12 17:54:28,"oldskool,43",5,Bagus banget terimakasih terimakasih terimakasih terimakasih terimakasih terimakasih terimakasih terimakasih terimakasih terimakasih terimakasih terimakasih terimakasih
bayupatama,2021-01-23 09:52:02,"oldskool,39",5,"Hakskdbdbdmdkdbdkxododkdksldkdjdkdod
Skdksododhdhdidodididoosksksksos
Sksosososospeosjidosksnsos
Sisoelnsisplsbsis0lsm"
ranggaputra_11,2021-06-27 20:54:53,"oldskool,41",5,"Mantap,cepet sampai barangnya"
rizwan_jhon12345678910,2020-12-17 12:58:02,"oldskool,42",1,Tidak sesuai
novitaeka2809,2021-03-12 00:33:07,"oldskool,43",5,Mantap
muhyipw,2020-12-19 13:58:30,"oldskool,44",5,Mantap
alfian_fadhil06,2022-03-11 08:02:15,"oldskool,40",5,
azizahh2109_99,2022-03-03 08:35:29,"oldskool,41",3,
ady27111,2022-03-03 19:39:41,"oldskool,39",3,
rizkitolol1234,2022-03-05 13:27:20,"oldskool,42",5,
ronynykece,2022-03-14 23:16:56,"oldskool,40",5,
ramdhan2725,2022-03-02 10:04:40,"oldskool,43",4,
habibhasanabdillahhh,2022-03-03 12:27:08,"oldskool,44",4,
megapro07,2022-03-05 14:03:15,"oldskool,44",4,
cs0hxmua_3,2022-03-05 14:27:27,"oldskool,40",5,
yosse.yosse,2022-03-05 18:01:59,"oldskool,42",5,
martunismartunis480,2022-03-06 19:16:15,"oldskool,43",5,
viin4you,2022-03-07 12:24:34,"oldskool,40",5,
wellysiregar789,2022-03-08 17:17:11,"oldskool,39",5,
aditreza1,2022-03-03 16:50:07,"oldskool,39",5,
36.maulanamuhammadfaysal,2022-03-12 14:43:05,"oldskool,42",5,
cctvlampungggjreennkk,2022-03-14 18:15:31,"oldskool,40",5,
riyadi03alhidayah,2022-03-01 23:02:20,"oldskool,42",4,
selfiartamefia,2022-03-10 22:06:36,"oldskool,39",4,
3ehl2hsaye,2022-03-03 23:30:26,"oldskool,42",2,
sryylasminii,2022-03-01 18:02:25,"oldskool,39",5,
robyfatma0602,2022-02-27 08:45:25,"oldskool,44",5,
aldiafrian836,2022-02-28 20:02:41,"oldskool,40",3,
dickykrisnaldi711,2022-02-28 21:18:22,"oldskool,42",2,
bcveb8u78r,2022-02-28 13:29:48,"oldskool,42",5,
kadekah_shop,2022-02-23 12:45:23,"oldskool,41",4,
muhammadbayu4,2022-02-24 10:13:08,"oldskool,41",5,
chesya.syaa18,2022-02-26 19:42:51,"oldskool,40",5,
fjrilham13,2022-02-23 22:24:00,"oldskool,39",4,
fhri01,2022-02-25 22:03:27,"oldskool,41",5,
patimah150904,2022-02-25 13:54:13,"oldskool,39",5,
putriyourbaee,2022-02-25 07:35:43,"oldskool,41",5,
jago7100,2022-02-22 01:08:16,"oldskool,41",5,
leonleon060,2022-02-22 13:58:40,"oldskool,42",5,
sndhebdudbejendndhdbebd,2022-02-22 13:09:40,"oldskool,43",5,
19092002_4,2022-02-19 17:16:03,"oldskool,43",5,
riskamayanti01,2022-02-21 12:59:21,"oldskool,42",3,
rinaldifaldy,2022-02-19 06:43:40,"oldskool,39",5,
arinta_trihapsari,2022-02-19 13:04:18,"oldskool,39",1,
hendrik_saputra1,2022-02-19 09:03:50,"oldskool,42",5,
rannrann737,2022-02-19 13:27:41,"oldskool,41",4,
rizanovaliadewi,2022-02-12 15:41:44,"oldskool,40",5,
nikddewiastuti1991,2022-02-12 16:06:04,"oldskool,44",4,
_muhammadrafli_,2022-02-10 18:11:58,"oldskool,43",5,
25_03.93,2022-02-08 07:41:36,"oldskool,40",5,
widiyastutiaskara,2022-02-11 20:08:12,"oldskool,42",5,
n*****a,2022-02-14 22:17:31,"oldskool,43",5,
zacky1401,2022-02-13 20:38:59,"oldskool,44",4,
andyalif685,2022-02-14 17:43:19,"oldskool,41",5,
muhammadredil,2022-02-12 19:12:56,"oldskool,44",4,
c5nd91lhz4,2022-02-14 12:45:38,"oldskool,42",2,
alfian_fadhil06,2022-02-14 17:37:35,"oldskool,40",5,
1t4d0beix_,2022-02-12 20:23:19,"oldskool,39",1,
abilaldean27,2022-02-10 14:12:11,"oldskool,44",4,
sunflower.id2,2022-02-08 21:16:45,"oldskool,43",5,
el2f4dnd39,2022-02-09 00:03:27,"oldskool,40",4,
frengkyfrengky372,2022-02-09 08:58:00,"oldskool,40",2,
yusriramadhanhs,2022-02-03 18:57:41,"oldskool,39",5,
fahrisyihabudin,2022-02-07 12:48:46,"oldskool,40",4,
jihanamandacitradewi,2022-02-07 22:24:56,"oldskool,40",4,
ninukasih,2022-01-19 15:46:23,"oldskool,40",5,
novalnoval768,2022-02-03 17:07:19,"oldskool,44",5,
claraagnesmaleke,2022-02-02 10:20:11,"oldskool,42",5,
mirandayumna,2022-02-02 16:22:23,"oldskool,43",5,
samsulhidayatulloh646,2022-01-31 22:16:22,"oldskool,44",4,
andikaputra163,2022-02-01 21:53:24,"oldskool,44",5,
abid_jr1305,2022-01-31 06:45:53,"oldskool,41",1,
ranaaf666,2022-01-30 18:01:48,"oldskool,40",4,
putriayu1103,2022-01-20 10:44:19,"oldskool,39",5,
adinda123_.45,2022-01-30 22:44:50,"oldskool,40",5,
7fipiwxqos,2022-01-29 12:50:22,"oldskool,41",5,
semangkahijauu,2022-01-26 11:05:02,"oldskool,42",5,
7y83s1lhvz,2022-01-26 14:10:51,"oldskool,40",5,
kevin_arya_pratama095,2022-01-25 20:25:08,"oldskool,44",4,
suryafadilah99,2022-01-26 18:23:48,"oldskool,42",3,
kulyana2501,2022-01-21 15:51:58,"oldskool,41",5,
tialistyani448,2022-01-15 17:25:12,"oldskool,44",5,
riszapramudita,2022-01-22 20:46:27,"oldskool,39",4,
rinaldi.02r,2022-01-24 13:19:04,"oldskool,40",5,
vidi.arnanda,2022-01-20 02:30:05,"oldskool,43",5,
j8k1vre6p_,2022-01-21 23:38:09,"oldskool,40",5,
a*****b,2022-01-14 16:49:26,"oldskool,41",5,
ham7v4gazn,2022-01-21 21:06:25,"oldskool,42",5,
ismikhoerunisya08,2022-01-15 11:44:05,"oldskool,43",5,
quiml7yci3,2022-01-17 22:14:38,"oldskool,40",5,
aura.khayla06,2022-01-19 18:28:23,"oldskool,39",1,
gungarya050,2022-01-16 13:50:52,"oldskool,41",4,
titasrimulyanii,2022-01-08 09:40:03,"oldskool,42",5,
mayora8585,2022-01-08 21:52:24,"oldskool,40",4,
ballball395,2022-01-14 17:58:17,"oldskool,42",5,
aminmustofa96,2022-01-07 16:33:34,"oldskool,40",5,
usytrid,2021-12-28 21:54:56,"oldskool,40",5,
noeghi,2022-01-11 21:50:23,"oldskool,43",5,
tyaaasssss.1304,2022-01-09 22:00:33,"oldskool,40",5,
alexhuda437,2022-01-13 18:48:59,"oldskool,41",3,
reno.tirm,2022-01-11 21:04:30,"oldskool,44",5,
fahrolrozi2605,2022-01-12 08:03:33,"oldskool,43",5,
al_hamsyah,2022-01-11 19:47:10,"oldskool,41",2,
decodastan,2022-01-09 17:06:36,"oldskool,39",5,
dz666,2022-01-03 11:58:06,"oldskool,39",5,
mohammad_tajul,2022-01-07 20:51:40,"oldskool,40",5,
pebrirismayanti121,2022-01-10 09:45:35,"oldskool,39",3,
ramadiofficial,2022-01-09 13:05:11,"oldskool,40",5,
tvjumt1z4k,2022-01-08 12:37:48,"oldskool,44",5,
dwyx5xi73h,2022-01-07 17:39:33,"oldskool,40",5,
altopi632,2022-01-03 14:26:36,"oldskool,40",5,
alfi_anur,2021-12-27 14:02:06,"oldskool,40",4,
anisridwan12,2021-12-27 18:13:58,"oldskool,43",3,
uc66up,2022-01-01 20:36:00,"oldskool,39",4,
afissyahrul234,2022-01-02 12:00:44,"oldskool,40",3,
_9m8p7tark,2022-01-03 22:27:45,"oldskool,40",5,
nurdinnur961,2022-01-02 11:20:49,"oldskool,40",5,
ftrsl,2021-12-31 06:58:08,"oldskool,40",5,
leylanediyanti,2021-12-29 07:00:01,"oldskool,43",5,
p*****t,2021-12-22 01:09:43,"oldskool,42",4,
fadhlan_istiyan,2022-01-01 17:12:06,"oldskool,41",3,
amaliaamalia793,2021-12-27 15:34:08,"oldskool,39",5,
naufalriskipratama13456,2021-12-25 15:14:36,"oldskool,39",4,
alfi_anur,2021-12-15 17:10:55,"oldskool,40",3,
ikipsj,2021-12-23 09:40:02,"oldskool,41",3,
1a6y5e0gx2,2021-12-22 12:39:19,"oldskool,39",5,
bannaufal,2021-12-20 11:39:06,"oldskool,43",3,
vivinsonia,2021-11-23 21:22:36,"oldskool,40",5,
vivinsonia,2021-11-23 21:22:27,"oldskool,41",5,
ninukasih,2021-11-22 20:56:19,"oldskool,40",5,
rodiyahh037,2021-12-20 19:57:32,"oldskool,41",5,
ahmaddaffafauzi_03,2021-12-19 17:36:17,"oldskool,42",5,
pas0019,2021-12-11 13:43:18,"oldskool,42",3,
nurulhasanahdayanasurbak,2021-12-11 21:11:13,"oldskool,42",5,
rivaldi725,2021-12-12 03:23:53,"oldskool,41",5,
martiniamat,2021-12-05 09:11:55,"oldskool,41",4,
arsyilawulan,2021-12-05 17:11:50,"oldskool,41",5,
tegarmp07,2021-12-12 03:47:19,"oldskool,39",5,
setiawan_j12,2021-12-02 00:42:03,"oldskool,42",5,
rudihartono0912,2021-12-08 16:53:08,"oldskool,42",5,
merlitayul2419,2021-12-06 10:41:54,"oldskool,40",5,
alan.1887,2021-11-27 09:34:05,"oldskool,39",5,
robialshah123,2021-12-09 11:13:17,"oldskool,42",5,
chigunchigun,2021-12-07 11:07:49,"oldskool,43",5,
slametboncel1982,2021-12-05 08:13:57,"oldskool,42",5,
xxx135,2021-11-25 17:10:11,"oldskool,43",5,
_aframufidah22,2021-11-10 16:10:31,"oldskool,40",5,
j*****3,2021-11-26 06:30:12,"oldskool,44",5,
wulananggraeni15,2021-11-20 23:29:57,"oldskool,42",4,
f*****i,2021-11-10 15:34:19,"oldskool,42",5,
f*****i,2021-11-10 15:34:10,"oldskool,42",5,
deniiiiixvfsxj,2021-11-20 15:47:59,"oldskool,43",5,
afindwiisnanto,2021-11-24 14:36:45,"oldskool,41",3,
alan.1887,2021-11-09 17:16:41,"oldskool,42",5,
p*****3,2021-10-29 11:04:34,"oldskool,40",5,
taufik914,2021-11-27 19:13:00,"oldskool,42",2,
nathaa250404,2021-11-25 22:17:21,"oldskool,43",4,
ariestydwi,2021-11-01 20:57:06,"oldskool,41",4,
restari47,2021-11-24 10:59:27,"oldskool,40",4,
92bg2a6t7k,2021-11-06 09:01:46,"oldskool,40",5,
kampungofficial,2021-11-21 17:14:26,"oldskool,40",3,
m*****i,2021-10-29 17:14:35,"oldskool,41",5,
syahfitrokkk2002,2021-11-23 19:41:21,"oldskool,42",4,
lendimilano09,2021-10-25 05:03:21,"oldskool,41",5,
williamgibethanandatambunan,2021-10-30 15:17:18,"oldskool,42",5,
anwaristafara,2021-11-11 05:55:23,"oldskool,42",5,
d*****9,2021-11-16 18:48:23,"oldskool,44",1,
zakiabdl,2021-11-05 14:54:37,"oldskool,40",5,
annasya_shop11,2021-10-20 11:07:38,"oldskool,42",5,
kjnjajanna,2021-11-13 01:56:44,"oldskool,41",2,
slimekinder,2021-11-05 11:47:09,"oldskool,40",5,
delaameliaamanda,2021-11-03 08:12:05,"oldskool,44",5,
ilhamikhlas,2021-10-21 23:06:33,"oldskool,42",2,
dayingfajar,2021-10-27 21:43:05,"oldskool,44",5,
8y7hverko4,2021-11-03 20:03:58,"oldskool,42",5,
binabay12,2021-11-03 13:38:55,"oldskool,39",5,
bundanaila87,2021-10-18 14:56:08,"oldskool,40",5,
s*****i,2021-10-28 12:42:34,"oldskool,42",5,
ex3wwoglla,2021-11-02 21:12:25,"oldskool,40",5,
dandiagill,2021-10-28 14:36:09,"oldskool,40",4,
is1u5df6ko,2021-11-01 17:20:22,"oldskool,40",5,
7qcoeeov_f,2021-10-30 07:13:26,"oldskool,40",5,
fizahtanti,2021-10-26 20:48:48,"oldskool,40",4,
taqiafatikha,2021-10-26 20:03:42,"oldskool,39",4,
anisssalunt,2021-10-17 11:56:03,"oldskool,41",3,
dimasriaky,2021-10-19 15:10:35,"oldskool,39",5,
achsan_04,2021-10-17 11:00:45,"oldskool,43",4,
alfin.a333,2021-08-31 10:07:13,"oldskool,44",5,
nurrfadilla01,2021-10-02 21:41:34,"oldskool,40",4,
a*****s,2021-07-17 19:23:52,"oldskool,39",5,
nabilayjh,2021-10-06 22:52:29,"oldskool,39",5,
rizkasyakbani,2021-08-08 14:56:33,"oldskool,40",5,
pratamaraizhal,2021-01-14 13:07:25,"oldskool,39",5,
wildanfirdaus42,2020-12-15 18:32:59,"oldskool,Kaos Kaki",5,
desmaakitawirantika,2021-10-11 15:19:34,"oldskool,39",5,
ferykurniawan21,2021-06-19 13:03:57,"oldskool,44",5,
keisharamdhani,2021-01-10 07:02:42,"oldskool,Kaos Kaki",5,
anasha9593,2021-03-29 23:31:35,"oldskool,39",4,
d3slit4,2021-01-23 10:36:14,"oldskool,40",3,
andi240304,2021-02-10 07:54:39,"oldskool,42",2,
e*****2,2021-09-19 19:24:47,"oldskool,42",5,
wawan2912,2021-09-17 19:26:45,"oldskool,44",4,
davidfirmansyah12,2021-03-22 08:15:21,"oldskool,42",5,
adrianohrt,2021-01-30 15:44:42,"oldskool,42",5,
swulaniskndr16,2020-12-26 08:57:52,"oldskool,40",5,
thoriqattaufik,2021-04-05 00:07:50,"oldskool,39",5,
nurulsyafitri312,2021-06-14 15:09:07,"oldskool,40",5,
ihsanfergiawan,2020-12-07 21:48:58,"oldskool,43",5,
rijal343,2021-06-11 18:31:47,"oldskool,42",5,
yohanesuntungfebrian,2021-03-03 13:33:44,"oldskool,40",3,
tarisitinjak,2021-04-24 22:26:56,"oldskool,41",5,
virasuproto,2021-01-01 14:34:01,"oldskool,41",3,
randyboy19,2020-12-09 23:54:02,"oldskool,41",5,
nengrosdiana15,2020-12-04 13:05:50,"oldskool,Kaos Kaki",5,
nicoandrian7121,2021-08-03 09:43:54,"oldskool,39",5,
aau123yakan,2021-06-18 13:26:44,"oldskool,39",5,
wartam26,2020-12-30 13:18:40,"oldskool,39",5,
ahmadgozali202,2021-01-24 15:04:32,"oldskool,42",3,
febriyanditya,2020-12-20 11:17:18,"oldskool,39",4,
riki1401,2020-12-07 07:00:18,"oldskool,42",5,
iagn9q5420,2021-05-25 17:53:38,"oldskool,44",4,
nangisro8,2021-01-20 10:51:33,"oldskool,42",4,
bangicangbaelah,2021-01-18 10:32:32,"oldskool,43",5,
dariw25,2021-01-16 05:04:10,"oldskool,42",5,
muhammadripandy4,2021-01-16 10:00:19,"oldskool,42",3,
abelll_11,2021-06-23 18:07:55,"oldskool,40",5,
jwahyudi.13,2021-07-21 09:04:23,"oldskool,43",5,
chandrasanjayacaca,2021-01-01 05:48:31,"oldskool,39",4,
lyhr2ea9fo,2021-04-13 09:25:12,"oldskool,44",5,
kang_gons,2021-03-21 14:09:27,"oldskool,39",5,
muhammadrafat,2021-06-29 10:35:11,"oldskool,41",3,
m15lnds_uxweizag6pt8cok_3ocl,2021-01-30 12:59:45,"oldskool,42",2,
novranandriansa30,2021-06-30 20:05:59,"oldskool,41",1,
effikrispin,2020-12-20 16:58:38,"oldskool,42",5,
jlt4vjx1wo,2020-12-26 11:55:35,"oldskool,40",4,
z*****i,2021-02-05 16:03:45,"oldskool,44",4,
y4jimkos2e,2020-12-20 23:10:38,"oldskool,44",5,
ikbalalqausar,2020-12-21 23:14:48,"oldskool,43",5,
56789.63829394737393030,2021-04-06 14:45:09,"oldskool,44",4,
ikurikur82,2021-06-14 15:53:44,"oldskool,42",3,
