username,date,variation,rating,comment
a*****4,2022-03-03 09:29:01,DLM004,4,"Terima kasih, barang sudah diterima.. Namun dalam kondisi terlipat dan maaf ternyata tipis, kurang sesuai dgn deskripsi (tebal 2mm dan berat 1 kg -> 5 lmbr)"
diana12astuti,2021-12-13 17:35:20,DLM014,5,"Harga:murce banget sesuai bahan yaa
Kualitas:lumayan bagus

Alhamdulilah meja komporku jadi kereeen😍🥰😘trimakasih KK semoga tokonya laris manis 😘syukaaaaa bangeeeet😍😍😍"
dedesulayman,2022-02-20 08:45:39,DLM010,5,"Harga:murahhhhh
Kualitas:sangat bagus

Pengiriman nya cepat,,barangnya bagus,,kwalitas barang ajibbbbb,,,jangan ragu beli di toko ini"
n*****1,2022-02-11 17:08:16,DLM004,5,"Kualitas:bagus
Harga:murah

kualitas produk sangat baik ! 😍👍🏻"
alghofari46,2022-01-27 18:26:08,DLM003,5,hgdhkfddfsafjvcbjjkkjkgffgbvcghjffjjhhjkgyuvgguhbgjhjvvbnnbvvhjbgghjhhh
ary.halik88,2021-12-01 09:42:11,DLM003,5,"Harga:TIDAK SESUAI KUALITAS
Kualitas:TIDAK SESUAI HARGA

Cepet mengelupas yaa sticker vinyl nya. Kecewa bgt baru brpa hari dipasang. Makanya sama gue akalin pake lakban hitam biar sambungannya ga mengelupas. Tau gini pake karpet meteran aja. Udah masang nya makan waktu pula kecewa dah pokonya karna MAHAL juga."
hadidewanto,2021-10-11 13:25:50,DLM011,5,"Pengiriman cepat,pengemasannya juga aman dan rapih,barang sesuai dengan pesanan,deskripsi dan gambar.
Respon sellernya cepat,baik,sopan.
Sukses terus untuk sellernya.
Terimakasih."
karyahagustine,2022-02-25 14:04:17,DLM010,5,
nadiaz_2000,2021-10-11 19:31:41,DLM010,5,
sutiabudi,2022-01-01 10:44:55,DLM008,5,"Harga:terjangkau
Kualitas:lumayan bagus, sesuailah dengan harganya."
karyla_ghaisani,2022-02-28 11:49:02,DLM010,5,"Kualitas:bagus
Harga:murah

Alhamdulillah sdh terpasang capek sih masangnya.. tapi puaysama hasilnya bagus bagus bagus ! Terimakasih"
v*****1,2022-02-02 04:18:30,DLM010,5,"Harga:terjangkau
Kualitas:cukup baik

Harga terjangkau tetapi kualitas cukup baik"
surya_jaya_sc,2022-02-11 15:38:56,DLM011,4,"Kualitas:sangat bagus
Harga:lumyan murah si harganya

Untuk busanya sesuai yang di inginkan 
Terasa keras saat di pegang namun terasa empuk ketika di pakai tidur

Awalnya saat dibuka terlihat tipis emang karna di vakum tapi setelah 24jam bener asli ketebalanya mengembang"
wahyuningastuti,2022-03-06 15:19:11,DLM005,5,Paket udah ditrima...bagus walaupun agak tipis hrs ht2 karna gampang sobek
336657afza,2022-03-03 17:01:49,DLM010,5,"Kualitas:kurang nempel
Harga:mahal

Laris manis jualannya gan..."
ahmad46sobirin,2022-03-07 22:42:42,DLM005,4,"Kualitas:lumayan

tlong pinggir nya di kasih apa biar gak lecet( pengemasanya )"
dianaf4,2021-11-28 18:47:21,DLM005,3,"Kualitas:tipis melengkung

Bahannya kaya bukan vinyl,bikin kapok"
uyyaaa,2021-11-29 15:20:03,DLM005,5,Dikirain dari kayu ternyata semacam gabus hehe. Tp oke ko cuma ada 2 pcs yg ketilep dikit. Dan di bonusin 3pcs
u*****h,2021-12-09 15:44:24,DLM005,1,"Harga:mahal
Kualitas:jelek

Kualitas jelek sekali di deskripsi katanya 1kg bisa 5 tapi ini sebenernya sama kaya yg lain 1kg bisa 12"
dvrtsrc4h4,2021-11-04 12:58:39,DLM010,5,"Harga:lumayan
Kualitas:belum d coba

Packing rapi dan aman"
erodi,2022-02-20 10:45:58,DLM003,5,"Kualitas:barang bagus sesuai pesanan
Harga:terjangkau

pengiriman cepat dan memuaskan"
n*****n,2022-02-21 13:16:30,DLM010,5,"Kualitas:Good
Harga:Standart

Terimakasih barang sudah saya terima.. kualitas bagus desain dan warna juga sesuai dengan gambar."
rafifmulya80,2022-01-18 18:00:50,DLM008,5,"Harga:sangat3x murah ...
Kualitas:sangat...sangat okay..,

Pengirman sangat cepat...kurir sangat ramah...mantulll..."
r*****n,2022-01-26 11:54:24,DLM010,5,Kualitas:mantap🤙
a*****1,2022-03-11 22:20:39,DLM003,5,"Kualitas:bagus
Harga:bagus

barqng yang dikirim sesuai pesanan, jumlah lengkap. pengiriman cepat. seller responsif"
f*****_,2022-03-07 23:14:34,DLM010,5,"Kualitas:bagus
Harga:pas

Bagus banget bahannya bagus ternyata krlrbihan beliny"
kaniarifat,2022-03-04 10:40:48,DLM005,5,
arstore.16,2022-03-14 22:06:37,DLM010,5,
n*****h,2022-03-11 19:48:59,DLM010,5,
y*****0,2022-03-02 15:40:57,DLM011,5,"Kualitas:lumayan tebal
Harga:boleh"
eka__permana,2022-02-19 16:22:01,DLM003,5,mantaab
putra_lesmana_teguh,2022-02-27 16:20:15,DLM005,5,"Kualitas:sangat baik

Keren banget"
yasindi20,2022-01-25 19:29:12,DLM003,5,"bagus banget, bukan maen."
artadevstore,2022-01-26 00:24:33,DLM005,2,"Kualitas:ok
Harga:ok

Pesan DLM005 yang dikirim DLM 003 aga kecewa karena buat apa ada pilihan varian kalo gak sesuai👎"
elisabeth_aprilia,2022-01-26 20:48:28,DLM014,5,"Harga:terjangkau
Kualitas:bagus

Aku kira jelek tapi ternyata lumayan bagus dan pemasangannya gampang"
hariadisurahman,2022-01-23 21:05:33,DLM004,5,"Pengirimina cepat kemasan rapih,  mantap"
zahran3030,2022-01-16 21:43:21,DLM003,4,"Kualitas:standar
Harga:standar

Bagus tp g tau tahan brp lm semoga ga cepat kelupas krn ini tipis 🙏🏻"
j*****s,2022-01-16 23:03:58,DLM014,5,"Kualitas:kualitas baik..lebih tebal dari vynil gulungam. respon penjual bagus.pengirimannya juga cepet..
Harga:lumayan.murah"
kemalawardhana,2021-11-23 16:10:57,DLM003,5,Baguuus
hadidewanto,2021-09-25 20:43:48,DLM011,5,"Pengiriman cepat,pengemasannya juga aman dan rapih,barang sesuai dengan pesanan,deskripsi dan gambar.
Respon sellernya cepat,baik,sopan.
Sukses terus untuk sellernya.
Terimakasih."
nabila.afi,2021-12-15 10:48:21,DLM005,4,Kualitas produk baik tapi vinyl nya kurang nempel di lantai
adhe__11,2022-03-12 02:52:24,DLM010,5,"Kualitas:Good
Harga:murah

Produk bagus, cuma ada kendala di pengiriman, barang sampe 1 Minggu, padahal sama sama Jakarta, tapi it's okay lah, maklum belinya pas lagi 3.3, mungkin pengiriman membludak, thanks seller and kurirnya :)"
tsamaaniya.skincare.store,2022-03-06 17:33:14,DLM010,5,"Kualitas:bagus
Harga:lumayan

Paket sampai dengan aman dan lengkap

Next order lagi.."
catbabymj,2022-03-15 00:16:37,DLM014,3,"Kualitas:biasa

Maaf saya pesen 18 tapi dikirimnya cuma 16. Sudah di chat tapi tidak ada respon:)"
l*****h,2022-03-02 13:56:39,DLM003,3,Tipis bgt kirain tebel gk sampe 2mm ini seh tebelnya kecewa berat dah beli banyak
vellaputri01,2022-03-05 11:12:32,DLM003,1,Beli kok ngga dikirim udah gitu ngga ada respon penjual
irwankusuma,2022-01-29 14:13:17,DLM014,5,"Kualitas:Bagus
Harga:lumayan

Sudah diterima dan semoga bisa bermanfaat dan tahan lama"
dimasdwiprasetyo07,2022-01-24 17:09:17,DLM005,3,Kualitas:lumayan untuk harganya tergolong murah. Tapi untuk sticker nya kurang nempel di lantai
inna_erisya,2021-12-28 17:16:05,DLM008,5,"Kualitas:bagus
Harga:lumayan

Paket sudah dtng dari kmrn cmn baru sempet kasih nilai. Barangnya bagus bnget. Packingnya juga rapih. The best bnget pokoknya. Makasih seller dan shopee ☺️"
bellaisyu,2021-12-17 09:27:48,DLM014,3,"Kualitas:c
Harga:baik

Cacat ujungnya 2 tp msh dikirim aja :( sadness"
q1h2g926mp,2021-12-22 11:45:06,DLM004,5,"Kualitas:Sy pesan hitam, tapi yg datang agak cokelat gelap, tapi bagus banget dah sy suka"
maharani_bajuindia,2021-12-01 09:39:05,DLM008,1,"Harga: biasa saja
Kualitas: biasa saja

Ini penjual bener2 parah,saya beli 20produk.dia kirim 17 produk,sudah dicomplain diinbox tidak direspon smpk skrg,dtlp ga angkt. Menipu jumlah. Penjual penipu ini.lain x jaga kualitas pelayanan.ga berkah usahamu mnipu org.ga beres kau!!!!makan duit haram"
dvrtsrc4h4,2021-12-02 07:54:28,DLM010,2,"Harga:lumayan
Kualitas:kurang

Waktu pertama beli warnax bagus dan mengkilap tapi semakin sering pesan kok warnanya kelihatan kusam"
vi04na,2021-12-09 11:23:45,DLM003,1,"Harga:lumayan murah
Kualitas:h

tipis dan kayak karpet plastik biasa..hanya pake bantalan tipis dan gampang terlipat"
a12v4171,2021-11-12 18:15:24,DLM005,5,"Mantap jumlahnya pas 132 barang dikirim tanpa rusak aman sampai dengan selamat, pelayanan bagus, semoga tetap di pertahankan,  next order lagi"
rickystepen,2021-08-24 22:19:53,DLM008,1,"Harga:standart
Kualitas:standart

Beli 6 dikirim 4"
ruddyiphone5,2022-03-11 20:27:42,DLM014,3,Kualitas:kualitas oke aja...
wahyuningastuti,2022-02-27 14:20:48,DLM005,4,"Kualitas:smg bagus blm dibuka
Harga:terjangkau"
wiwi30ismail,2022-03-09 22:11:02,DLM011,5,🅑🅐🅖🅤🅢
sahabat_bidan20,2022-03-02 22:07:09,DLM011,5,
wahyuputra78,2022-02-25 20:54:14,DLM011,4,Lumayan lah
d*****o,2022-03-10 19:34:47,DLM005,1,"Mesen nya yg warna coklat malah Dateng yg abu2 
Jancok"
arninurhasanah,2022-02-23 19:14:46,DLM010,5,"Kualitas:good
Harga:lumayan"
sartika.ratnasari,2022-02-12 10:58:02,DLM014,4,Aga beda warna nya sama orderan pertama
f*****m,2022-02-24 14:46:11,DLM005,5,"Kualitas:good
Harga:good"
langwnrff13,2022-02-21 10:23:58,DLM010,5,"Kualitas:bagus
Harga:terjangkau

mantapp"
gso9shcl5f,2022-02-25 11:52:46,DLM010,5,"Kualitas:baik
Harga:murah"
ilhamfadhillahramadhan,2022-02-10 19:18:07,DLM005,5,"Kualitas:sangat baik
Harga:terjangkau"
dhanaryodya,2022-02-02 22:01:03,DLM011,2,Kualitas:ya ada harga ada barang ya
rafadzak,2022-01-25 21:21:43,DLM011,5,Ajisisusisiisisiduxixixuuxuxixixixixixixixixiiiiii
sutiabudi,2022-01-01 11:12:56,DLM003,5,
puwaroh11k,2021-12-13 21:17:04,DLM005,5,"Harga:terjangkau
Kualitas:tipis"
dvrtsrc4h4,2021-11-17 23:14:25,DLM010,4,"Harga:lumayan
Kualitas:lumayan"
viaa2,2021-11-30 10:11:59,DLM011,5,Bagus real pict
lindaling33,2021-11-20 21:57:16,DLM014,5,Bagus banget...realpic makasih seller
m*****a,2021-11-23 19:16:49,DLM011,5,"Kualitas:baik
Harga:baik

Terima ksih😊😊😊😊😊😊😊😊😊😊😊😊😊😊😊😊😊😊😊😊😊😊😊😊😊😊😊😊😊😊😊😊😊😊😊😊😊😊😊😊😊😊😊😊😊😊😊😊😊😊😊😊"
y*****0,2021-11-29 12:13:10,DLM014,5,"Harga:lumayan
Kualitas:bagus"
f*****t,2021-09-01 08:53:01,DLM008,5,Motifnya bagus lumayan tebal jg dan g licin
e*****a,2021-08-12 21:49:31,DLM011,2,Kualitas: ga nyangka jelek bgt. 
dronaldo,2021-08-05 18:47:14,DLM005,5,Harga:ok
j.s.d.99,2022-03-04 20:19:49,DLM011,5,
sigits47rio,2022-02-28 05:23:34,DLM003,5,
a*****i,2022-03-10 07:21:51,DLM011,5,
fuzi0628,2022-03-07 22:16:59,DLM005,5,
belitong1992,2022-03-05 14:39:05,DLM003,4,
belitong1992,2022-03-04 18:30:39,DLM010,4,
arninurhasanah,2022-03-05 12:42:40,DLM010,5,
sundari2010,2022-02-27 21:17:13,DLM010,5,
sundari2010,2022-02-27 21:17:31,DLM010,5,
j.s.d.99,2022-03-03 17:24:59,DLM011,5,
indah_gesa,2022-02-28 19:23:57,DLM005,5,
indah_gesa,2022-02-28 19:23:38,DLM005,5,
lusyandriani86,2022-03-03 22:35:36,DLM004,5,
teteh_rika90,2022-03-13 22:12:45,DLM005,5,
harrydimas62,2022-03-08 22:14:06,DLM004,5,
rianpusina01,2022-03-09 09:07:45,DLM005,5,
fuzi0628,2022-03-14 09:57:07,DLM005,5,
chikaltampan,2022-03-02 07:31:12,DLM014,5,
d*****s,2022-03-11 09:37:19,DLM005,4,
colourstore.tb,2022-03-07 13:10:16,DLM005,5,
muhai.mukhtar,2022-03-09 15:21:46,DLM005,5,
sallmastore,2022-03-06 19:48:54,DLM005,5,
rafiiandra03,2022-03-08 19:35:24,DLM014,5,
naninurwendah,2022-03-08 15:04:22,DLM011,5,
v*****n,2022-03-08 22:49:53,DLM008,5,
inunk15,2022-03-03 17:37:44,DLM014,5,
naturalpermatauna,2022-03-11 21:39:30,DLM008,5,
s*****i,2022-03-10 10:05:10,DLM005,5,
alfabontotmasihrocknroll,2022-03-13 22:08:30,DLM005,5,
naturalpermatauna,2022-03-14 10:36:52,DLM008,5,
naturalpermatauna,2022-03-14 10:37:12,DLM008,5,
naturalpermatauna,2022-03-14 15:29:42,DLM008,5,
v*****y,2022-03-12 11:31:08,DLM008,5,
sahabat_bidan20,2022-03-07 21:53:25,DLM011,5,
gamomi,2022-03-14 11:39:48,DLM010,5,
m*****a,2022-03-04 13:08:22,DLM004,5,
ms.ulfah,2022-03-11 17:29:19,DLM003,4,
ejabydhowie,2022-03-07 05:39:57,DLM005,5,
dk5ro1obbs,2022-03-08 00:02:47,DLM014,5,
ratihranty28,2022-03-06 19:30:54,DLM010,5,
yogapratama779,2022-03-08 17:40:08,DLM011,5,
vecelukito,2022-03-14 17:53:34,DLM010,5,
karyahagustine,2022-02-19 23:05:58,DLM010,5,
user88966675647,2022-03-02 15:33:47,DLM004,5,
14adelyaaa,2022-02-20 22:44:44,DLM011,5,
nilatulamiroh,2022-03-02 18:29:21,DLM003,5,
bedulrzk11,2022-03-12 02:23:15,DLM004,5,
andrianeetata,2022-03-04 18:09:07,DLM003,5,
saprulanam1,2022-03-09 21:00:46,DLM008,5,
151sudir,2022-03-02 03:12:51,DLM011,5,
anggay737,2022-03-12 11:57:05,DLM004,5,
jg2csypiwq,2022-03-09 20:48:15,DLM010,5,
tobiinsaputra99,2022-03-11 16:58:41,DLM010,5,
libertathriftshop,2022-03-01 15:25:55,DLM003,5,
vegahadath,2022-03-01 19:26:22,DLM011,4,
in..in..,2022-03-10 13:39:53,DLM003,5,
phoetraandycha,2022-03-08 16:12:18,DLM011,5,
wahyuputra78,2022-02-28 11:53:17,DLM011,4,
riskikasiani27,2022-03-06 11:38:43,DLM005,4,
adhy_paramesty,2022-03-06 01:19:44,DLM010,4,
imoasta,2022-03-05 12:23:13,DLM003,5,
ranggaramadhan0606,2022-02-26 19:14:58,DLM003,5,
akuucha,2022-03-03 11:19:29,DLM005,5,
wiwi30ismail,2022-03-11 13:00:00,DLM011,5,
indramurdianto1968,2022-02-23 19:23:32,DLM014,5,
evisusanti382,2022-03-11 15:06:43,DLM010,4,
anggay737,2022-03-05 16:21:07,DLM004,5,
ntievie,2022-03-02 12:14:16,DLM010,5,
muhammadraflyheriawanputra,2022-03-12 20:57:08,DLM011,5,
dila_wiandi,2022-03-06 01:35:52,DLM005,5,
akuucha,2022-03-02 15:51:43,DLM005,5,
tugiyatgiyat,2022-03-14 17:37:24,DLM014,5,
mamaoby,2022-03-03 11:38:54,DLM005,5,
fiqriakkw,2022-02-28 17:24:41,DLM014,5,
giepw0267,2022-03-12 01:12:04,DLM011,5,
abednego190990,2022-03-04 10:44:30,DLM003,5,
ronides,2022-03-14 21:05:08,DLM014,3,
ronides,2022-03-14 21:05:16,DLM014,3,
hjc2n3csy5,2022-03-02 12:23:29,DLM014,5,
ahmaddwiaji26,2022-03-14 13:14:06,DLM003,5,
rawing20,2022-03-13 22:18:40,DLM011,5,
enisuryani902,2022-03-02 21:32:46,DLM010,5,
irnapurba91,2022-03-08 08:11:00,DLM005,5,
bgsdilham99,2022-03-05 06:24:54,DLM003,5,
1*****i,2022-03-11 03:30:03,DLM005,5,
jg2csypiwq,2022-03-06 18:54:00,DLM010,5,
libertathriftshop,2022-02-26 07:13:40,DLM003,5,
dk5ro1obbs,2022-03-04 18:13:39,DLM014,5,
5p6qt6h3_u,2022-03-07 01:39:58,DLM011,3,
sigits47rio,2022-02-20 09:30:35,DLM003,5,
jordy_vs,2022-03-01 21:17:58,DLM005,5,
chikaltampan,2022-02-24 16:54:17,DLM014,5,
nuelchris,2022-03-03 12:45:51,DLM004,2,
abilpacarjeno,2022-03-08 14:09:53,DLM005,5,
blackbombertone,2022-03-03 21:18:05,DLM004,5,
kholidjamaluddin,2022-03-04 17:42:36,DLM005,5,
murnimaman344,2022-03-10 20:29:16,DLM004,5,
valentinorizkystiawan,2022-03-11 09:04:06,DLM005,5,
bagus_760,2022-03-12 21:15:26,DLM011,5,
jeje_dastermdn,2022-03-12 12:59:06,DLM010,5,
bagus_760,2022-03-12 21:15:26,DLM011,5,
murnimaman344,2022-03-10 20:29:16,DLM004,5,
ywangzzun,2022-03-14 19:47:37,DLM004,5,
setiasetriany,2022-03-07 18:34:53,DLM005,5,
ry5i0bppzs,2022-03-03 12:37:05,DLM014,4,
iqbalnazarudin77,2022-03-05 23:36:10,DLM014,4,
agengiki11,2022-03-10 10:45:36,DLM004,4,
tobiinsaputra99,2022-03-07 16:10:35,DLM010,5,
evisusanti382,2022-03-07 20:30:39,DLM010,4,
123456789vera,2022-02-19 02:08:27,DLM005,5,
yogiyogi278,2022-03-01 15:45:27,DLM004,5,
bintangpalguna,2022-02-26 10:20:19,DLM010,5,
denyherianto68,2022-02-25 02:06:18,DLM011,5,
sartika.ratnasari,2022-02-12 10:57:25,DLM011,5,
a*****i,2022-02-28 14:16:52,DLM011,5,
lylynelly,2022-02-20 11:35:10,DLM011,5,
mohamadalgifarie,2022-02-25 23:38:32,DLM003,5,
rawing20,2022-03-01 15:59:13,DLM011,5,
m*****2,2022-02-21 15:51:26,DLM004,4,
ipunk_ahmad86,2022-02-20 04:59:02,DLM014,5,
hjc2n3csy5,2022-02-21 08:25:01,DLM014,5,
riusfandela,2022-02-23 09:04:54,DLM008,5,
dekbagass,2022-02-26 11:14:14,DLM004,5,
x*****n,2022-02-25 03:58:45,DLM010,5,
vitomodric,2022-02-23 19:02:50,DLM014,4,
hlg1nufsmyugw4gz9s1m4rrr38_0,2022-02-21 11:29:37,DLM005,5,
risqiramadhani_.2020,2022-02-22 09:46:31,DLM010,5,
aripiyok,2022-02-21 16:57:03,DLM004,5,
f1lateli,2022-02-17 04:40:03,DLM014,5,
krhoys3zm8,2022-02-24 15:25:11,DLM003,5,
msglow_kampar,2022-02-24 14:31:19,DLM011,5,
182968ds,2022-02-16 16:18:46,DLM003,3,
ramadhansobur714,2022-02-24 18:03:10,DLM005,1,
septianyuri,2022-02-13 10:01:58,DLM004,5,
arie_s83,2022-02-13 19:05:18,DLM010,5,
wahyueloc,2022-02-22 10:58:38,DLM011,3,
iamhavooc,2022-02-21 14:29:50,DLM003,3,
andika2012,2022-02-12 23:06:23,DLM004,5,
rizalpaullgunawan,2022-02-07 19:21:30,DLM010,5,
j320pwx_tm,2022-02-19 12:33:20,DLM014,5,
gha_ananta,2022-02-13 19:27:04,DLM010,5,
setiasetriany,2022-02-20 17:32:03,DLM005,5,
esterwijayanti,2022-02-10 20:33:47,DLM004,5,
alikanaylaputri123456,2022-02-09 21:06:13,DLM014,5,
fera.fhabibah,2022-02-04 00:27:36,DLM005,5,
f1lateli,2022-02-08 04:14:51,DLM014,5,
lukmanexlsv,2022-02-14 19:51:59,DLM010,4,
adjimaulanaa,2022-02-08 09:16:39,DLM003,5,
dedi_rohman83,2022-02-12 10:46:53,DLM014,5,
m*****8,2022-01-28 09:28:12,DLM004,4,
shal.dnt31,2022-02-13 11:52:31,DLM011,5,
blackmilklab,2022-02-04 12:04:49,DLM014,5,
sae_rk,2022-01-30 18:39:25,DLM005,5,
stevstilz,2022-01-29 19:16:48,DLM005,5,
lucintiya_123,2022-01-26 14:03:03,DLM004,5,
lestari8888,2022-01-31 18:09:37,DLM010,5,
yani55551,2022-01-29 07:54:30,DLM005,5,
yusnia5877,2022-02-02 11:12:31,DLM014,5,
atiqainjela7878,2022-02-02 12:18:15,DLM014,5,
m*****8,2022-01-20 07:42:18,DLM011,5,
lucintiya_123,2022-01-22 17:30:39,DLM004,5,
rajasanegara277,2022-01-26 20:19:54,DLM010,5,
yeip89ovgz,2022-01-27 21:26:13,DLM011,5,
ayagrelia,2022-01-31 18:50:17,DLM008,5,
dimasoptical,2022-01-29 16:45:01,DLM003,5,
kurniati1978,2022-01-20 07:19:04,DLM005,5,
apri.sonata,2022-01-25 10:35:29,DLM005,5,
jwu97as0yf,2022-01-23 15:01:29,DLM004,5,
homesepatu87,2022-01-17 05:28:17,DLM004,5,
gusnanilam,2022-01-13 13:45:43,DLM003,5,
harsini123_,2022-01-23 23:22:06,DLM014,3,
renametha762,2022-01-21 10:10:32,DLM011,3,
atika3456,2022-01-19 12:43:15,DLM014,5,
muhammad_bondan,2022-01-12 09:18:13,DLM014,5,
yusnia5877,2022-01-07 18:51:05,DLM014,5,
hellenantoniua,2022-01-08 08:30:02,DLM004,5,
andimuhammadridha0,2022-01-01 15:32:30,DLM004,5,
vinailsstore,2022-01-05 14:38:46,DLM008,5,
rizkyagustian89,2021-12-31 21:05:10,DLM008,5,
s*****5,2021-12-19 20:59:46,DLM003,5,
mpien610,2021-12-29 18:24:02,DLM003,5,
rn7759,2021-12-27 19:44:46,DLM014,5,
febricaiga,2021-12-27 14:48:28,DLM003,5,
dzikri.26,2021-12-19 17:17:21,DLM008,5,
febricaiga,2021-12-23 09:34:18,DLM003,5,
aisyahalfizzi,2021-12-19 22:20:56,DLM008,5,
hanahanivah,2021-12-14 02:58:11,DLM008,5,
sylviacerinnur,2021-12-21 00:32:37,DLM008,4,
nurhayatizakaria09,2021-12-23 11:41:00,DLM008,5,
yhofq9226r,2021-12-18 18:00:02,DLM008,3,
suci3012,2021-12-12 02:03:54,DLM008,5,
0n5oum4ewf,2021-12-17 11:20:34,DLM003,5,
andimuhammadridha0,2021-12-04 00:02:04,DLM004,5,
2400jovi,2021-11-30 21:48:45,DLM010,5,
zsg8nsz3fz,2021-11-30 18:23:20,DLM008,5,
zsg8nsz3fz,2021-11-30 14:05:33,DLM011,5,
khaerulumamaxl,2021-11-25 22:58:34,DLM014,5,
enisafaramitha9596,2021-11-23 17:21:51,DLM011,5,
yudhaandana,2021-11-19 18:53:42,DLM010,5,
deuis667,2021-11-20 23:57:06,DLM003,5,
yayatsyarif17,2021-11-22 15:22:55,DLM014,4,
putrinurazizah.17,2021-11-27 15:45:32,DLM011,5,
yayatsyarif17,2021-11-15 00:26:17,DLM014,4,
dedysupriadi121091,2021-11-15 14:06:59,DLM005,5,
deviwulandari103,2021-11-16 15:02:34,DLM010,5,
gerginaaa,2021-11-10 16:39:45,DLM011,4,
ninachritianjeriko,2021-11-05 15:50:43,DLM005,5,
putratanisrg,2021-09-16 20:43:52,DLM003,5,
putratanisrg,2021-09-13 23:18:47,DLM003,5,
rastary,2021-08-29 15:29:08,DLM003,5,
rastary,2021-08-23 14:07:23,DLM003,5,
b*****9,2021-08-23 17:26:52,DLM005,5,
zakiadni,2021-09-05 14:05:04,DLM005,5,
cenigansari1415sesetan,2021-09-18 22:12:06,DLM003,5,
ahmadsofyan25,2021-10-18 20:01:48,DLM010,3,
e*****y,2021-07-30 19:16:38,DLM014,5,
maria_rahayu,2021-09-04 05:37:42,DLM005,5,
amilia_hafshoh,2021-09-15 18:18:06,DLM011,5,
ahmadthifalhabiburrahman,2021-09-14 14:25:42,DLM011,4,
wulansulastri40,2021-09-02 22:42:12,DLM011,5,
zidaneandikap,2021-08-16 23:10:54,DLM005,5,
